worker_id,worker_name,site_name,project_id,days_scheduled,days_present,days_absent,days_late,days_on_time,late_rate_pct,attendance_pct,avg_punch_in,reliability_label
1,Rajesh Yadav,Greater Noida Depot,2,42,33,9,11,22,33.3,78.6,09:17,Often Late
2,Amit Kumar,Greater Noida Depot,2,39,33,6,5,28,15.2,84.6,08:57,Mostly On-Time
3,Suresh Ali,Greater Noida Depot,2,38,32,6,9,23,28.1,84.2,09:08,Often Late
4,Vikram Jha,Greater Noida Depot,2,40,32,8,7,25,21.9,80.0,09:00,Often Late
5,Ramesh Nair,Greater Noida Depot,2,40,33,7,11,22,33.3,82.5,09:12,Often Late
6,Deepak Shah,Greater Noida Depot,2,40,28,12,7,21,25.0,70.0,09:05,Often Late
7,Anil Sharma,Greater Noida Depot,2,45,39,6,20,19,51.3,86.7,09:15,Habitual Late
8,Sanjay Verma,Greater Noida Depot,2,41,36,5,15,21,41.7,87.8,09:15,Habitual Late
9,Manoj Patel,Greater Noida Depot,2,33,27,6,17,10,63.0,81.8,09:31,Habitual Late
10,Pradeep Chauhan,Greater Noida Depot,2,32,27,5,4,23,14.8,84.4,09:03,Mostly On-Time
11,Ravi Pandey,Greater Noida Depot,2,44,38,6,6,32,15.8,86.4,09:03,Mostly On-Time
12,Kumar Joshi,Greater Noida Depot,2,44,38,6,11,27,28.9,86.4,09:09,Often Late
13,Sunil Malik,Greater Noida Depot,2,45,41,4,9,32,22.0,91.1,09:08,Often Late
14,Ajay Singh,Greater Noida Depot,2,40,32,8,7,25,21.9,80.0,09:14,Often Late
15,Vijay Gupta,Greater Noida Depot,2,41,36,5,12,24,33.3,87.8,09:12,Often Late
16,Rohit Khan,Greater Noida Depot,2,42,36,6,13,23,36.1,85.7,09:14,Often Late
17,Naveen Mishra,Greater Noida Depot,2,38,29,9,12,17,41.4,76.3,09:18,Habitual Late
18,Ashok Reddy,Greater Noida Depot,2,41,34,7,13,21,38.2,82.9,09:11,Often Late
19,Mukesh Mehta,Greater Noida Depot,2,41,31,10,13,18,41.9,75.6,09:13,Habitual Late
20,Dinesh Thakur,Greater Noida Depot,2,45,35,10,6,29,17.1,77.8,09:00,Mostly On-Time
21,Pankaj Yadav,Greater Noida Depot,2,50,39,11,11,28,28.2,78.0,09:09,Often Late
22,Sandeep Kumar,Greater Noida Depot,2,35,29,6,2,27,6.9,82.9,08:59,Mostly On-Time
23,Yogesh Ali,Greater Noida Depot,2,37,33,4,8,25,24.2,89.2,09:08,Often Late
24,Mahesh Jha,Greater Noida Depot,2,40,36,4,12,24,33.3,90.0,09:13,Often Late
25,Naresh Nair,Greater Noida Depot,2,43,31,12,10,21,32.3,72.1,09:12,Often Late
26,Gopal Shah,Greater Noida Depot,2,36,34,2,13,21,38.2,94.4,09:18,Often Late
27,Hari Sharma,Greater Noida Depot,2,45,38,7,18,20,47.4,84.4,09:19,Habitual Late
28,Imran Verma,Greater Noida Depot,2,42,36,6,12,24,33.3,85.7,09:13,Often Late
29,Farhan Patel,Greater Noida Depot,2,37,33,4,16,17,48.5,89.2,09:24,Habitual Late
30,Salim Chauhan,Greater Noida Depot,2,45,38,7,6,32,15.8,84.4,09:01,Mostly On-Time
31,Arun Pandey,Greater Noida Depot,2,39,29,10,5,24,17.2,74.4,09:09,Mostly On-Time
32,Kiran Joshi,Greater Noida Depot,2,39,35,4,10,25,28.6,89.7,09:06,Often Late
33,Prakash Malik,Greater Noida Depot,2,37,27,10,6,21,22.2,73.0,09:02,Often Late
34,Bharat Singh,Greater Noida Depot,2,47,39,8,10,29,25.6,83.0,09:04,Often Late
35,Gaurav Gupta,Greater Noida Depot,2,51,45,6,11,34,24.4,88.2,09:09,Often Late
36,Nikhil Khan,Greater Noida Depot,2,39,32,7,7,25,21.9,82.1,09:07,Often Late
37,Varun Mishra,Greater Noida Depot,2,44,37,7,13,24,35.1,84.1,09:10,Often Late
38,Saurabh Reddy,Greater Noida Depot,2,36,30,6,13,17,43.3,83.3,09:18,Habitual Late
39,Abhishek Mehta,Greater Noida Depot,2,40,34,6,18,16,52.9,85.0,09:23,Habitual Late
40,Rahul Thakur,Greater Noida Depot,2,44,36,8,5,31,13.9,81.8,09:04,Mostly On-Time
41,Rajesh Kumar40,Greater Noida Depot,2,47,43,4,10,33,23.3,91.5,09:07,Often Late
42,Amit Patel41,Greater Noida Depot,2,43,37,6,7,30,18.9,86.0,09:04,Mostly On-Time
43,Suresh Khan42,Greater Noida Depot,2,42,32,10,10,22,31.2,76.2,09:14,Often Late
44,Vikram Ali43,Greater Noida Depot,2,43,35,8,13,22,37.1,81.4,09:14,Often Late
45,Ramesh Chauhan44,Greater Noida Depot,2,38,29,9,9,20,31.0,76.3,09:16,Often Late
46,Deepak Mishra45,Greater Noida Depot,2,34,30,4,9,21,30.0,88.2,09:03,Often Late
47,Anil Jha46,Greater Noida Depot,2,38,33,5,13,20,39.4,86.8,09:15,Often Late
48,Sanjay Pandey47,Greater Noida Depot,2,34,23,11,9,14,39.1,67.6,09:10,Often Late
49,Manoj Reddy48,Greater Noida Depot,2,44,37,7,19,18,51.4,84.1,09:22,Habitual Late
50,Pradeep Nair49,Greater Noida Depot,2,34,28,6,3,25,10.7,82.4,08:56,Mostly On-Time
51,Ravi Joshi50,Greater Noida Depot,2,47,41,6,5,36,12.2,87.2,08:55,Mostly On-Time
52,Kumar Mehta51,Greater Noida Depot,2,44,38,6,6,32,15.8,86.4,08:58,Mostly On-Time
53,Sunil Shah52,Greater Noida Depot,2,46,36,10,13,23,36.1,78.3,09:08,Often Late
54,Ajay Malik53,Greater Noida Depot,2,38,36,2,10,26,27.8,94.7,09:14,Often Late
55,Vijay Thakur54,Greater Noida Depot,2,48,40,8,11,29,27.5,83.3,09:08,Often Late
56,Rohit Sharma55,Greater Noida Depot,2,49,38,11,11,27,28.9,77.6,09:11,Often Late
57,Naveen Singh56,Greater Noida Depot,2,47,39,8,13,26,33.3,83.0,09:13,Often Late
58,Ashok Yadav57,Greater Noida Depot,2,43,38,5,19,19,50.0,88.4,09:22,Habitual Late
59,Mukesh Verma58,Greater Noida Depot,2,41,36,5,15,21,41.7,87.8,09:20,Habitual Late
60,Dinesh Gupta59,Greater Noida Depot,2,44,34,10,4,30,11.8,77.3,08:57,Mostly On-Time
61,Rajesh Patel,Greater Noida Depot,6,54,49,5,13,36,26.5,90.7,09:11,Often Late
62,Amit Chauhan,Greater Noida Depot,6,56,49,7,7,42,14.3,87.5,08:59,Mostly On-Time
63,Suresh Pandey,Greater Noida Depot,6,45,39,6,10,29,25.6,86.7,09:07,Often Late
64,Vikram Joshi,Greater Noida Depot,6,58,53,5,11,42,20.8,91.4,09:02,Often Late
65,Ramesh Malik,Greater Noida Depot,6,49,45,4,14,31,31.1,91.8,09:09,Often Late
66,Deepak Singh,Greater Noida Depot,6,49,48,1,13,35,27.1,98.0,09:06,Often Late
67,Anil Gupta,Greater Noida Depot,6,54,49,5,25,24,51.0,90.7,09:16,Habitual Late
68,Sanjay Khan,Greater Noida Depot,6,52,49,3,20,29,40.8,94.2,09:17,Habitual Late
69,Manoj Mishra,Greater Noida Depot,6,45,42,3,22,20,52.4,93.3,09:26,Habitual Late
70,Pradeep Reddy,Greater Noida Depot,6,46,41,5,6,35,14.6,89.1,09:01,Mostly On-Time
71,Ravi Mehta,Greater Noida Depot,6,60,54,6,8,46,14.8,90.0,09:01,Mostly On-Time
72,Kumar Thakur,Greater Noida Depot,6,58,51,7,12,39,23.5,87.9,09:05,Often Late
73,Sunil Yadav,Greater Noida Depot,6,59,50,9,15,35,30.0,84.7,09:12,Often Late
74,Ajay Kumar,Greater Noida Depot,6,51,46,5,12,34,26.1,90.2,09:11,Often Late
75,Vijay Ali,Greater Noida Depot,6,54,47,7,15,32,31.9,87.0,09:11,Often Late
76,Rohit Jha,Greater Noida Depot,6,56,51,5,18,33,35.3,91.1,09:12,Often Late
77,Naveen Nair,Greater Noida Depot,6,53,47,6,20,27,42.6,88.7,09:18,Habitual Late
78,Ashok Shah,Greater Noida Depot,6,52,45,7,17,28,37.8,86.5,09:10,Often Late
79,Mukesh Sharma,Greater Noida Depot,6,52,48,4,23,25,47.9,92.3,09:18,Habitual Late
80,Dinesh Verma,Greater Noida Depot,6,54,48,6,4,44,8.3,88.9,08:55,Mostly On-Time
81,Pankaj Patel,Greater Noida Depot,6,58,51,7,12,39,23.5,87.9,09:05,Often Late
82,Sandeep Chauhan,Greater Noida Depot,6,47,42,5,5,37,11.9,89.4,09:04,Mostly On-Time
83,Yogesh Pandey,Greater Noida Depot,6,52,47,5,12,35,25.5,90.4,09:06,Often Late
84,Mahesh Joshi,Greater Noida Depot,6,60,56,4,15,41,26.8,93.3,09:12,Often Late
85,Naresh Malik,Greater Noida Depot,6,52,49,3,14,35,28.6,94.2,09:09,Often Late
86,Gopal Singh,Greater Noida Depot,6,52,45,7,17,28,37.8,86.5,09:15,Often Late
87,Hari Gupta,Greater Noida Depot,6,57,52,5,21,31,40.4,91.2,09:17,Habitual Late
88,Imran Khan,Greater Noida Depot,6,58,53,5,17,36,32.1,91.4,09:10,Often Late
89,Farhan Mishra,Greater Noida Depot,6,54,50,4,26,24,52.0,92.6,09:23,Habitual Late
90,Salim Reddy,Greater Noida Depot,6,59,54,5,9,45,16.7,91.5,09:01,Mostly On-Time
91,Arun Mehta,Greater Noida Depot,6,46,42,4,7,35,16.7,91.3,09:06,Mostly On-Time
92,Kiran Thakur,Greater Noida Depot,6,54,52,2,10,42,19.2,96.3,09:04,Mostly On-Time
93,Prakash Yadav,Greater Noida Depot,6,47,42,5,7,35,16.7,89.4,09:00,Mostly On-Time
94,Bharat Kumar,Greater Noida Depot,6,59,47,12,15,32,31.9,79.7,09:09,Often Late
95,Gaurav Ali,Greater Noida Depot,6,66,61,5,19,42,31.1,92.4,09:13,Often Late
96,Nikhil Jha,Greater Noida Depot,6,61,58,3,19,39,32.8,95.1,09:12,Often Late
97,Varun Nair,Greater Noida Depot,6,55,50,5,16,34,32.0,90.9,09:08,Often Late
98,Saurabh Shah,Greater Noida Depot,6,47,42,5,20,22,47.6,89.4,09:23,Habitual Late
99,Abhishek Sharma,Greater Noida Depot,6,56,50,6,23,27,46.0,89.3,09:16,Habitual Late
100,Rahul Verma,Greater Noida Depot,6,60,49,11,3,46,6.1,81.7,08:57,Mostly On-Time
101,Rajesh Kumar40,Greater Noida Depot,6,59,54,5,10,44,18.5,91.5,09:05,Mostly On-Time
102,Amit Patel41,Greater Noida Depot,6,59,55,4,10,45,18.2,93.2,09:01,Mostly On-Time
103,Suresh Khan42,Greater Noida Depot,6,51,45,6,14,31,31.1,88.2,09:11,Often Late
104,Vikram Ali43,Greater Noida Depot,6,55,51,4,18,33,35.3,92.7,09:11,Often Late
105,Ramesh Chauhan44,Greater Noida Depot,6,52,43,9,13,30,30.2,82.7,09:10,Often Late
106,Deepak Mishra45,Greater Noida Depot,6,52,47,5,16,31,34.0,90.4,09:04,Often Late
107,Anil Jha46,Greater Noida Depot,6,47,42,5,18,24,42.9,89.4,09:15,Habitual Late
108,Sanjay Pandey47,Greater Noida Depot,6,45,41,4,15,26,36.6,91.1,09:11,Often Late
109,Manoj Reddy48,Greater Noida Depot,6,55,52,3,26,26,50.0,94.5,09:23,Habitual Late
110,Pradeep Nair49,Greater Noida Depot,6,44,39,5,6,33,15.4,88.6,09:00,Mostly On-Time
111,Ravi Joshi50,Greater Noida Depot,6,54,49,5,5,44,10.2,90.7,08:57,Mostly On-Time
112,Kumar Mehta51,Greater Noida Depot,6,55,51,4,7,44,13.7,92.7,08:59,Mostly On-Time
113,Sunil Shah52,Greater Noida Depot,6,56,51,5,13,38,25.5,91.1,09:03,Often Late
114,Ajay Malik53,Greater Noida Depot,6,55,50,5,11,39,22.0,90.9,09:08,Often Late
115,Vijay Thakur54,Greater Noida Depot,6,55,50,5,15,35,30.0,90.9,09:08,Often Late
116,Rohit Sharma55,Greater Noida Depot,6,59,53,6,18,35,34.0,89.8,09:13,Often Late
117,Naveen Singh56,Greater Noida Depot,6,58,51,7,18,33,35.3,87.9,09:13,Often Late
118,Ashok Yadav57,Greater Noida Depot,6,48,43,5,23,20,53.5,89.6,09:26,Habitual Late
119,Mukesh Verma58,Greater Noida Depot,6,55,46,9,21,25,45.7,83.6,09:25,Habitual Late
120,Dinesh Gupta59,Greater Noida Depot,6,59,54,5,7,47,13.0,91.5,08:57,Mostly On-Time
121,Rajesh Mishra,Greater Noida Depot,10,40,38,2,10,28,26.3,95.0,09:10,Often Late
122,Amit Reddy,Greater Noida Depot,10,44,33,11,6,27,18.2,75.0,09:01,Mostly On-Time
123,Suresh Mehta,Greater Noida Depot,10,39,33,6,9,24,27.3,84.6,09:08,Often Late
124,Vikram Thakur,Greater Noida Depot,10,45,32,13,7,25,21.9,71.1,09:00,Often Late
125,Ramesh Yadav,Greater Noida Depot,10,47,39,8,14,25,35.9,83.0,09:12,Often Late
126,Deepak Kumar,Greater Noida Depot,10,46,41,5,12,29,29.3,89.1,09:09,Often Late
127,Anil Ali,Greater Noida Depot,10,45,36,9,19,17,52.8,80.0,09:19,Habitual Late
128,Sanjay Jha,Greater Noida Depot,10,46,42,4,18,24,42.9,91.3,09:20,Habitual Late
129,Manoj Nair,Greater Noida Depot,10,40,33,7,16,17,48.5,82.5,09:22,Habitual Late
130,Pradeep Shah,Greater Noida Depot,10,43,36,7,7,29,19.4,83.7,09:01,Mostly On-Time
131,Ravi Sharma,Greater Noida Depot,10,52,42,10,7,35,16.7,80.8,09:01,Mostly On-Time
132,Kumar Verma,Greater Noida Depot,10,45,36,9,12,24,33.3,80.0,09:13,Often Late
133,Sunil Patel,Greater Noida Depot,10,51,40,11,8,32,20.0,78.4,09:05,Often Late
134,Ajay Chauhan,Greater Noida Depot,10,45,32,13,11,21,34.4,71.1,09:18,Often Late
135,Vijay Pandey,Greater Noida Depot,10,48,40,8,11,29,27.5,83.3,09:10,Often Late
136,Rohit Joshi,Greater Noida Depot,10,49,42,7,14,28,33.3,85.7,09:15,Often Late
137,Naveen Malik,Greater Noida Depot,10,49,42,7,17,25,40.5,85.7,09:16,Habitual Late
138,Ashok Singh,Greater Noida Depot,10,51,41,10,16,25,39.0,80.4,09:11,Often Late
139,Mukesh Gupta,Greater Noida Depot,10,49,40,9,21,19,52.5,81.6,09:21,Habitual Late
140,Dinesh Khan,Greater Noida Depot,10,45,36,9,5,31,13.9,80.0,08:55,Mostly On-Time
141,Pankaj Mishra,Greater Noida Depot,10,49,39,10,11,28,28.2,79.6,09:08,Often Late
142,Sandeep Reddy,Greater Noida Depot,10,42,37,5,4,33,10.8,88.1,09:01,Mostly On-Time
143,Yogesh Mehta,Greater Noida Depot,10,40,35,5,12,23,34.3,87.5,09:10,Often Late
144,Mahesh Thakur,Greater Noida Depot,10,52,44,8,12,32,27.3,84.6,09:12,Often Late
145,Naresh Yadav,Greater Noida Depot,10,50,39,11,13,26,33.3,78.0,09:13,Often Late
146,Gopal Kumar,Greater Noida Depot,10,40,30,10,6,24,20.0,75.0,09:05,Often Late
147,Hari Ali,Greater Noida Depot,10,50,42,8,18,24,42.9,84.0,09:19,Habitual Late
148,Imran Jha,Greater Noida Depot,10,48,41,7,14,27,34.1,85.4,09:14,Often Late
149,Farhan Nair,Greater Noida Depot,10,47,38,9,18,20,47.4,80.9,09:23,Habitual Late
150,Salim Shah,Greater Noida Depot,10,51,39,12,8,31,20.5,76.5,09:04,Often Late
151,Arun Sharma,Greater Noida Depot,10,45,42,3,8,34,19.0,93.3,09:07,Mostly On-Time
152,Kiran Verma,Greater Noida Depot,10,44,40,4,5,35,12.5,90.9,08:56,Mostly On-Time
153,Prakash Patel,Greater Noida Depot,10,48,42,6,12,30,28.6,87.5,09:08,Often Late
154,Bharat Chauhan,Greater Noida Depot,10,50,43,7,12,31,27.9,86.0,09:05,Often Late
155,Gaurav Pandey,Greater Noida Depot,10,52,46,6,16,30,34.8,88.5,09:17,Often Late
156,Nikhil Joshi,Greater Noida Depot,10,48,37,11,9,28,24.3,77.1,09:08,Often Late
157,Varun Malik,Greater Noida Depot,10,48,35,13,13,22,37.1,72.9,09:12,Often Late
158,Saurabh Singh,Greater Noida Depot,10,45,37,8,17,20,45.9,82.2,09:21,Habitual Late
159,Abhishek Gupta,Greater Noida Depot,10,45,39,6,17,22,43.6,86.7,09:16,Habitual Late
160,Rahul Khan,Greater Noida Depot,10,51,41,10,4,37,9.8,80.4,09:02,Mostly On-Time
161,Rajesh Kumar40,Greater Noida Depot,10,56,47,9,8,39,17.0,83.9,09:02,Mostly On-Time
162,Amit Patel41,Greater Noida Depot,10,52,42,10,8,34,19.0,80.8,09:00,Mostly On-Time
163,Suresh Khan42,Greater Noida Depot,10,47,39,8,12,27,30.8,83.0,09:12,Often Late
164,Vikram Ali43,Greater Noida Depot,10,42,33,9,11,22,33.3,78.6,09:07,Often Late
165,Ramesh Chauhan44,Greater Noida Depot,10,42,38,4,14,24,36.8,90.5,09:10,Often Late
166,Deepak Mishra45,Greater Noida Depot,10,45,40,5,15,25,37.5,88.9,09:06,Often Late
167,Anil Jha46,Greater Noida Depot,10,42,34,8,14,20,41.2,81.0,09:16,Habitual Late
168,Sanjay Pandey47,Greater Noida Depot,10,42,35,7,13,22,37.1,83.3,09:12,Often Late
169,Manoj Reddy48,Greater Noida Depot,10,47,41,6,18,23,43.9,87.2,09:19,Habitual Late
170,Pradeep Nair49,Greater Noida Depot,10,41,35,6,4,31,11.4,85.4,08:58,Mostly On-Time
171,Ravi Joshi50,Greater Noida Depot,10,53,41,12,5,36,12.2,77.4,08:58,Mostly On-Time
172,Kumar Mehta51,Greater Noida Depot,10,48,37,11,5,32,13.5,77.1,09:01,Mostly On-Time
173,Sunil Shah52,Greater Noida Depot,10,48,42,6,13,29,31.0,87.5,09:05,Often Late
174,Ajay Malik53,Greater Noida Depot,10,45,38,7,9,29,23.7,84.4,09:04,Often Late
175,Vijay Thakur54,Greater Noida Depot,10,52,40,12,12,28,30.0,76.9,09:09,Often Late
176,Rohit Sharma55,Greater Noida Depot,10,47,38,9,13,25,34.2,80.9,09:14,Often Late
177,Naveen Singh56,Greater Noida Depot,10,46,39,7,15,24,38.5,84.8,09:14,Often Late
178,Ashok Yadav57,Greater Noida Depot,10,44,36,8,23,13,63.9,81.8,09:33,Habitual Late
179,Mukesh Verma58,Greater Noida Depot,10,41,34,7,18,16,52.9,82.9,09:27,Habitual Late
180,Dinesh Gupta59,Greater Noida Depot,10,46,37,9,5,32,13.5,80.4,08:56,Mostly On-Time
181,Rajesh Nair,Greater Noida Depot,14,49,35,14,12,23,34.3,71.4,09:16,Often Late
182,Amit Shah,Greater Noida Depot,14,50,42,8,10,32,23.8,84.0,09:06,Often Late
183,Suresh Sharma,Greater Noida Depot,14,48,38,10,10,28,26.3,79.2,09:05,Often Late
184,Vikram Verma,Greater Noida Depot,14,48,38,10,12,26,31.6,79.2,09:06,Often Late
185,Ramesh Patel,Greater Noida Depot,14,53,44,9,15,29,34.1,83.0,09:11,Often Late
186,Deepak Chauhan,Greater Noida Depot,14,52,43,9,10,33,23.3,82.7,09:08,Often Late
187,Anil Pandey,Greater Noida Depot,14,56,43,13,23,20,53.5,76.8,09:18,Habitual Late
188,Sanjay Joshi,Greater Noida Depot,14,51,41,10,16,25,39.0,80.4,09:16,Often Late
189,Manoj Malik,Greater Noida Depot,14,44,37,7,19,18,51.4,84.1,09:24,Habitual Late
190,Pradeep Singh,Greater Noida Depot,14,43,33,10,7,26,21.2,76.7,09:04,Often Late
191,Ravi Gupta,Greater Noida Depot,14,54,45,9,7,38,15.6,83.3,09:02,Mostly On-Time
192,Kumar Khan,Greater Noida Depot,14,56,42,14,11,31,26.2,75.0,09:09,Often Late
193,Sunil Mishra,Greater Noida Depot,14,56,49,7,12,37,24.5,87.5,09:08,Often Late
194,Ajay Reddy,Greater Noida Depot,14,51,40,11,14,26,35.0,78.4,09:17,Often Late
195,Vijay Mehta,Greater Noida Depot,14,57,42,15,11,31,26.2,73.7,09:10,Often Late
196,Rohit Thakur,Greater Noida Depot,14,52,47,5,16,31,34.0,90.4,09:15,Often Late
197,Naveen Yadav,Greater Noida Depot,14,56,48,8,17,31,35.4,85.7,09:15,Often Late
198,Ashok Kumar,Greater Noida Depot,14,51,47,4,18,29,38.3,92.2,09:14,Often Late
199,Mukesh Ali,Greater Noida Depot,14,52,45,7,20,25,44.4,86.5,09:17,Habitual Late
200,Dinesh Jha,Greater Noida Depot,14,51,36,15,4,32,11.1,70.6,08:56,Mostly On-Time
201,Pankaj Nair,Greater Noida Depot,14,52,43,9,13,30,30.2,82.7,09:06,Often Late
202,Sandeep Shah,Greater Noida Depot,14,51,41,10,7,34,17.1,80.4,09:05,Mostly On-Time
203,Yogesh Sharma,Greater Noida Depot,14,48,37,11,15,22,40.5,77.1,09:16,Habitual Late
204,Mahesh Verma,Greater Noida Depot,14,58,49,9,13,36,26.5,84.5,09:13,Often Late
205,Naresh Patel,Greater Noida Depot,14,58,42,16,12,30,28.6,72.4,09:11,Often Late
206,Gopal Chauhan,Greater Noida Depot,14,48,33,15,8,25,24.2,68.8,09:05,Often Late
207,Hari Pandey,Greater Noida Depot,14,57,45,12,20,25,44.4,78.9,09:20,Habitual Late
208,Imran Joshi,Greater Noida Depot,14,58,49,9,17,32,34.7,84.5,09:15,Often Late
209,Farhan Malik,Greater Noida Depot,14,52,42,10,19,23,45.2,80.8,09:19,Habitual Late
210,Salim Singh,Greater Noida Depot,14,55,46,9,7,39,15.2,83.6,09:02,Mostly On-Time
211,Arun Gupta,Greater Noida Depot,14,56,41,15,6,35,14.6,73.2,09:04,Mostly On-Time
212,Kiran Khan,Greater Noida Depot,14,51,41,10,3,38,7.3,80.4,08:57,Mostly On-Time
213,Prakash Mishra,Greater Noida Depot,14,47,41,6,11,30,26.8,87.2,09:07,Often Late
214,Bharat Reddy,Greater Noida Depot,14,55,49,6,15,34,30.6,89.1,09:07,Often Late
215,Gaurav Mehta,Greater Noida Depot,14,55,50,5,18,32,36.0,90.9,09:19,Often Late
216,Nikhil Thakur,Greater Noida Depot,14,57,50,7,14,36,28.0,87.7,09:11,Often Late
217,Varun Yadav,Greater Noida Depot,14,50,41,9,14,27,34.1,82.0,09:12,Often Late
218,Saurabh Kumar,Greater Noida Depot,14,46,40,6,18,22,45.0,87.0,09:21,Habitual Late
219,Abhishek Ali,Greater Noida Depot,14,52,44,8,20,24,45.5,84.6,09:18,Habitual Late
220,Rahul Jha,Greater Noida Depot,14,55,41,14,4,37,9.8,74.5,09:01,Mostly On-Time
221,Rajesh Kumar40,Greater Noida Depot,14,52,46,6,7,39,15.2,88.5,09:04,Mostly On-Time
222,Amit Patel41,Greater Noida Depot,14,57,49,8,9,40,18.4,86.0,09:01,Mostly On-Time
223,Suresh Khan42,Greater Noida Depot,14,53,46,7,13,33,28.3,86.8,09:11,Often Late
224,Vikram Ali43,Greater Noida Depot,14,51,45,6,14,31,31.1,88.2,09:07,Often Late
225,Ramesh Chauhan44,Greater Noida Depot,14,52,45,7,15,30,33.3,86.5,09:15,Often Late
226,Deepak Mishra45,Greater Noida Depot,14,51,41,10,14,27,34.1,80.4,09:05,Often Late
227,Anil Jha46,Greater Noida Depot,14,49,40,9,16,24,40.0,81.6,09:16,Habitual Late
228,Sanjay Pandey47,Greater Noida Depot,14,48,38,10,13,25,34.2,79.2,09:10,Often Late
229,Manoj Reddy48,Greater Noida Depot,14,52,41,11,19,22,46.3,78.8,09:20,Habitual Late
230,Pradeep Nair49,Greater Noida Depot,14,42,35,7,5,30,14.3,83.3,08:58,Mostly On-Time
231,Ravi Joshi50,Greater Noida Depot,14,53,48,5,6,42,12.5,90.6,08:59,Mostly On-Time
232,Kumar Mehta51,Greater Noida Depot,14,54,47,7,6,41,12.8,87.0,08:57,Mostly On-Time
233,Sunil Shah52,Greater Noida Depot,14,58,47,11,11,36,23.4,81.0,09:04,Often Late
234,Ajay Malik53,Greater Noida Depot,14,50,39,11,8,31,20.5,78.0,09:04,Often Late
235,Vijay Thakur54,Greater Noida Depot,14,57,50,7,14,36,28.0,87.7,09:05,Often Late
236,Rohit Sharma55,Greater Noida Depot,14,58,47,11,16,31,34.0,81.0,09:14,Often Late
237,Naveen Singh56,Greater Noida Depot,14,52,42,10,16,26,38.1,80.8,09:15,Often Late
238,Ashok Yadav57,Greater Noida Depot,14,53,46,7,27,19,58.7,86.8,09:29,Habitual Late
239,Mukesh Verma58,Greater Noida Depot,14,50,41,9,23,18,56.1,82.0,09:27,Habitual Late
240,Dinesh Gupta59,Greater Noida Depot,14,53,46,7,5,41,10.9,86.8,08:55,Mostly On-Time
241,Rajesh Malik,Greater Noida Depot,18,46,31,15,9,22,29.0,67.4,09:12,Often Late
242,Amit Singh,Greater Noida Depot,18,46,34,12,6,28,17.6,73.9,09:02,Mostly On-Time
243,Suresh Gupta,Greater Noida Depot,18,38,30,8,8,22,26.7,78.9,09:08,Often Late
244,Vikram Khan,Greater Noida Depot,18,46,31,15,9,22,29.0,67.4,09:04,Often Late
245,Ramesh Mishra,Greater Noida Depot,18,46,37,9,14,23,37.8,80.4,09:12,Often Late
246,Deepak Reddy,Greater Noida Depot,18,51,36,15,10,26,27.8,70.6,09:06,Often Late
247,Anil Mehta,Greater Noida Depot,18,51,38,13,21,17,55.3,74.5,09:20,Habitual Late
248,Sanjay Thakur,Greater Noida Depot,18,49,36,13,16,20,44.4,73.5,09:19,Habitual Late
249,Manoj Yadav,Greater Noida Depot,18,42,32,10,16,16,50.0,76.2,09:26,Habitual Late
250,Pradeep Kumar,Greater Noida Depot,18,45,27,18,3,24,11.1,60.0,09:01,Mostly On-Time
251,Ravi Ali,Greater Noida Depot,18,53,37,16,7,30,18.9,69.8,09:02,Mostly On-Time
252,Kumar Jha,Greater Noida Depot,18,48,38,10,14,24,36.8,79.2,09:16,Often Late
253,Sunil Nair,Greater Noida Depot,18,54,42,12,10,32,23.8,77.8,09:09,Often Late
254,Ajay Shah,Greater Noida Depot,18,45,34,11,9,25,26.5,75.6,09:14,Often Late
255,Vijay Sharma,Greater Noida Depot,18,53,39,14,11,28,28.2,73.6,09:10,Often Late
256,Rohit Verma,Greater Noida Depot,18,45,40,5,14,26,35.0,88.9,09:13,Often Late
257,Naveen Patel,Greater Noida Depot,18,46,35,11,14,21,40.0,76.1,09:17,Habitual Late
258,Ashok Chauhan,Greater Noida Depot,18,52,40,12,16,24,40.0,76.9,09:16,Habitual Late
259,Mukesh Pandey,Greater Noida Depot,18,46,35,11,14,21,40.0,76.1,09:12,Habitual Late
260,Dinesh Joshi,Greater Noida Depot,18,47,36,11,5,31,13.9,76.6,09:00,Mostly On-Time
261,Pankaj Malik,Greater Noida Depot,18,52,37,15,9,28,24.3,71.2,09:04,Often Late
262,Sandeep Singh,Greater Noida Depot,18,47,32,15,4,28,12.5,68.1,09:05,Mostly On-Time
263,Yogesh Gupta,Greater Noida Depot,18,44,37,7,12,25,32.4,84.1,09:08,Often Late
264,Mahesh Khan,Greater Noida Depot,18,51,39,12,9,30,23.1,76.5,09:09,Often Late
265,Naresh Mishra,Greater Noida Depot,18,53,38,15,11,27,28.9,71.7,09:10,Often Late
266,Gopal Reddy,Greater Noida Depot,18,45,33,12,10,23,30.3,73.3,09:11,Often Late
267,Hari Mehta,Greater Noida Depot,18,50,36,14,14,22,38.9,72.0,09:17,Often Late
268,Imran Thakur,Greater Noida Depot,18,53,38,15,10,28,26.3,71.7,09:09,Often Late
269,Farhan Yadav,Greater Noida Depot,18,50,40,10,19,21,47.5,80.0,09:21,Habitual Late
270,Salim Kumar,Greater Noida Depot,18,51,39,12,6,33,15.4,76.5,08:58,Mostly On-Time
271,Arun Ali,Greater Noida Depot,18,53,34,19,7,27,20.6,64.2,09:09,Often Late
272,Kiran Jha,Greater Noida Depot,18,46,40,6,9,31,22.5,87.0,09:05,Often Late
273,Prakash Nair,Greater Noida Depot,18,44,32,12,8,24,25.0,72.7,09:05,Often Late
274,Bharat Shah,Greater Noida Depot,18,48,37,11,9,28,24.3,77.1,09:05,Often Late
275,Gaurav Sharma,Greater Noida Depot,18,57,44,13,14,30,31.8,77.2,09:15,Often Late
276,Nikhil Verma,Greater Noida Depot,18,54,40,14,9,31,22.5,74.1,09:08,Often Late
277,Varun Patel,Greater Noida Depot,18,48,38,10,15,23,39.5,79.2,09:12,Often Late
278,Saurabh Chauhan,Greater Noida Depot,18,42,31,11,16,15,51.6,73.8,09:23,Habitual Late
279,Abhishek Pandey,Greater Noida Depot,18,46,37,9,20,17,54.1,80.4,09:24,Habitual Late
280,Rahul Joshi,Greater Noida Depot,18,53,36,17,3,33,8.3,67.9,09:01,Mostly On-Time
281,Rajesh Kumar40,Greater Noida Depot,18,54,41,13,10,31,24.4,75.9,09:09,Often Late
282,Amit Patel41,Greater Noida Depot,18,52,41,11,8,33,19.5,78.8,09:01,Mostly On-Time
283,Suresh Khan42,Greater Noida Depot,18,47,32,15,10,22,31.2,68.1,09:14,Often Late
284,Vikram Ali43,Greater Noida Depot,18,45,32,13,11,21,34.4,71.1,09:09,Often Late
285,Ramesh Chauhan44,Greater Noida Depot,18,51,39,12,13,26,33.3,76.5,09:13,Often Late
286,Deepak Mishra45,Greater Noida Depot,18,47,37,10,14,23,37.8,78.7,09:06,Often Late
287,Anil Jha46,Greater Noida Depot,18,46,27,19,11,16,40.7,58.7,09:13,Habitual Late
288,Sanjay Pandey47,Greater Noida Depot,18,42,32,10,13,19,40.6,76.2,09:16,Habitual Late
289,Manoj Reddy48,Greater Noida Depot,18,47,35,12,16,19,45.7,74.5,09:20,Habitual Late
290,Pradeep Nair49,Greater Noida Depot,18,45,33,12,3,30,9.1,73.3,08:56,Mostly On-Time
291,Ravi Joshi50,Greater Noida Depot,18,49,44,5,5,39,11.4,89.8,08:56,Mostly On-Time
292,Kumar Mehta51,Greater Noida Depot,18,50,37,13,3,34,8.1,74.0,08:55,Mostly On-Time
293,Sunil Shah52,Greater Noida Depot,18,49,40,9,12,28,30.0,81.6,09:05,Often Late
294,Ajay Malik53,Greater Noida Depot,18,44,33,11,6,27,18.2,75.0,09:04,Mostly On-Time
295,Vijay Thakur54,Greater Noida Depot,18,52,41,11,12,29,29.3,78.8,09:09,Often Late
296,Rohit Sharma55,Greater Noida Depot,18,52,37,15,14,23,37.8,71.2,09:13,Often Late
297,Naveen Singh56,Greater Noida Depot,18,52,41,11,12,29,29.3,78.8,09:10,Often Late
298,Ashok Yadav57,Greater Noida Depot,18,48,29,19,17,12,58.6,60.4,09:25,Habitual Late
299,Mukesh Verma58,Greater Noida Depot,18,47,29,18,14,15,48.3,61.7,09:21,Habitual Late
300,Dinesh Gupta59,Greater Noida Depot,18,53,34,19,5,29,14.7,64.2,08:55,Mostly On-Time
301,Rajesh Yadav,Greater Noida Depot,22,50,46,4,12,34,26.1,92.0,09:09,Often Late
302,Amit Kumar,Greater Noida Depot,22,55,50,5,8,42,16.0,90.9,09:03,Mostly On-Time
303,Suresh Ali,Greater Noida Depot,22,50,42,8,7,35,16.7,84.0,09:00,Mostly On-Time
304,Vikram Jha,Greater Noida Depot,22,43,35,8,13,22,37.1,81.4,09:18,Often Late
305,Ramesh Nair,Greater Noida Depot,22,50,46,4,15,31,32.6,92.0,09:13,Often Late
306,Deepak Shah,Greater Noida Depot,22,53,45,8,14,31,31.1,84.9,09:11,Often Late
307,Anil Sharma,Greater Noida Depot,22,45,43,2,19,24,44.2,95.6,09:14,Habitual Late
308,Sanjay Verma,Greater Noida Depot,22,50,47,3,19,28,40.4,94.0,09:13,Habitual Late
309,Manoj Patel,Greater Noida Depot,22,52,48,4,21,27,43.8,92.3,09:21,Habitual Late
310,Pradeep Chauhan,Greater Noida Depot,22,46,44,2,7,37,15.9,95.7,09:02,Mostly On-Time
311,Ravi Pandey,Greater Noida Depot,22,58,53,5,12,41,22.6,91.4,09:06,Often Late
312,Kumar Joshi,Greater Noida Depot,22,56,53,3,17,36,32.1,94.6,09:12,Often Late
313,Sunil Malik,Greater Noida Depot,22,59,54,5,17,37,31.5,91.5,09:11,Often Late
314,Ajay Singh,Greater Noida Depot,22,57,49,8,17,32,34.7,86.0,09:16,Often Late
315,Vijay Gupta,Greater Noida Depot,22,59,54,5,18,36,33.3,91.5,09:12,Often Late
316,Rohit Khan,Greater Noida Depot,22,55,48,7,18,30,37.5,87.3,09:17,Often Late
317,Naveen Mishra,Greater Noida Depot,22,53,48,5,20,28,41.7,90.6,09:16,Habitual Late
318,Ashok Reddy,Greater Noida Depot,22,51,44,7,20,24,45.5,86.3,09:17,Habitual Late
319,Mukesh Mehta,Greater Noida Depot,22,51,47,4,26,21,55.3,92.2,09:27,Habitual Late
320,Dinesh Thakur,Greater Noida Depot,22,55,43,12,6,37,14.0,78.2,08:58,Mostly On-Time
321,Pankaj Yadav,Greater Noida Depot,22,53,44,9,12,32,27.3,83.0,09:05,Often Late
322,Sandeep Kumar,Greater Noida Depot,22,48,44,4,6,38,13.6,91.7,09:00,Mostly On-Time
323,Yogesh Ali,Greater Noida Depot,22,52,47,5,16,31,34.0,90.4,09:11,Often Late
324,Mahesh Jha,Greater Noida Depot,22,53,48,5,12,36,25.0,90.6,09:10,Often Late
325,Naresh Nair,Greater Noida Depot,22,52,48,4,19,29,39.6,92.3,09:17,Often Late
326,Gopal Shah,Greater Noida Depot,22,46,40,6,9,31,22.5,87.0,09:06,Often Late
327,Hari Sharma,Greater Noida Depot,22,54,48,6,17,31,35.4,88.9,09:16,Often Late
328,Imran Verma,Greater Noida Depot,22,55,49,6,17,32,34.7,89.1,09:13,Often Late
329,Farhan Patel,Greater Noida Depot,22,47,41,6,20,21,48.8,87.2,09:20,Habitual Late
330,Salim Chauhan,Greater Noida Depot,22,52,48,4,6,42,12.5,92.3,09:01,Mostly On-Time
331,Arun Pandey,Greater Noida Depot,22,51,41,10,7,34,17.1,80.4,09:04,Mostly On-Time
332,Kiran Joshi,Greater Noida Depot,22,52,48,4,7,41,14.6,92.3,08:59,Mostly On-Time
333,Prakash Malik,Greater Noida Depot,22,51,46,5,13,33,28.3,90.2,09:07,Often Late
334,Bharat Singh,Greater Noida Depot,22,56,51,5,16,35,31.4,91.1,09:09,Often Late
335,Gaurav Gupta,Greater Noida Depot,22,53,50,3,19,31,38.0,94.3,09:23,Often Late
336,Nikhil Khan,Greater Noida Depot,22,54,46,8,18,28,39.1,85.2,09:14,Often Late
337,Varun Mishra,Greater Noida Depot,22,52,42,10,20,22,47.6,80.8,09:20,Habitual Late
338,Saurabh Reddy,Greater Noida Depot,22,54,48,6,17,31,35.4,88.9,09:15,Often Late
339,Abhishek Mehta,Greater Noida Depot,22,47,44,3,20,24,45.5,93.6,09:20,Habitual Late
340,Rahul Thakur,Greater Noida Depot,22,53,48,5,4,44,8.3,90.6,08:59,Mostly On-Time
341,Rajesh Kumar40,Greater Noida Depot,22,56,53,3,13,40,24.5,94.6,09:07,Often Late
342,Amit Patel41,Greater Noida Depot,22,54,49,5,12,37,24.5,90.7,08:58,Often Late
343,Suresh Khan42,Greater Noida Depot,22,52,46,6,10,36,21.7,88.5,09:06,Often Late
344,Vikram Ali43,Greater Noida Depot,22,50,47,3,15,32,31.9,94.0,09:07,Often Late
345,Ramesh Chauhan44,Greater Noida Depot,22,59,54,5,15,39,27.8,91.5,09:08,Often Late
346,Deepak Mishra45,Greater Noida Depot,22,48,42,6,14,28,33.3,87.5,09:12,Often Late
347,Anil Jha46,Greater Noida Depot,22,50,39,11,15,24,38.5,78.0,09:15,Often Late
348,Sanjay Pandey47,Greater Noida Depot,22,45,38,7,15,23,39.5,84.4,09:16,Often Late
349,Manoj Reddy48,Greater Noida Depot,22,46,43,3,15,28,34.9,93.5,09:17,Often Late
350,Pradeep Nair49,Greater Noida Depot,22,45,42,3,9,33,21.4,93.3,09:03,Often Late
351,Ravi Joshi50,Greater Noida Depot,22,55,48,7,9,39,18.8,87.3,09:06,Mostly On-Time
352,Kumar Mehta51,Greater Noida Depot,22,53,48,5,8,40,16.7,90.6,09:01,Mostly On-Time
353,Sunil Shah52,Greater Noida Depot,22,52,45,7,10,35,22.2,86.5,09:03,Often Late
354,Ajay Malik53,Greater Noida Depot,22,57,54,3,16,38,29.6,94.7,09:09,Often Late
355,Vijay Thakur54,Greater Noida Depot,22,53,46,7,11,35,23.9,86.8,09:02,Often Late
356,Rohit Sharma55,Greater Noida Depot,22,48,39,9,21,18,53.8,81.2,09:24,Habitual Late
357,Naveen Singh56,Greater Noida Depot,22,47,41,6,14,27,34.1,87.2,09:16,Often Late
358,Ashok Yadav57,Greater Noida Depot,22,52,45,7,19,26,42.2,86.5,09:17,Habitual Late
359,Mukesh Verma58,Greater Noida Depot,22,46,41,5,25,16,61.0,89.1,09:22,Habitual Late
360,Dinesh Gupta59,Greater Noida Depot,22,54,49,5,7,42,14.3,90.7,08:58,Mostly On-Time
361,Rajesh Patel,Greater Noida Depot,26,47,36,11,10,26,27.8,76.6,09:10,Often Late
362,Amit Chauhan,Greater Noida Depot,26,50,38,12,7,31,18.4,76.0,09:01,Mostly On-Time
363,Suresh Pandey,Greater Noida Depot,26,49,38,11,9,29,23.7,77.6,09:06,Often Late
364,Vikram Joshi,Greater Noida Depot,26,48,38,10,14,24,36.8,79.2,09:07,Often Late
365,Ramesh Malik,Greater Noida Depot,26,55,35,20,10,25,28.6,63.6,09:08,Often Late
366,Deepak Singh,Greater Noida Depot,26,54,39,15,10,29,25.6,72.2,09:06,Often Late
367,Anil Gupta,Greater Noida Depot,26,56,45,11,20,25,44.4,80.4,09:13,Habitual Late
368,Sanjay Khan,Greater Noida Depot,26,56,36,20,16,20,44.4,64.3,09:19,Habitual Late
369,Manoj Mishra,Greater Noida Depot,26,50,30,20,14,16,46.7,60.0,09:22,Habitual Late
370,Pradeep Reddy,Greater Noida Depot,26,47,29,18,4,25,13.8,61.7,08:59,Mostly On-Time
371,Ravi Mehta,Greater Noida Depot,26,52,41,11,8,33,19.5,78.8,09:06,Mostly On-Time
372,Kumar Thakur,Greater Noida Depot,26,55,44,11,13,31,29.5,80.0,09:11,Often Late
373,Sunil Yadav,Greater Noida Depot,26,57,39,18,13,26,33.3,68.4,09:14,Often Late
374,Ajay Kumar,Greater Noida Depot,26,52,39,13,11,28,28.2,75.0,09:13,Often Late
375,Vijay Ali,Greater Noida Depot,26,58,40,18,11,29,27.5,69.0,09:09,Often Late
376,Rohit Jha,Greater Noida Depot,26,55,45,10,17,28,37.8,81.8,09:16,Often Late
377,Naveen Nair,Greater Noida Depot,26,54,36,18,11,25,30.6,66.7,09:11,Often Late
378,Ashok Shah,Greater Noida Depot,26,53,40,13,15,25,37.5,75.5,09:12,Often Late
379,Mukesh Sharma,Greater Noida Depot,26,49,35,14,18,17,51.4,71.4,09:22,Habitual Late
380,Dinesh Verma,Greater Noida Depot,26,60,41,19,8,33,19.5,68.3,09:02,Mostly On-Time
381,Pankaj Patel,Greater Noida Depot,26,57,37,20,8,29,21.6,64.9,09:02,Often Late
382,Sandeep Chauhan,Greater Noida Depot,26,48,31,17,3,28,9.7,64.6,09:02,Mostly On-Time
383,Yogesh Pandey,Greater Noida Depot,26,52,41,11,15,26,36.6,78.8,09:11,Often Late
384,Mahesh Joshi,Greater Noida Depot,26,57,46,11,13,33,28.3,80.7,09:12,Often Late
385,Naresh Malik,Greater Noida Depot,26,48,36,12,11,25,30.6,75.0,09:12,Often Late
386,Gopal Singh,Greater Noida Depot,26,47,36,11,14,22,38.9,76.6,09:17,Often Late
387,Hari Gupta,Greater Noida Depot,26,60,48,12,21,27,43.8,80.0,09:17,Habitual Late
388,Imran Khan,Greater Noida Depot,26,59,44,15,14,30,31.8,74.6,09:11,Often Late
389,Farhan Mishra,Greater Noida Depot,26,54,40,14,19,21,47.5,74.1,09:23,Habitual Late
390,Salim Reddy,Greater Noida Depot,26,59,49,10,8,41,16.3,83.1,09:02,Mostly On-Time
391,Arun Mehta,Greater Noida Depot,26,58,39,19,7,32,17.9,67.2,09:07,Mostly On-Time
392,Kiran Thakur,Greater Noida Depot,26,56,43,13,9,34,20.9,76.8,09:04,Often Late
393,Prakash Yadav,Greater Noida Depot,26,48,34,14,8,26,23.5,70.8,09:04,Often Late
394,Bharat Kumar,Greater Noida Depot,26,51,42,9,11,31,26.2,82.4,09:04,Often Late
395,Gaurav Ali,Greater Noida Depot,26,66,51,15,16,35,31.4,77.3,09:13,Often Late
396,Nikhil Jha,Greater Noida Depot,26,52,38,14,13,25,34.2,73.1,09:14,Often Late
397,Varun Nair,Greater Noida Depot,26,51,45,6,15,30,33.3,88.2,09:10,Often Late
398,Saurabh Shah,Greater Noida Depot,26,48,38,10,16,22,42.1,79.2,09:19,Habitual Late
399,Abhishek Sharma,Greater Noida Depot,26,56,40,16,19,21,47.5,71.4,09:22,Habitual Late
400,Rahul Verma,Greater Noida Depot,26,56,45,11,5,40,11.1,80.4,09:02,Mostly On-Time
401,Rajesh Kumar40,Greater Noida Depot,26,59,48,11,12,36,25.0,81.4,09:09,Often Late
402,Amit Patel41,Greater Noida Depot,26,59,44,15,9,35,20.5,74.6,09:01,Often Late
403,Suresh Khan42,Greater Noida Depot,26,53,39,14,12,27,30.8,73.6,09:13,Often Late
404,Vikram Ali43,Greater Noida Depot,26,52,36,16,16,20,44.4,69.2,09:18,Habitual Late
405,Ramesh Chauhan44,Greater Noida Depot,26,57,40,17,13,27,32.5,70.2,09:12,Often Late
406,Deepak Mishra45,Greater Noida Depot,26,48,36,12,13,23,36.1,75.0,09:07,Often Late
407,Anil Jha46,Greater Noida Depot,26,45,33,12,14,19,42.4,73.3,09:15,Habitual Late
408,Sanjay Pandey47,Greater Noida Depot,26,45,33,12,10,23,30.3,73.3,09:08,Often Late
409,Manoj Reddy48,Greater Noida Depot,26,52,42,10,21,21,50.0,80.8,09:21,Habitual Late
410,Pradeep Nair49,Greater Noida Depot,26,42,32,10,4,28,12.5,76.2,08:56,Mostly On-Time
411,Ravi Joshi50,Greater Noida Depot,26,55,47,8,6,41,12.8,85.5,08:57,Mostly On-Time
412,Kumar Mehta51,Greater Noida Depot,26,53,38,15,4,34,10.5,71.7,08:55,Mostly On-Time
413,Sunil Shah52,Greater Noida Depot,26,56,44,12,14,30,31.8,78.6,09:06,Often Late
414,Ajay Malik53,Greater Noida Depot,26,52,39,13,10,29,25.6,75.0,09:11,Often Late
415,Vijay Thakur54,Greater Noida Depot,26,51,42,9,12,30,28.6,82.4,09:08,Often Late
416,Rohit Sharma55,Greater Noida Depot,26,58,43,15,14,29,32.6,74.1,09:13,Often Late
417,Naveen Singh56,Greater Noida Depot,26,60,43,17,14,29,32.6,71.7,09:13,Often Late
418,Ashok Yadav57,Greater Noida Depot,26,53,35,18,19,16,54.3,66.0,09:26,Habitual Late
419,Mukesh Verma58,Greater Noida Depot,26,48,36,12,16,20,44.4,75.0,09:21,Habitual Late
420,Dinesh Gupta59,Greater Noida Depot,26,58,41,17,6,35,14.6,70.7,08:59,Mostly On-Time
421,Rajesh Mishra,Greater Noida Depot,30,40,33,7,10,23,30.3,82.5,09:12,Often Late
422,Amit Reddy,Greater Noida Depot,30,41,34,7,7,27,20.6,82.9,09:05,Often Late
423,Suresh Mehta,Greater Noida Depot,30,35,34,1,7,27,20.6,97.1,09:03,Often Late
424,Vikram Thakur,Greater Noida Depot,30,47,37,10,11,26,29.7,78.7,09:05,Often Late
425,Ramesh Yadav,Greater Noida Depot,30,45,39,6,12,27,30.8,86.7,09:09,Often Late
426,Deepak Kumar,Greater Noida Depot,30,48,40,8,9,31,22.5,83.3,09:04,Often Late
427,Anil Ali,Greater Noida Depot,30,49,37,12,18,19,48.6,75.5,09:19,Habitual Late
428,Sanjay Jha,Greater Noida Depot,30,44,40,4,14,26,35.0,90.9,09:13,Often Late
429,Manoj Nair,Greater Noida Depot,30,38,34,4,15,19,44.1,89.5,09:20,Habitual Late
430,Pradeep Shah,Greater Noida Depot,30,39,29,10,4,25,13.8,74.4,08:58,Mostly On-Time
431,Ravi Sharma,Greater Noida Depot,30,50,41,9,6,35,14.6,82.0,08:59,Mostly On-Time
432,Kumar Verma,Greater Noida Depot,30,48,38,10,12,26,31.6,79.2,09:11,Often Late
433,Sunil Patel,Greater Noida Depot,30,52,42,10,11,31,26.2,80.8,09:10,Often Late
434,Ajay Chauhan,Greater Noida Depot,30,43,33,10,9,24,27.3,76.7,09:15,Often Late
435,Vijay Pandey,Greater Noida Depot,30,46,36,10,10,26,27.8,78.3,09:08,Often Late
436,Rohit Joshi,Greater Noida Depot,30,47,42,5,14,28,33.3,89.4,09:15,Often Late
437,Naveen Malik,Greater Noida Depot,30,45,38,7,17,21,44.7,84.4,09:19,Habitual Late
438,Ashok Singh,Greater Noida Depot,30,41,37,4,18,19,48.6,90.2,09:19,Habitual Late
439,Mukesh Gupta,Greater Noida Depot,30,44,33,11,14,19,42.4,75.0,09:15,Habitual Late
440,Dinesh Khan,Greater Noida Depot,30,47,38,9,5,33,13.2,80.9,08:58,Mostly On-Time
441,Pankaj Mishra,Greater Noida Depot,30,44,39,5,9,30,23.1,88.6,09:01,Often Late
442,Sandeep Reddy,Greater Noida Depot,30,42,33,9,4,29,12.1,78.6,09:01,Mostly On-Time
443,Yogesh Mehta,Greater Noida Depot,30,45,40,5,12,28,30.0,88.9,09:08,Often Late
444,Mahesh Thakur,Greater Noida Depot,30,50,39,11,12,27,30.8,78.0,09:14,Often Late
445,Naresh Yadav,Greater Noida Depot,30,49,40,9,9,31,22.5,81.6,09:05,Often Late
446,Gopal Kumar,Greater Noida Depot,30,43,35,8,12,23,34.3,81.4,09:15,Often Late
447,Hari Ali,Greater Noida Depot,30,53,45,8,18,27,40.0,84.9,09:17,Habitual Late
448,Imran Jha,Greater Noida Depot,30,51,38,13,11,27,28.9,74.5,09:10,Often Late
449,Farhan Nair,Greater Noida Depot,30,50,44,6,21,23,47.7,88.0,09:19,Habitual Late
450,Salim Shah,Greater Noida Depot,30,48,42,6,6,36,14.3,87.5,08:58,Mostly On-Time
451,Arun Sharma,Greater Noida Depot,30,44,36,8,3,33,8.3,81.8,09:02,Mostly On-Time
452,Kiran Verma,Greater Noida Depot,30,43,40,3,6,34,15.0,93.0,09:00,Mostly On-Time
453,Prakash Patel,Greater Noida Depot,30,48,32,16,8,24,25.0,66.7,09:06,Often Late
454,Bharat Chauhan,Greater Noida Depot,30,50,43,7,10,33,23.3,86.0,09:00,Often Late
455,Gaurav Pandey,Greater Noida Depot,30,56,49,7,18,31,36.7,87.5,09:20,Often Late
456,Nikhil Joshi,Greater Noida Depot,30,51,41,10,13,28,31.7,80.4,09:12,Often Late
457,Varun Malik,Greater Noida Depot,30,49,37,12,14,23,37.8,75.5,09:13,Often Late
458,Saurabh Singh,Greater Noida Depot,30,41,31,10,13,18,41.9,75.6,09:19,Habitual Late
459,Abhishek Gupta,Greater Noida Depot,30,42,37,5,19,18,51.4,88.1,09:23,Habitual Late
460,Rahul Khan,Greater Noida Depot,30,48,40,8,4,36,10.0,83.3,09:01,Mostly On-Time
461,Rajesh Kumar40,Greater Noida Depot,30,51,44,7,8,36,18.2,86.3,09:04,Mostly On-Time
462,Amit Patel41,Greater Noida Depot,30,47,41,6,9,32,22.0,87.2,09:03,Often Late
463,Suresh Khan42,Greater Noida Depot,30,44,35,9,11,24,31.4,79.5,09:12,Often Late
464,Vikram Ali43,Greater Noida Depot,30,40,35,5,11,24,31.4,87.5,09:08,Often Late
465,Ramesh Chauhan44,Greater Noida Depot,30,46,38,8,12,26,31.6,82.6,09:11,Often Late
466,Deepak Mishra45,Greater Noida Depot,30,46,39,7,12,27,30.8,84.8,09:03,Often Late
467,Anil Jha46,Greater Noida Depot,30,35,29,6,15,14,51.7,82.9,09:24,Habitual Late
468,Sanjay Pandey47,Greater Noida Depot,30,38,31,7,11,20,35.5,81.6,09:11,Often Late
469,Manoj Reddy48,Greater Noida Depot,30,44,37,7,17,20,45.9,84.1,09:18,Habitual Late
470,Pradeep Nair49,Greater Noida Depot,30,41,30,11,2,28,6.7,73.2,08:51,Mostly On-Time
471,Ravi Joshi50,Greater Noida Depot,30,50,44,6,5,39,11.4,88.0,08:57,Mostly On-Time
472,Kumar Mehta51,Greater Noida Depot,30,48,42,6,8,34,19.0,87.5,09:02,Mostly On-Time
473,Sunil Shah52,Greater Noida Depot,30,45,40,5,12,28,30.0,88.9,09:06,Often Late
474,Ajay Malik53,Greater Noida Depot,30,43,35,8,5,30,14.3,81.4,09:01,Mostly On-Time
475,Vijay Thakur54,Greater Noida Depot,30,48,42,6,12,30,28.6,87.5,09:09,Often Late
476,Rohit Sharma55,Greater Noida Depot,30,51,43,8,15,28,34.9,84.3,09:12,Often Late
477,Naveen Singh56,Greater Noida Depot,30,47,42,5,13,29,31.0,89.4,09:12,Often Late
478,Ashok Yadav57,Greater Noida Depot,30,42,36,6,21,15,58.3,85.7,09:28,Habitual Late
479,Mukesh Verma58,Greater Noida Depot,30,43,34,9,16,18,47.1,79.1,09:21,Habitual Late
480,Dinesh Gupta59,Greater Noida Depot,30,49,40,9,5,35,12.5,81.6,08:58,Mostly On-Time
481,Rajesh Nair,Greater Noida Depot,34,45,34,11,14,20,41.2,75.6,09:21,Habitual Late
482,Amit Shah,Greater Noida Depot,34,49,41,8,8,33,19.5,83.7,09:06,Mostly On-Time
483,Suresh Sharma,Greater Noida Depot,34,39,32,7,10,22,31.2,82.1,09:13,Often Late
484,Vikram Verma,Greater Noida Depot,34,40,24,16,9,15,37.5,60.0,09:18,Often Late
485,Ramesh Patel,Greater Noida Depot,34,48,33,15,11,22,33.3,68.8,09:13,Often Late
486,Deepak Chauhan,Greater Noida Depot,34,44,36,8,11,25,30.6,81.8,09:11,Often Late
487,Anil Pandey,Greater Noida Depot,34,45,33,12,13,20,39.4,73.3,09:16,Often Late
488,Sanjay Joshi,Greater Noida Depot,34,41,34,7,14,20,41.2,82.9,09:13,Habitual Late
489,Manoj Malik,Greater Noida Depot,34,47,39,8,11,28,28.2,83.0,09:08,Often Late
490,Pradeep Singh,Greater Noida Depot,34,51,36,15,1,35,2.8,70.6,08:52,Mostly On-Time
491,Ravi Gupta,Greater Noida Depot,34,57,47,10,7,40,14.9,82.5,08:58,Mostly On-Time
492,Kumar Khan,Greater Noida Depot,34,49,43,6,11,32,25.6,87.8,09:08,Often Late
493,Sunil Mishra,Greater Noida Depot,34,52,44,8,12,32,27.3,84.6,09:13,Often Late
494,Ajay Reddy,Greater Noida Depot,34,47,38,9,11,27,28.9,80.9,09:13,Often Late
495,Vijay Mehta,Greater Noida Depot,34,52,45,7,14,31,31.1,86.5,09:12,Often Late
496,Rohit Thakur,Greater Noida Depot,34,49,37,12,8,29,21.6,75.5,09:06,Often Late
497,Naveen Yadav,Greater Noida Depot,34,47,37,10,17,20,45.9,78.7,09:21,Habitual Late
498,Ashok Kumar,Greater Noida Depot,34,47,37,10,14,23,37.8,78.7,09:15,Often Late
499,Mukesh Ali,Greater Noida Depot,34,49,31,18,17,14,54.8,63.3,09:22,Habitual Late
500,Dinesh Jha,Greater Noida Depot,34,44,29,15,2,27,6.9,65.9,08:58,Mostly On-Time
501,Pankaj Nair,Greater Noida Depot,34,46,30,16,6,24,20.0,65.2,09:01,Often Late
502,Sandeep Shah,Greater Noida Depot,34,46,41,5,9,32,22.0,89.1,09:07,Often Late
503,Yogesh Sharma,Greater Noida Depot,34,46,36,10,13,23,36.1,78.3,09:12,Often Late
504,Mahesh Verma,Greater Noida Depot,34,49,41,8,13,28,31.7,83.7,09:14,Often Late
505,Naresh Patel,Greater Noida Depot,34,45,41,4,14,27,34.1,91.1,09:13,Often Late
506,Gopal Chauhan,Greater Noida Depot,34,43,31,12,13,18,41.9,72.1,09:22,Habitual Late
507,Hari Pandey,Greater Noida Depot,34,44,38,6,13,25,34.2,86.4,09:13,Often Late
508,Imran Joshi,Greater Noida Depot,34,52,37,15,15,22,40.5,71.2,09:17,Habitual Late
509,Farhan Malik,Greater Noida Depot,34,42,36,6,17,19,47.2,85.7,09:24,Habitual Late
510,Salim Singh,Greater Noida Depot,34,51,36,15,4,32,11.1,70.6,09:00,Mostly On-Time
511,Arun Gupta,Greater Noida Depot,34,47,41,6,7,34,17.1,87.2,09:03,Mostly On-Time
512,Kiran Khan,Greater Noida Depot,34,49,40,9,6,34,15.0,81.6,09:01,Mostly On-Time
513,Prakash Mishra,Greater Noida Depot,34,43,35,8,11,24,31.4,81.4,09:11,Often Late
514,Bharat Reddy,Greater Noida Depot,34,50,39,11,7,32,17.9,78.0,09:04,Mostly On-Time
515,Gaurav Mehta,Greater Noida Depot,34,45,37,8,11,26,29.7,82.2,09:12,Often Late
516,Nikhil Thakur,Greater Noida Depot,34,51,38,13,12,26,31.6,74.5,09:05,Often Late
517,Varun Yadav,Greater Noida Depot,34,47,39,8,16,23,41.0,83.0,09:17,Habitual Late
518,Saurabh Kumar,Greater Noida Depot,34,53,41,12,9,32,22.0,77.4,09:07,Often Late
519,Abhishek Ali,Greater Noida Depot,34,37,32,5,17,15,53.1,86.5,09:28,Habitual Late
520,Rahul Jha,Greater Noida Depot,34,47,34,13,5,29,14.7,72.3,09:04,Mostly On-Time
521,Rajesh Kumar40,Greater Noida Depot,34,46,37,9,8,29,21.6,80.4,08:59,Often Late
522,Amit Patel41,Greater Noida Depot,34,47,41,6,13,28,31.7,87.2,09:08,Often Late
523,Suresh Khan42,Greater Noida Depot,34,48,32,16,7,25,21.9,66.7,09:05,Often Late
524,Vikram Ali43,Greater Noida Depot,34,45,35,10,10,25,28.6,77.8,09:09,Often Late
525,Ramesh Chauhan44,Greater Noida Depot,34,47,40,7,10,30,25.0,85.1,09:07,Often Late
526,Deepak Mishra45,Greater Noida Depot,34,33,25,8,7,18,28.0,75.8,09:05,Often Late
527,Anil Jha46,Greater Noida Depot,34,49,40,9,15,25,37.5,81.6,09:11,Often Late
528,Sanjay Pandey47,Greater Noida Depot,34,43,27,16,9,18,33.3,62.8,09:14,Often Late
529,Manoj Reddy48,Greater Noida Depot,34,44,37,7,20,17,54.1,84.1,09:25,Habitual Late
530,Pradeep Nair49,Greater Noida Depot,34,41,31,10,5,26,16.1,75.6,09:03,Mostly On-Time
531,Ravi Joshi50,Greater Noida Depot,34,50,37,13,6,31,16.2,74.0,09:05,Mostly On-Time
532,Kumar Mehta51,Greater Noida Depot,34,53,43,10,8,35,18.6,81.1,09:02,Mostly On-Time
533,Sunil Shah52,Greater Noida Depot,34,53,38,15,4,34,10.5,71.7,08:59,Mostly On-Time
534,Ajay Malik53,Greater Noida Depot,34,47,36,11,7,29,19.4,76.6,09:04,Mostly On-Time
535,Vijay Thakur54,Greater Noida Depot,34,44,31,13,14,17,45.2,70.5,09:17,Habitual Late
536,Rohit Sharma55,Greater Noida Depot,34,39,29,10,9,20,31.0,74.4,09:11,Often Late
537,Naveen Singh56,Greater Noida Depot,34,37,26,11,10,16,38.5,70.3,09:14,Often Late
538,Ashok Yadav57,Greater Noida Depot,34,43,34,9,16,18,47.1,79.1,09:22,Habitual Late
539,Mukesh Verma58,Greater Noida Depot,34,54,43,11,19,24,44.2,79.6,09:23,Habitual Late
540,Rajesh Singh,Noida Express Way Site,1,40,29,11,1,28,3.4,72.5,08:57,Mostly On-Time
541,Amit Gupta,Noida Express Way Site,1,35,28,7,6,22,21.4,80.0,09:09,Often Late
542,Suresh Khan,Noida Express Way Site,1,31,23,8,5,18,21.7,74.2,09:04,Often Late
543,Vikram Mishra,Noida Express Way Site,1,40,31,9,7,24,22.6,77.5,09:03,Often Late
544,Ramesh Reddy,Noida Express Way Site,1,39,29,10,7,22,24.1,74.4,09:05,Often Late
545,Deepak Mehta,Noida Express Way Site,1,35,27,8,12,15,44.4,77.1,09:20,Habitual Late
546,Anil Thakur,Noida Express Way Site,1,35,30,5,11,19,36.7,85.7,09:12,Often Late
547,Sanjay Yadav,Noida Express Way Site,1,35,23,12,11,12,47.8,65.7,09:28,Habitual Late
548,Manoj Kumar,Noida Express Way Site,1,32,25,7,13,12,52.0,78.1,09:24,Habitual Late
549,Pradeep Ali,Noida Express Way Site,1,34,28,6,11,17,39.3,82.4,09:16,Often Late
550,Ravi Jha,Noida Express Way Site,1,36,22,14,6,16,27.3,61.1,09:09,Often Late
551,Kumar Nair,Noida Express Way Site,1,35,27,8,7,20,25.9,77.1,09:06,Often Late
552,Sunil Shah,Noida Express Way Site,1,38,31,7,3,28,9.7,81.6,08:56,Mostly On-Time
553,Ajay Sharma,Noida Express Way Site,1,47,35,12,7,28,20.0,74.5,09:01,Often Late
554,Vijay Verma,Noida Express Way Site,1,37,33,4,6,27,18.2,89.2,09:02,Mostly On-Time
555,Rohit Patel,Noida Express Way Site,1,37,28,9,15,13,53.6,75.7,09:24,Habitual Late
556,Naveen Chauhan,Noida Express Way Site,1,30,27,3,10,17,37.0,90.0,09:19,Often Late
557,Ashok Pandey,Noida Express Way Site,1,42,27,15,12,15,44.4,64.3,09:22,Habitual Late
558,Mukesh Joshi,Noida Express Way Site,1,39,29,10,10,19,34.5,74.4,09:15,Often Late
559,Dinesh Malik,Noida Express Way Site,1,37,29,8,8,21,27.6,78.4,09:05,Often Late
560,Pankaj Singh,Noida Express Way Site,1,36,30,6,3,27,10.0,83.3,08:58,Mostly On-Time
561,Sandeep Gupta,Noida Express Way Site,1,36,25,11,3,22,12.0,69.4,08:59,Mostly On-Time
562,Yogesh Khan,Noida Express Way Site,1,36,27,9,5,22,18.5,75.0,09:01,Mostly On-Time
563,Mahesh Mishra,Noida Express Way Site,1,46,38,8,14,24,36.8,82.6,09:13,Often Late
564,Naresh Reddy,Noida Express Way Site,1,33,28,5,13,15,46.4,84.8,09:18,Habitual Late
565,Gopal Mehta,Noida Express Way Site,1,26,18,8,7,11,38.9,69.2,09:15,Often Late
566,Hari Thakur,Noida Express Way Site,1,35,26,9,10,16,38.5,74.3,09:14,Often Late
567,Imran Yadav,Noida Express Way Site,1,34,24,10,8,16,33.3,70.6,09:14,Often Late
568,Farhan Kumar,Noida Express Way Site,1,32,24,8,8,16,33.3,75.0,09:13,Often Late
569,Salim Ali,Noida Express Way Site,1,39,31,8,13,18,41.9,79.5,09:21,Habitual Late
570,Arun Jha,Noida Express Way Site,1,38,33,5,7,26,21.2,86.8,09:03,Often Late
571,Kiran Nair,Noida Express Way Site,1,28,24,4,4,20,16.7,85.7,08:58,Mostly On-Time
572,Prakash Shah,Noida Express Way Site,1,34,25,9,5,20,20.0,73.5,09:02,Often Late
573,Bharat Sharma,Noida Express Way Site,1,39,27,12,9,18,33.3,69.2,09:10,Often Late
574,Gaurav Verma,Noida Express Way Site,1,38,31,7,3,28,9.7,81.6,08:59,Mostly On-Time
575,Nikhil Patel,Noida Express Way Site,1,29,27,2,10,17,37.0,93.1,09:11,Often Late
576,Varun Chauhan,Noida Express Way Site,1,41,33,8,10,23,30.3,80.5,09:06,Often Late
577,Saurabh Pandey,Noida Express Way Site,1,34,28,6,10,18,35.7,82.4,09:14,Often Late
578,Abhishek Joshi,Noida Express Way Site,1,41,27,14,9,18,33.3,65.9,09:12,Often Late
579,Rahul Malik,Noida Express Way Site,1,34,27,7,16,11,59.3,79.4,09:29,Habitual Late
580,Rajesh Kumar40,Noida Express Way Site,1,27,20,7,4,16,20.0,74.1,09:03,Often Late
581,Amit Patel41,Noida Express Way Site,1,37,32,5,12,20,37.5,86.5,09:19,Often Late
582,Suresh Khan42,Noida Express Way Site,1,44,36,8,6,30,16.7,81.8,09:01,Mostly On-Time
583,Vikram Ali43,Noida Express Way Site,1,34,23,11,3,20,13.0,67.6,08:57,Mostly On-Time
584,Ramesh Chauhan44,Noida Express Way Site,1,38,33,5,12,21,36.4,86.8,09:13,Often Late
585,Deepak Mishra45,Noida Express Way Site,1,34,27,7,10,17,37.0,79.4,09:11,Often Late
586,Anil Jha46,Noida Express Way Site,1,36,28,8,9,19,32.1,77.8,09:11,Often Late
587,Sanjay Pandey47,Noida Express Way Site,1,38,31,7,12,19,38.7,81.6,09:13,Often Late
588,Manoj Reddy48,Noida Express Way Site,1,37,28,9,12,16,42.9,75.7,09:17,Habitual Late
589,Pradeep Nair49,Noida Express Way Site,1,30,23,7,10,13,43.5,76.7,09:18,Habitual Late
590,Ravi Joshi50,Noida Express Way Site,1,39,30,9,2,28,6.7,76.9,08:58,Mostly On-Time
591,Kumar Mehta51,Noida Express Way Site,1,33,26,7,3,23,11.5,78.8,09:03,Mostly On-Time
592,Sunil Shah52,Noida Express Way Site,1,36,30,6,5,25,16.7,83.3,09:01,Mostly On-Time
593,Ajay Malik53,Noida Express Way Site,1,37,30,7,6,24,20.0,81.1,08:58,Often Late
594,Vijay Thakur54,Noida Express Way Site,1,36,28,8,8,20,28.6,77.8,09:06,Often Late
595,Rohit Sharma55,Noida Express Way Site,1,36,25,11,9,16,36.0,69.4,09:15,Often Late
596,Naveen Singh56,Noida Express Way Site,1,31,24,7,7,17,29.2,77.4,09:08,Often Late
597,Ashok Yadav57,Noida Express Way Site,1,27,19,8,11,8,57.9,70.4,09:28,Habitual Late
598,Mukesh Verma58,Noida Express Way Site,1,38,32,6,13,19,40.6,84.2,09:12,Habitual Late
599,Dinesh Gupta59,Noida Express Way Site,1,35,27,8,13,14,48.1,77.1,09:23,Habitual Late
600,Rajesh Kumar,Noida Express Way Site,5,52,41,11,5,36,12.2,78.8,09:02,Mostly On-Time
601,Amit Ali,Noida Express Way Site,5,49,44,5,8,36,18.2,89.8,09:03,Mostly On-Time
602,Suresh Jha,Noida Express Way Site,5,49,41,8,8,33,19.5,83.7,09:04,Mostly On-Time
603,Vikram Nair,Noida Express Way Site,5,52,44,8,14,30,31.8,84.6,09:09,Often Late
604,Ramesh Shah,Noida Express Way Site,5,57,49,8,11,38,22.4,86.0,09:06,Often Late
605,Deepak Sharma,Noida Express Way Site,5,49,41,8,11,30,26.8,83.7,09:08,Often Late
606,Anil Verma,Noida Express Way Site,5,48,36,12,12,24,33.3,75.0,09:07,Often Late
607,Sanjay Patel,Noida Express Way Site,5,47,36,11,9,27,25.0,76.6,09:10,Often Late
608,Manoj Chauhan,Noida Express Way Site,5,51,43,8,21,22,48.8,84.3,09:20,Habitual Late
609,Pradeep Pandey,Noida Express Way Site,5,46,42,4,11,31,26.2,91.3,09:10,Often Late
610,Ravi Joshi,Noida Express Way Site,5,51,40,11,8,32,20.0,78.4,09:04,Often Late
611,Kumar Malik,Noida Express Way Site,5,34,31,3,8,23,25.8,91.2,09:03,Often Late
612,Sunil Singh,Noida Express Way Site,5,52,48,4,9,39,18.8,92.3,09:04,Mostly On-Time
613,Ajay Gupta,Noida Express Way Site,5,56,50,6,13,37,26.0,89.3,09:04,Often Late
614,Vijay Khan,Noida Express Way Site,5,52,42,10,10,32,23.8,80.8,09:07,Often Late
615,Rohit Mishra,Noida Express Way Site,5,50,41,9,18,23,43.9,82.0,09:17,Habitual Late
616,Naveen Reddy,Noida Express Way Site,5,44,37,7,9,28,24.3,84.1,09:05,Often Late
617,Ashok Mehta,Noida Express Way Site,5,48,42,6,18,24,42.9,87.5,09:18,Habitual Late
618,Mukesh Thakur,Noida Express Way Site,5,48,40,8,18,22,45.0,83.3,09:25,Habitual Late
619,Dinesh Yadav,Noida Express Way Site,5,52,44,8,21,23,47.7,84.6,09:24,Habitual Late
620,Pankaj Kumar,Noida Express Way Site,5,47,39,8,5,34,12.8,83.0,09:00,Mostly On-Time
621,Sandeep Ali,Noida Express Way Site,5,42,34,8,4,30,11.8,81.0,08:58,Mostly On-Time
622,Yogesh Jha,Noida Express Way Site,5,56,44,12,9,35,20.5,78.6,09:05,Often Late
623,Mahesh Nair,Noida Express Way Site,5,53,46,7,14,32,30.4,86.8,09:10,Often Late
624,Naresh Shah,Noida Express Way Site,5,47,36,11,8,28,22.2,76.6,09:07,Often Late
625,Gopal Sharma,Noida Express Way Site,5,51,46,5,14,32,30.4,90.2,09:09,Often Late
626,Hari Verma,Noida Express Way Site,5,50,43,7,15,28,34.9,86.0,09:13,Often Late
627,Imran Patel,Noida Express Way Site,5,45,38,7,18,20,47.4,84.4,09:21,Habitual Late
628,Farhan Chauhan,Noida Express Way Site,5,48,43,5,22,21,51.2,89.6,09:22,Habitual Late
629,Salim Pandey,Noida Express Way Site,5,53,45,8,20,25,44.4,84.9,09:14,Habitual Late
630,Arun Joshi,Noida Express Way Site,5,53,46,7,5,41,10.9,86.8,08:56,Mostly On-Time
631,Kiran Malik,Noida Express Way Site,5,45,40,5,7,33,17.5,88.9,09:02,Mostly On-Time
632,Prakash Singh,Noida Express Way Site,5,49,42,7,8,34,19.0,85.7,09:05,Mostly On-Time
633,Bharat Gupta,Noida Express Way Site,5,41,36,5,14,22,38.9,87.8,09:15,Often Late
634,Gaurav Khan,Noida Express Way Site,5,54,43,11,4,39,9.3,79.6,09:00,Mostly On-Time
635,Nikhil Mishra,Noida Express Way Site,5,44,42,2,16,26,38.1,95.5,09:15,Often Late
636,Varun Reddy,Noida Express Way Site,5,57,48,9,20,28,41.7,84.2,09:18,Habitual Late
637,Saurabh Mehta,Noida Express Way Site,5,51,43,8,15,28,34.9,84.3,09:13,Often Late
638,Abhishek Thakur,Noida Express Way Site,5,59,55,4,24,31,43.6,93.2,09:15,Habitual Late
639,Rahul Yadav,Noida Express Way Site,5,45,35,10,19,16,54.3,77.8,09:24,Habitual Late
640,Rajesh Kumar40,Noida Express Way Site,5,44,35,9,7,28,20.0,79.5,08:59,Often Late
641,Amit Patel41,Noida Express Way Site,5,54,42,12,8,34,19.0,77.8,09:02,Mostly On-Time
642,Suresh Khan42,Noida Express Way Site,5,50,46,4,8,38,17.4,92.0,09:02,Mostly On-Time
643,Vikram Ali43,Noida Express Way Site,5,46,35,11,8,27,22.9,76.1,09:05,Often Late
644,Ramesh Chauhan44,Noida Express Way Site,5,49,47,2,19,28,40.4,95.9,09:16,Habitual Late
645,Deepak Mishra45,Noida Express Way Site,5,45,40,5,13,27,32.5,88.9,09:14,Often Late
646,Anil Jha46,Noida Express Way Site,5,48,38,10,13,25,34.2,79.2,09:16,Often Late
647,Sanjay Pandey47,Noida Express Way Site,5,52,42,10,19,23,45.2,80.8,09:20,Habitual Late
648,Manoj Reddy48,Noida Express Way Site,5,51,47,4,26,21,55.3,92.2,09:23,Habitual Late
649,Pradeep Nair49,Noida Express Way Site,5,48,36,12,18,18,50.0,75.0,09:13,Habitual Late
650,Ravi Joshi50,Noida Express Way Site,5,52,45,7,4,41,8.9,86.5,08:57,Mostly On-Time
651,Kumar Mehta51,Noida Express Way Site,5,52,45,7,7,38,15.6,86.5,09:02,Mostly On-Time
652,Sunil Shah52,Noida Express Way Site,5,49,41,8,9,32,22.0,83.7,09:05,Often Late
653,Ajay Malik53,Noida Express Way Site,5,48,41,7,6,35,14.6,85.4,08:56,Mostly On-Time
654,Vijay Thakur54,Noida Express Way Site,5,56,50,6,14,36,28.0,89.3,09:07,Often Late
655,Rohit Sharma55,Noida Express Way Site,5,54,45,9,20,25,44.4,83.3,09:20,Habitual Late
656,Naveen Singh56,Noida Express Way Site,5,42,37,5,15,22,40.5,88.1,09:17,Habitual Late
657,Ashok Yadav57,Noida Express Way Site,5,47,40,7,21,19,52.5,85.1,09:23,Habitual Late
658,Mukesh Verma58,Noida Express Way Site,5,55,46,9,24,22,52.2,83.6,09:23,Habitual Late
659,Dinesh Gupta59,Noida Express Way Site,5,47,41,6,19,22,46.3,87.2,09:21,Habitual Late
660,Rajesh Chauhan,Noida Express Way Site,9,40,28,12,6,22,21.4,70.0,09:01,Often Late
661,Amit Pandey,Noida Express Way Site,9,43,33,10,4,29,12.1,76.7,08:57,Mostly On-Time
662,Suresh Joshi,Noida Express Way Site,9,40,29,11,11,18,37.9,72.5,09:18,Often Late
663,Vikram Malik,Noida Express Way Site,9,31,23,8,6,17,26.1,74.2,09:04,Often Late
664,Ramesh Singh,Noida Express Way Site,9,36,30,6,11,19,36.7,83.3,09:15,Often Late
665,Deepak Gupta,Noida Express Way Site,9,36,30,6,12,18,40.0,83.3,09:11,Habitual Late
666,Anil Khan,Noida Express Way Site,9,36,22,14,5,17,22.7,61.1,09:06,Often Late
667,Sanjay Mishra,Noida Express Way Site,9,31,26,5,9,17,34.6,83.9,09:14,Often Late
668,Manoj Reddy,Noida Express Way Site,9,42,35,7,16,19,45.7,83.3,09:22,Habitual Late
669,Pradeep Mehta,Noida Express Way Site,9,36,28,8,9,19,32.1,77.8,09:10,Often Late
670,Ravi Thakur,Noida Express Way Site,9,38,28,10,7,21,25.0,73.7,09:05,Often Late
671,Kumar Yadav,Noida Express Way Site,9,39,28,11,3,25,10.7,71.8,08:56,Mostly On-Time
672,Sunil Kumar,Noida Express Way Site,9,42,33,9,7,26,21.2,78.6,09:05,Often Late
673,Ajay Ali,Noida Express Way Site,9,40,33,7,8,25,24.2,82.5,09:05,Often Late
674,Vijay Jha,Noida Express Way Site,9,39,28,11,5,23,17.9,71.8,09:03,Mostly On-Time
675,Rohit Nair,Noida Express Way Site,9,34,27,7,11,16,40.7,79.4,09:17,Habitual Late
676,Naveen Shah,Noida Express Way Site,9,32,27,5,9,18,33.3,84.4,09:10,Often Late
677,Ashok Sharma,Noida Express Way Site,9,33,26,7,9,17,34.6,78.8,09:13,Often Late
678,Mukesh Verma,Noida Express Way Site,9,39,30,9,16,14,53.3,76.9,09:27,Habitual Late
679,Dinesh Patel,Noida Express Way Site,9,36,31,5,14,17,45.2,86.1,09:24,Habitual Late
680,Pankaj Chauhan,Noida Express Way Site,9,34,29,5,2,27,6.9,85.3,08:57,Mostly On-Time
681,Sandeep Pandey,Noida Express Way Site,9,38,26,12,7,19,26.9,68.4,09:09,Often Late
682,Yogesh Joshi,Noida Express Way Site,9,41,34,7,9,25,26.5,82.9,09:08,Often Late
683,Mahesh Malik,Noida Express Way Site,9,41,29,12,7,22,24.1,70.7,09:09,Often Late
684,Naresh Singh,Noida Express Way Site,9,38,27,11,6,21,22.2,71.1,09:03,Often Late
685,Gopal Gupta,Noida Express Way Site,9,42,36,6,6,30,16.7,85.7,09:03,Mostly On-Time
686,Hari Khan,Noida Express Way Site,9,40,33,7,11,22,33.3,82.5,09:08,Often Late
687,Imran Mishra,Noida Express Way Site,9,41,34,7,16,18,47.1,82.9,09:24,Habitual Late
688,Farhan Reddy,Noida Express Way Site,9,40,31,9,12,19,38.7,77.5,09:15,Often Late
689,Salim Mehta,Noida Express Way Site,9,38,32,6,22,10,68.8,84.2,09:28,Habitual Late
690,Arun Thakur,Noida Express Way Site,9,41,34,7,4,30,11.8,82.9,08:58,Mostly On-Time
691,Kiran Yadav,Noida Express Way Site,9,31,25,6,5,20,20.0,80.6,09:05,Often Late
692,Prakash Kumar,Noida Express Way Site,9,35,27,8,6,21,22.2,77.1,09:02,Often Late
693,Bharat Ali,Noida Express Way Site,9,35,28,7,10,18,35.7,80.0,09:17,Often Late
694,Gaurav Jha,Noida Express Way Site,9,41,33,8,8,25,24.2,80.5,09:06,Often Late
695,Nikhil Nair,Noida Express Way Site,9,37,30,7,7,23,23.3,81.1,09:04,Often Late
696,Varun Shah,Noida Express Way Site,9,37,32,5,11,21,34.4,86.5,09:13,Often Late
697,Saurabh Sharma,Noida Express Way Site,9,42,34,8,22,12,64.7,81.0,09:31,Habitual Late
698,Abhishek Verma,Noida Express Way Site,9,41,30,11,12,18,40.0,73.2,09:13,Habitual Late
699,Rahul Patel,Noida Express Way Site,9,35,25,10,11,14,44.0,71.4,09:18,Habitual Late
700,Rajesh Kumar40,Noida Express Way Site,9,37,32,5,3,29,9.4,86.5,08:51,Mostly On-Time
701,Amit Patel41,Noida Express Way Site,9,34,28,6,3,25,10.7,82.4,09:01,Mostly On-Time
702,Suresh Khan42,Noida Express Way Site,9,38,32,6,7,25,21.9,84.2,09:05,Often Late
703,Vikram Ali43,Noida Express Way Site,9,38,28,10,7,21,25.0,73.7,09:04,Often Late
704,Ramesh Chauhan44,Noida Express Way Site,9,43,33,10,9,24,27.3,76.7,09:11,Often Late
705,Deepak Mishra45,Noida Express Way Site,9,42,35,7,11,24,31.4,83.3,09:15,Often Late
706,Anil Jha46,Noida Express Way Site,9,28,20,8,9,11,45.0,71.4,09:17,Habitual Late
707,Sanjay Pandey47,Noida Express Way Site,9,40,36,4,12,24,33.3,90.0,09:13,Often Late
708,Manoj Reddy48,Noida Express Way Site,9,34,29,5,15,14,51.7,85.3,09:20,Habitual Late
709,Pradeep Nair49,Noida Express Way Site,9,36,28,8,10,18,35.7,77.8,09:10,Often Late
710,Ravi Joshi50,Noida Express Way Site,9,39,32,7,5,27,15.6,82.1,09:01,Mostly On-Time
711,Kumar Mehta51,Noida Express Way Site,9,39,27,12,6,21,22.2,69.2,09:07,Often Late
712,Sunil Shah52,Noida Express Way Site,9,33,21,12,7,14,33.3,63.6,09:10,Often Late
713,Ajay Malik53,Noida Express Way Site,9,41,35,6,14,21,40.0,85.4,09:16,Habitual Late
714,Vijay Thakur54,Noida Express Way Site,9,35,24,11,9,15,37.5,68.6,09:15,Often Late
715,Rohit Sharma55,Noida Express Way Site,9,39,27,12,8,19,29.6,69.2,09:08,Often Late
716,Naveen Singh56,Noida Express Way Site,9,32,21,11,10,11,47.6,65.6,09:25,Habitual Late
717,Ashok Yadav57,Noida Express Way Site,9,39,29,10,12,17,41.4,74.4,09:15,Habitual Late
718,Mukesh Verma58,Noida Express Way Site,9,41,32,9,11,21,34.4,78.0,09:14,Often Late
719,Rajesh Reddy,Noida Express Way Site,13,50,44,6,18,26,40.9,88.0,09:19,Habitual Late
720,Amit Mehta,Noida Express Way Site,13,53,46,7,6,40,13.0,86.8,08:58,Mostly On-Time
721,Suresh Thakur,Noida Express Way Site,13,48,41,7,4,37,9.8,85.4,08:58,Mostly On-Time
722,Vikram Yadav,Noida Express Way Site,13,52,38,14,5,33,13.2,73.1,08:57,Mostly On-Time
723,Ramesh Kumar,Noida Express Way Site,13,53,43,10,10,33,23.3,81.1,09:05,Often Late
724,Deepak Ali,Noida Express Way Site,13,53,42,11,14,28,33.3,79.2,09:11,Often Late
725,Anil Jha,Noida Express Way Site,13,45,39,6,18,21,46.2,86.7,09:17,Habitual Late
726,Sanjay Nair,Noida Express Way Site,13,50,40,10,14,26,35.0,80.0,09:16,Often Late
727,Manoj Shah,Noida Express Way Site,13,51,39,12,15,24,38.5,76.5,09:11,Often Late
728,Pradeep Sharma,Noida Express Way Site,13,48,42,6,12,30,28.6,87.5,09:13,Often Late
729,Ravi Verma,Noida Express Way Site,13,50,41,9,26,15,63.4,82.0,09:28,Habitual Late
730,Kumar Patel,Noida Express Way Site,13,56,39,17,9,30,23.1,69.6,09:03,Often Late
731,Sunil Chauhan,Noida Express Way Site,13,61,48,13,7,41,14.6,78.7,09:00,Mostly On-Time
732,Ajay Pandey,Noida Express Way Site,13,59,52,7,9,43,17.3,88.1,09:00,Mostly On-Time
733,Vijay Joshi,Noida Express Way Site,13,55,46,9,6,40,13.0,83.6,08:58,Mostly On-Time
734,Rohit Malik,Noida Express Way Site,13,55,43,12,17,26,39.5,78.2,09:17,Often Late
735,Naveen Singh,Noida Express Way Site,13,50,40,10,14,26,35.0,80.0,09:11,Often Late
736,Ashok Gupta,Noida Express Way Site,13,56,46,10,17,29,37.0,82.1,09:14,Often Late
737,Mukesh Khan,Noida Express Way Site,13,54,45,9,16,29,35.6,83.3,09:16,Often Late
738,Dinesh Mishra,Noida Express Way Site,13,52,43,9,15,28,34.9,82.7,09:15,Often Late
739,Pankaj Reddy,Noida Express Way Site,13,55,48,7,20,28,41.7,87.3,09:18,Habitual Late
740,Sandeep Mehta,Noida Express Way Site,13,45,36,9,3,33,8.3,80.0,08:55,Mostly On-Time
741,Yogesh Thakur,Noida Express Way Site,13,50,39,11,13,26,33.3,78.0,09:12,Often Late
742,Mahesh Yadav,Noida Express Way Site,13,60,45,15,11,34,24.4,75.0,09:05,Often Late
743,Naresh Kumar,Noida Express Way Site,13,52,43,9,15,28,34.9,82.7,09:15,Often Late
744,Gopal Ali,Noida Express Way Site,13,56,43,13,12,31,27.9,76.8,09:05,Often Late
745,Hari Jha,Noida Express Way Site,13,51,40,11,16,24,40.0,78.4,09:17,Habitual Late
746,Imran Nair,Noida Express Way Site,13,52,43,9,17,26,39.5,82.7,09:18,Often Late
747,Farhan Shah,Noida Express Way Site,13,55,44,11,17,27,38.6,80.0,09:14,Often Late
748,Salim Sharma,Noida Express Way Site,13,58,45,13,18,27,40.0,77.6,09:17,Habitual Late
749,Arun Verma,Noida Express Way Site,13,49,43,6,21,22,48.8,87.8,09:17,Habitual Late
750,Kiran Patel,Noida Express Way Site,13,52,42,10,5,37,11.9,80.8,08:55,Mostly On-Time
751,Prakash Chauhan,Noida Express Way Site,13,51,43,8,9,34,20.9,84.3,09:05,Often Late
752,Bharat Pandey,Noida Express Way Site,13,50,40,10,9,31,22.5,80.0,09:03,Often Late
753,Gaurav Joshi,Noida Express Way Site,13,58,45,13,5,40,11.1,77.6,08:58,Mostly On-Time
754,Nikhil Malik,Noida Express Way Site,13,50,45,5,15,30,33.3,90.0,09:15,Often Late
755,Varun Singh,Noida Express Way Site,13,55,47,8,11,36,23.4,85.5,09:04,Often Late
756,Saurabh Gupta,Noida Express Way Site,13,47,40,7,11,29,27.5,85.1,09:10,Often Late
757,Abhishek Khan,Noida Express Way Site,13,59,49,10,21,28,42.9,83.1,09:15,Habitual Late
758,Rahul Mishra,Noida Express Way Site,13,51,40,11,22,18,55.0,78.4,09:23,Habitual Late
759,Rajesh Kumar40,Noida Express Way Site,13,47,37,10,21,16,56.8,78.7,09:30,Habitual Late
760,Amit Patel41,Noida Express Way Site,13,58,50,8,12,38,24.0,86.2,09:06,Often Late
761,Suresh Khan42,Noida Express Way Site,13,56,45,11,6,39,13.3,80.4,08:57,Mostly On-Time
762,Vikram Ali43,Noida Express Way Site,13,50,43,7,9,34,20.9,86.0,09:02,Often Late
763,Ramesh Chauhan44,Noida Express Way Site,13,56,51,5,15,36,29.4,91.1,09:11,Often Late
764,Deepak Mishra45,Noida Express Way Site,13,50,44,6,15,29,34.1,88.0,09:14,Often Late
765,Anil Jha46,Noida Express Way Site,13,51,43,8,14,29,32.6,84.3,09:14,Often Late
766,Sanjay Pandey47,Noida Express Way Site,13,54,41,13,19,22,46.3,75.9,09:20,Habitual Late
767,Manoj Reddy48,Noida Express Way Site,13,55,42,13,19,23,45.2,76.4,09:20,Habitual Late
768,Pradeep Nair49,Noida Express Way Site,13,55,41,14,17,24,41.5,74.5,09:09,Habitual Late
769,Ravi Joshi50,Noida Express Way Site,13,51,40,11,15,25,37.5,78.4,09:11,Often Late
770,Kumar Mehta51,Noida Express Way Site,13,56,47,9,7,40,14.9,83.9,08:59,Mostly On-Time
771,Sunil Shah52,Noida Express Way Site,13,50,40,10,6,34,15.0,80.0,09:01,Mostly On-Time
772,Ajay Malik53,Noida Express Way Site,13,59,46,13,9,37,19.6,78.0,08:59,Mostly On-Time
773,Vijay Thakur54,Noida Express Way Site,13,55,47,8,17,30,36.2,85.5,09:13,Often Late
774,Rohit Sharma55,Noida Express Way Site,13,55,47,8,21,26,44.7,85.5,09:21,Habitual Late
775,Naveen Singh56,Noida Express Way Site,13,45,40,5,11,29,27.5,88.9,09:10,Often Late
776,Ashok Yadav57,Noida Express Way Site,13,47,40,7,19,21,47.5,85.1,09:19,Habitual Late
777,Mukesh Verma58,Noida Express Way Site,13,56,49,7,21,28,42.9,87.5,09:14,Habitual Late
778,Dinesh Gupta59,Noida Express Way Site,13,51,39,12,14,25,35.9,76.5,09:16,Often Late
779,Rajesh Shah,Noida Express Way Site,17,44,37,7,20,17,54.1,84.1,09:25,Habitual Late
780,Amit Sharma,Noida Express Way Site,17,47,40,7,3,37,7.5,85.1,08:59,Mostly On-Time
781,Suresh Verma,Noida Express Way Site,17,44,32,12,3,29,9.4,72.7,09:00,Mostly On-Time
782,Vikram Patel,Noida Express Way Site,17,42,40,2,5,35,12.5,95.2,08:56,Mostly On-Time
783,Ramesh Chauhan,Noida Express Way Site,17,51,44,7,8,36,18.2,86.3,09:03,Mostly On-Time
784,Deepak Pandey,Noida Express Way Site,17,44,40,4,9,31,22.5,90.9,09:02,Often Late
785,Anil Joshi,Noida Express Way Site,17,37,28,9,9,19,32.1,75.7,09:08,Often Late
786,Sanjay Malik,Noida Express Way Site,17,39,34,5,13,21,38.2,87.2,09:17,Often Late
787,Manoj Singh,Noida Express Way Site,17,46,40,6,16,24,40.0,87.0,09:14,Habitual Late
788,Pradeep Gupta,Noida Express Way Site,17,45,41,4,10,31,24.4,91.1,09:08,Often Late
789,Ravi Khan,Noida Express Way Site,17,46,39,7,23,16,59.0,84.8,09:27,Habitual Late
790,Kumar Mishra,Noida Express Way Site,17,40,30,10,5,25,16.7,75.0,08:57,Mostly On-Time
791,Sunil Reddy,Noida Express Way Site,17,48,41,7,8,33,19.5,85.4,09:05,Mostly On-Time
792,Ajay Mehta,Noida Express Way Site,17,56,43,13,9,34,20.9,76.8,09:00,Often Late
793,Vijay Thakur,Noida Express Way Site,17,45,35,10,8,27,22.9,77.8,09:04,Often Late
794,Rohit Yadav,Noida Express Way Site,17,43,37,6,14,23,37.8,86.0,09:13,Often Late
795,Naveen Kumar,Noida Express Way Site,17,40,35,5,12,23,34.3,87.5,09:08,Often Late
796,Ashok Ali,Noida Express Way Site,17,49,35,14,12,23,34.3,71.4,09:11,Often Late
797,Mukesh Jha,Noida Express Way Site,17,47,41,6,20,21,48.8,87.2,09:22,Habitual Late
798,Dinesh Nair,Noida Express Way Site,17,48,40,8,15,25,37.5,83.3,09:16,Often Late
799,Pankaj Shah,Noida Express Way Site,17,44,37,7,18,19,48.6,84.1,09:24,Habitual Late
800,Sandeep Sharma,Noida Express Way Site,17,39,31,8,3,28,9.7,79.5,08:56,Mostly On-Time
801,Yogesh Verma,Noida Express Way Site,17,48,41,7,11,30,26.8,85.4,09:07,Often Late
802,Mahesh Patel,Noida Express Way Site,17,50,42,8,11,31,26.2,84.0,09:05,Often Late
803,Naresh Chauhan,Noida Express Way Site,17,43,37,6,9,28,24.3,86.0,09:10,Often Late
804,Gopal Pandey,Noida Express Way Site,17,49,41,8,9,32,22.0,83.7,09:03,Often Late
805,Hari Joshi,Noida Express Way Site,17,40,35,5,15,20,42.9,87.5,09:19,Habitual Late
806,Imran Malik,Noida Express Way Site,17,45,41,4,18,23,43.9,91.1,09:19,Habitual Late
807,Farhan Singh,Noida Express Way Site,17,52,47,5,21,26,44.7,90.4,09:18,Habitual Late
808,Salim Gupta,Noida Express Way Site,17,48,40,8,18,22,45.0,83.3,09:20,Habitual Late
809,Arun Khan,Noida Express Way Site,17,43,38,5,16,22,42.1,88.4,09:15,Habitual Late
810,Kiran Mishra,Noida Express Way Site,17,44,36,8,6,30,16.7,81.8,09:00,Mostly On-Time
811,Prakash Reddy,Noida Express Way Site,17,40,35,5,7,28,20.0,87.5,09:04,Often Late
812,Bharat Mehta,Noida Express Way Site,17,42,34,8,9,25,26.5,81.0,09:06,Often Late
813,Gaurav Thakur,Noida Express Way Site,17,45,36,9,3,33,8.3,80.0,09:00,Mostly On-Time
814,Nikhil Yadav,Noida Express Way Site,17,41,34,7,8,26,23.5,82.9,09:09,Often Late
815,Varun Kumar,Noida Express Way Site,17,48,38,10,13,25,34.2,79.2,09:12,Often Late
816,Saurabh Ali,Noida Express Way Site,17,47,36,11,12,24,33.3,76.6,09:10,Often Late
817,Abhishek Jha,Noida Express Way Site,17,52,44,8,19,25,43.2,84.6,09:13,Habitual Late
818,Rahul Nair,Noida Express Way Site,17,39,26,13,14,12,53.8,66.7,09:24,Habitual Late
819,Rajesh Kumar40,Noida Express Way Site,17,39,31,8,17,14,54.8,79.5,09:29,Habitual Late
820,Amit Patel41,Noida Express Way Site,17,45,40,5,8,32,20.0,88.9,09:03,Often Late
821,Suresh Khan42,Noida Express Way Site,17,48,40,8,3,37,7.5,83.3,08:56,Mostly On-Time
822,Vikram Ali43,Noida Express Way Site,17,45,33,12,7,26,21.2,73.3,09:02,Often Late
823,Ramesh Chauhan44,Noida Express Way Site,17,48,38,10,14,24,36.8,79.2,09:16,Often Late
824,Deepak Mishra45,Noida Express Way Site,17,45,34,11,11,23,32.4,75.6,09:11,Often Late
825,Anil Jha46,Noida Express Way Site,17,41,35,6,11,24,31.4,85.4,09:15,Often Late
826,Sanjay Pandey47,Noida Express Way Site,17,43,38,5,15,23,39.5,88.4,09:15,Often Late
827,Manoj Reddy48,Noida Express Way Site,17,48,40,8,20,20,50.0,83.3,09:20,Habitual Late
828,Pradeep Nair49,Noida Express Way Site,17,40,30,10,12,18,40.0,75.0,09:09,Habitual Late
829,Ravi Joshi50,Noida Express Way Site,17,46,41,5,20,21,48.8,89.1,09:18,Habitual Late
830,Kumar Mehta51,Noida Express Way Site,17,48,41,7,5,36,12.2,85.4,09:01,Mostly On-Time
831,Sunil Shah52,Noida Express Way Site,17,42,35,7,7,28,20.0,83.3,09:08,Often Late
832,Ajay Malik53,Noida Express Way Site,17,43,33,10,7,26,21.2,76.7,09:00,Often Late
833,Vijay Thakur54,Noida Express Way Site,17,48,45,3,15,30,33.3,93.8,09:13,Often Late
834,Rohit Sharma55,Noida Express Way Site,17,47,37,10,16,21,43.2,78.7,09:19,Habitual Late
835,Naveen Singh56,Noida Express Way Site,17,40,31,9,11,20,35.5,77.5,09:14,Often Late
836,Ashok Yadav57,Noida Express Way Site,17,42,36,6,16,20,44.4,85.7,09:19,Habitual Late
837,Mukesh Verma58,Noida Express Way Site,17,46,42,4,18,24,42.9,91.3,09:13,Habitual Late
838,Dinesh Gupta59,Noida Express Way Site,17,45,37,8,13,24,35.1,82.2,09:15,Often Late
839,Rajesh Singh,Noida Express Way Site,21,52,45,7,21,24,46.7,86.5,09:23,Habitual Late
840,Amit Gupta,Noida Express Way Site,21,44,38,6,5,33,13.2,86.4,09:00,Mostly On-Time
841,Suresh Khan,Noida Express Way Site,21,37,32,5,4,28,12.5,86.5,09:02,Mostly On-Time
842,Vikram Mishra,Noida Express Way Site,21,44,41,3,7,34,17.1,93.2,08:59,Mostly On-Time
843,Ramesh Reddy,Noida Express Way Site,21,44,41,3,9,32,22.0,93.2,09:03,Often Late
844,Deepak Mehta,Noida Express Way Site,21,45,41,4,13,28,31.7,91.1,09:10,Often Late
845,Anil Thakur,Noida Express Way Site,21,41,34,7,15,19,44.1,82.9,09:13,Habitual Late
846,Sanjay Yadav,Noida Express Way Site,21,45,39,6,15,24,38.5,86.7,09:18,Often Late
847,Manoj Kumar,Noida Express Way Site,21,37,34,3,15,19,44.1,91.9,09:13,Habitual Late
848,Pradeep Ali,Noida Express Way Site,21,39,35,4,10,25,28.6,89.7,09:11,Often Late
849,Ravi Jha,Noida Express Way Site,21,42,36,6,21,15,58.3,85.7,09:25,Habitual Late
850,Kumar Nair,Noida Express Way Site,21,41,33,8,9,24,27.3,80.5,09:05,Often Late
851,Sunil Shah,Noida Express Way Site,21,42,42,0,7,35,16.7,100.0,09:01,Mostly On-Time
852,Ajay Sharma,Noida Express Way Site,21,50,45,5,8,37,17.8,90.0,09:00,Mostly On-Time
853,Vijay Verma,Noida Express Way Site,21,49,42,7,8,34,19.0,85.7,09:03,Mostly On-Time
854,Rohit Patel,Noida Express Way Site,21,42,39,3,15,24,38.5,92.9,09:15,Often Late
855,Naveen Chauhan,Noida Express Way Site,21,42,35,7,13,22,37.1,83.3,09:12,Often Late
856,Ashok Pandey,Noida Express Way Site,21,43,39,4,16,23,41.0,90.7,09:18,Habitual Late
857,Mukesh Joshi,Noida Express Way Site,21,46,42,4,14,28,33.3,91.3,09:14,Often Late
858,Dinesh Malik,Noida Express Way Site,21,41,39,2,14,25,35.9,95.1,09:15,Often Late
859,Pankaj Singh,Noida Express Way Site,21,47,41,6,20,21,48.8,87.2,09:26,Habitual Late
860,Sandeep Gupta,Noida Express Way Site,21,36,32,4,1,31,3.1,88.9,08:51,Mostly On-Time
861,Yogesh Khan,Noida Express Way Site,21,39,35,4,8,27,22.9,89.7,09:04,Often Late
862,Mahesh Mishra,Noida Express Way Site,21,47,42,5,11,31,26.2,89.4,09:06,Often Late
863,Naresh Reddy,Noida Express Way Site,21,45,39,6,11,28,28.2,86.7,09:10,Often Late
864,Gopal Mehta,Noida Express Way Site,21,44,38,6,10,28,26.3,86.4,09:04,Often Late
865,Hari Thakur,Noida Express Way Site,21,41,36,5,15,21,41.7,87.8,09:15,Habitual Late
866,Imran Yadav,Noida Express Way Site,21,41,34,7,14,20,41.2,82.9,09:19,Habitual Late
867,Farhan Kumar,Noida Express Way Site,21,45,37,8,15,22,40.5,82.2,09:15,Habitual Late
868,Salim Ali,Noida Express Way Site,21,46,43,3,18,25,41.9,93.5,09:18,Habitual Late
869,Arun Jha,Noida Express Way Site,21,38,32,6,18,14,56.2,84.2,09:19,Habitual Late
870,Kiran Nair,Noida Express Way Site,21,43,35,8,4,31,11.4,81.4,08:54,Mostly On-Time
871,Prakash Shah,Noida Express Way Site,21,40,35,5,9,26,25.7,87.5,09:08,Often Late
872,Bharat Sharma,Noida Express Way Site,21,39,37,2,8,29,21.6,94.9,09:03,Often Late
873,Gaurav Verma,Noida Express Way Site,21,47,37,10,3,34,8.1,78.7,08:58,Mostly On-Time
874,Nikhil Patel,Noida Express Way Site,21,41,37,4,14,23,37.8,90.2,09:16,Often Late
875,Varun Chauhan,Noida Express Way Site,21,46,40,6,8,32,20.0,87.0,09:02,Often Late
876,Saurabh Pandey,Noida Express Way Site,21,43,38,5,14,24,36.8,88.4,09:15,Often Late
877,Abhishek Joshi,Noida Express Way Site,21,49,47,2,20,27,42.6,95.9,09:14,Habitual Late
878,Rahul Malik,Noida Express Way Site,21,42,37,5,18,19,48.6,88.1,09:25,Habitual Late
879,Rajesh Kumar40,Noida Express Way Site,21,29,26,3,13,13,50.0,89.7,09:23,Habitual Late
880,Amit Patel41,Noida Express Way Site,21,47,45,2,11,34,24.4,95.7,09:08,Often Late
881,Suresh Khan42,Noida Express Way Site,21,50,40,10,6,34,15.0,80.0,08:57,Mostly On-Time
882,Vikram Ali43,Noida Express Way Site,21,38,32,6,7,25,21.9,84.2,09:03,Often Late
883,Ramesh Chauhan44,Noida Express Way Site,21,46,40,6,12,28,30.0,87.0,09:13,Often Late
884,Deepak Mishra45,Noida Express Way Site,21,43,37,6,15,22,40.5,86.0,09:17,Habitual Late
885,Anil Jha46,Noida Express Way Site,21,47,37,10,13,24,35.1,78.7,09:14,Often Late
886,Sanjay Pandey47,Noida Express Way Site,21,40,39,1,18,21,46.2,97.5,09:18,Habitual Late
887,Manoj Reddy48,Noida Express Way Site,21,45,39,6,17,22,43.6,86.7,09:20,Habitual Late
888,Pradeep Nair49,Noida Express Way Site,21,45,39,6,17,22,43.6,86.7,09:12,Habitual Late
889,Ravi Joshi50,Noida Express Way Site,21,42,36,6,15,21,41.7,85.7,09:14,Habitual Late
890,Kumar Mehta51,Noida Express Way Site,21,48,37,11,8,29,21.6,77.1,09:04,Often Late
891,Sunil Shah52,Noida Express Way Site,21,39,34,5,5,29,14.7,87.2,08:57,Mostly On-Time
892,Ajay Malik53,Noida Express Way Site,21,43,39,4,8,31,20.5,90.7,08:59,Often Late
893,Vijay Thakur54,Noida Express Way Site,21,50,41,9,15,26,36.6,82.0,09:12,Often Late
894,Rohit Sharma55,Noida Express Way Site,21,49,38,11,19,19,50.0,77.6,09:25,Habitual Late
895,Naveen Singh56,Noida Express Way Site,21,38,32,6,10,22,31.2,84.2,09:11,Often Late
896,Ashok Yadav57,Noida Express Way Site,21,44,40,4,16,24,40.0,90.9,09:17,Habitual Late
897,Mukesh Verma58,Noida Express Way Site,21,43,36,7,14,22,38.9,83.7,09:13,Often Late
898,Dinesh Gupta59,Noida Express Way Site,21,40,32,8,12,20,37.5,80.0,09:18,Often Late
899,Rajesh Kumar,Noida Express Way Site,25,53,46,7,24,22,52.2,86.8,09:25,Habitual Late
900,Amit Ali,Noida Express Way Site,25,52,43,9,3,40,7.0,82.7,08:55,Mostly On-Time
901,Suresh Jha,Noida Express Way Site,25,44,36,8,5,31,13.9,81.8,08:58,Mostly On-Time
902,Vikram Nair,Noida Express Way Site,25,54,43,11,8,35,18.6,79.6,09:01,Mostly On-Time
903,Ramesh Shah,Noida Express Way Site,25,53,44,9,10,34,22.7,83.0,09:04,Often Late
904,Deepak Sharma,Noida Express Way Site,25,52,40,12,8,32,20.0,76.9,09:00,Often Late
905,Anil Verma,Noida Express Way Site,25,42,32,10,12,20,37.5,76.2,09:11,Often Late
906,Sanjay Patel,Noida Express Way Site,25,44,35,9,11,24,31.4,79.5,09:14,Often Late
907,Manoj Chauhan,Noida Express Way Site,25,53,36,17,17,19,47.2,67.9,09:18,Habitual Late
908,Pradeep Pandey,Noida Express Way Site,25,51,39,12,12,27,30.8,76.5,09:15,Often Late
909,Ravi Joshi,Noida Express Way Site,25,42,35,7,23,12,65.7,83.3,09:30,Habitual Late
910,Kumar Malik,Noida Express Way Site,25,42,30,12,6,24,20.0,71.4,08:58,Often Late
911,Sunil Singh,Noida Express Way Site,25,48,42,6,8,34,19.0,87.5,09:06,Mostly On-Time
912,Ajay Gupta,Noida Express Way Site,25,59,52,7,10,42,19.2,88.1,09:01,Mostly On-Time
913,Vijay Khan,Noida Express Way Site,25,47,38,9,8,30,21.1,80.9,09:04,Often Late
914,Rohit Mishra,Noida Express Way Site,25,50,38,12,12,26,31.6,76.0,09:11,Often Late
915,Naveen Reddy,Noida Express Way Site,25,49,41,8,12,29,29.3,83.7,09:06,Often Late
916,Ashok Mehta,Noida Express Way Site,25,51,40,11,14,26,35.0,78.4,09:11,Often Late
917,Mukesh Thakur,Noida Express Way Site,25,49,38,11,16,22,42.1,77.6,09:20,Habitual Late
918,Dinesh Yadav,Noida Express Way Site,25,52,41,11,14,27,34.1,78.8,09:13,Often Late
919,Pankaj Kumar,Noida Express Way Site,25,56,43,13,19,24,44.2,76.8,09:20,Habitual Late
920,Sandeep Ali,Noida Express Way Site,25,38,32,6,3,29,9.4,84.2,08:54,Mostly On-Time
921,Yogesh Jha,Noida Express Way Site,25,47,33,14,8,25,24.2,70.2,09:07,Often Late
922,Mahesh Nair,Noida Express Way Site,25,50,39,11,9,30,23.1,78.0,09:04,Often Late
923,Naresh Shah,Noida Express Way Site,25,43,37,6,10,27,27.0,86.0,09:09,Often Late
924,Gopal Sharma,Noida Express Way Site,25,53,40,13,10,30,25.0,75.5,09:06,Often Late
925,Hari Verma,Noida Express Way Site,25,46,38,8,12,26,31.6,82.6,09:12,Often Late
926,Imran Patel,Noida Express Way Site,25,48,39,9,16,23,41.0,81.2,09:19,Habitual Late
927,Farhan Chauhan,Noida Express Way Site,25,51,41,10,18,23,43.9,80.4,09:16,Habitual Late
928,Salim Pandey,Noida Express Way Site,25,49,44,5,16,28,36.4,89.8,09:12,Often Late
929,Arun Joshi,Noida Express Way Site,25,47,38,9,14,24,36.8,80.9,09:11,Often Late
930,Kiran Malik,Noida Express Way Site,25,45,38,7,7,31,18.4,84.4,09:00,Mostly On-Time
931,Prakash Singh,Noida Express Way Site,25,46,34,12,7,27,20.6,73.9,09:06,Often Late
932,Bharat Gupta,Noida Express Way Site,25,46,34,12,7,27,20.6,73.9,09:04,Often Late
933,Gaurav Khan,Noida Express Way Site,25,51,36,15,4,32,11.1,70.6,09:01,Mostly On-Time
934,Nikhil Mishra,Noida Express Way Site,25,47,36,11,10,26,27.8,76.6,09:11,Often Late
935,Varun Reddy,Noida Express Way Site,25,50,41,9,12,29,29.3,82.0,09:09,Often Late
936,Saurabh Mehta,Noida Express Way Site,25,49,43,6,14,29,32.6,87.8,09:12,Often Late
937,Abhishek Thakur,Noida Express Way Site,25,61,48,13,21,27,43.8,78.7,09:15,Habitual Late
938,Rahul Yadav,Noida Express Way Site,25,44,36,8,23,13,63.9,81.8,09:30,Habitual Late
939,Rajesh Kumar40,Noida Express Way Site,25,43,37,6,21,16,56.8,86.0,09:29,Habitual Late
940,Amit Patel41,Noida Express Way Site,25,54,41,13,8,33,19.5,75.9,09:02,Mostly On-Time
941,Suresh Khan42,Noida Express Way Site,25,53,46,7,5,41,10.9,86.8,08:57,Mostly On-Time
942,Vikram Ali43,Noida Express Way Site,25,50,39,11,8,31,20.5,78.0,09:02,Often Late
943,Ramesh Chauhan44,Noida Express Way Site,25,57,45,12,15,30,33.3,78.9,09:13,Often Late
944,Deepak Mishra45,Noida Express Way Site,25,50,39,11,13,26,33.3,78.0,09:13,Often Late
945,Anil Jha46,Noida Express Way Site,25,47,37,10,10,27,27.0,78.7,09:12,Often Late
946,Sanjay Pandey47,Noida Express Way Site,25,47,40,7,19,21,47.5,85.1,09:20,Habitual Late
947,Manoj Reddy48,Noida Express Way Site,25,49,40,9,19,21,47.5,81.6,09:23,Habitual Late
948,Pradeep Nair49,Noida Express Way Site,25,43,35,8,14,21,40.0,81.4,09:10,Habitual Late
949,Ravi Joshi50,Noida Express Way Site,25,50,37,13,16,21,43.2,74.0,09:16,Habitual Late
950,Kumar Mehta51,Noida Express Way Site,25,53,40,13,5,35,12.5,75.5,08:58,Mostly On-Time
951,Sunil Shah52,Noida Express Way Site,25,52,39,13,7,32,17.9,75.0,09:04,Mostly On-Time
952,Ajay Malik53,Noida Express Way Site,25,51,38,13,4,34,10.5,74.5,08:55,Mostly On-Time
953,Vijay Thakur54,Noida Express Way Site,25,52,45,7,15,30,33.3,86.5,09:12,Often Late
954,Rohit Sharma55,Noida Express Way Site,25,45,41,4,21,20,51.2,91.1,09:23,Habitual Late
955,Naveen Singh56,Noida Express Way Site,25,44,36,8,12,24,33.3,81.8,09:14,Often Late
956,Ashok Yadav57,Noida Express Way Site,25,48,35,13,14,21,40.0,72.9,09:18,Habitual Late
957,Mukesh Verma58,Noida Express Way Site,25,47,43,4,18,25,41.9,91.5,09:15,Habitual Late
958,Dinesh Gupta59,Noida Express Way Site,25,49,40,9,16,24,40.0,81.6,09:18,Habitual Late
959,Rajesh Chauhan,Noida Express Way Site,29,43,40,3,22,18,55.0,93.0,09:27,Habitual Late
960,Amit Pandey,Noida Express Way Site,29,46,43,3,9,34,20.9,93.5,09:03,Often Late
961,Suresh Joshi,Noida Express Way Site,29,43,40,3,5,35,12.5,93.0,09:03,Mostly On-Time
962,Vikram Malik,Noida Express Way Site,29,35,32,3,7,25,21.9,91.4,09:04,Often Late
963,Ramesh Singh,Noida Express Way Site,29,44,38,6,8,30,21.1,86.4,09:04,Often Late
964,Deepak Gupta,Noida Express Way Site,29,44,39,5,7,32,17.9,88.6,08:58,Mostly On-Time
965,Anil Khan,Noida Express Way Site,29,36,36,0,8,28,22.2,100.0,09:05,Often Late
966,Sanjay Mishra,Noida Express Way Site,29,39,32,7,14,18,43.8,82.1,09:20,Habitual Late
967,Manoj Reddy,Noida Express Way Site,29,46,42,4,17,25,40.5,91.3,09:16,Habitual Late
968,Pradeep Mehta,Noida Express Way Site,29,43,37,6,12,25,32.4,86.0,09:12,Often Late
969,Ravi Thakur,Noida Express Way Site,29,35,34,1,22,12,64.7,97.1,09:31,Habitual Late
970,Kumar Yadav,Noida Express Way Site,29,41,37,4,5,32,13.5,90.2,08:57,Mostly On-Time
971,Sunil Kumar,Noida Express Way Site,29,41,36,5,8,28,22.2,87.8,09:08,Often Late
972,Ajay Ali,Noida Express Way Site,29,45,44,1,10,34,22.7,97.8,09:03,Often Late
973,Vijay Jha,Noida Express Way Site,29,44,43,1,9,34,20.9,97.7,09:01,Often Late
974,Rohit Nair,Noida Express Way Site,29,39,35,4,11,24,31.4,89.7,09:12,Often Late
975,Naveen Shah,Noida Express Way Site,29,37,35,2,11,24,31.4,94.6,09:07,Often Late
976,Ashok Sharma,Noida Express Way Site,29,42,35,7,10,25,28.6,83.3,09:05,Often Late
977,Mukesh Verma,Noida Express Way Site,29,44,42,2,23,19,54.8,95.5,09:25,Habitual Late
978,Dinesh Patel,Noida Express Way Site,29,41,37,4,14,23,37.8,90.2,09:20,Often Late
979,Pankaj Chauhan,Noida Express Way Site,29,39,35,4,17,18,48.6,89.7,09:21,Habitual Late
980,Sandeep Pandey,Noida Express Way Site,29,40,35,5,6,29,17.1,87.5,08:59,Mostly On-Time
981,Yogesh Joshi,Noida Express Way Site,29,45,41,4,6,35,14.6,91.1,09:02,Mostly On-Time
982,Mahesh Malik,Noida Express Way Site,29,44,42,2,11,31,26.2,95.5,09:08,Often Late
983,Naresh Singh,Noida Express Way Site,29,41,37,4,7,30,18.9,90.2,09:04,Mostly On-Time
984,Gopal Gupta,Noida Express Way Site,29,44,39,5,8,31,20.5,88.6,09:02,Often Late
985,Hari Khan,Noida Express Way Site,29,43,39,4,14,25,35.9,90.7,09:16,Often Late
986,Imran Mishra,Noida Express Way Site,29,41,36,5,15,21,41.7,87.8,09:16,Habitual Late
987,Farhan Reddy,Noida Express Way Site,29,47,41,6,20,21,48.8,87.2,09:22,Habitual Late
988,Salim Mehta,Noida Express Way Site,29,44,40,4,20,20,50.0,90.9,09:25,Habitual Late
989,Arun Thakur,Noida Express Way Site,29,42,35,7,13,22,37.1,83.3,09:09,Often Late
990,Kiran Yadav,Noida Express Way Site,29,35,31,4,6,25,19.4,88.6,09:03,Mostly On-Time
991,Prakash Kumar,Noida Express Way Site,29,35,32,3,8,24,25.0,91.4,09:09,Often Late
992,Bharat Ali,Noida Express Way Site,29,40,33,7,11,22,33.3,82.5,09:14,Often Late
993,Gaurav Jha,Noida Express Way Site,29,49,45,4,5,40,11.1,91.8,09:02,Mostly On-Time
994,Nikhil Nair,Noida Express Way Site,29,39,36,3,9,27,25.0,92.3,09:06,Often Late
995,Varun Shah,Noida Express Way Site,29,40,38,2,13,25,34.2,95.0,09:12,Often Late
996,Saurabh Sharma,Noida Express Way Site,29,47,45,2,18,27,40.0,95.7,09:16,Habitual Late
997,Abhishek Verma,Noida Express Way Site,29,45,44,1,16,28,36.4,97.8,09:10,Often Late
998,Rahul Patel,Noida Express Way Site,29,40,37,3,19,18,51.4,92.5,09:26,Habitual Late
999,Rajesh Kumar40,Noida Express Way Site,29,42,38,4,20,18,52.6,90.5,09:25,Habitual Late
1000,Amit Patel41,Noida Express Way Site,29,39,34,5,7,27,20.6,87.2,09:04,Often Late
1001,Suresh Khan42,Noida Express Way Site,29,39,32,7,6,26,18.8,82.1,09:03,Mostly On-Time
1002,Vikram Ali43,Noida Express Way Site,29,41,37,4,8,29,21.6,90.2,09:03,Often Late
1003,Ramesh Chauhan44,Noida Express Way Site,29,50,45,5,17,28,37.8,90.0,09:17,Often Late
1004,Deepak Mishra45,Noida Express Way Site,29,44,41,3,13,28,31.7,93.2,09:12,Often Late
1005,Anil Jha46,Noida Express Way Site,29,34,30,4,8,22,26.7,88.2,09:13,Often Late
1006,Sanjay Pandey47,Noida Express Way Site,29,37,34,3,15,19,44.1,91.9,09:19,Habitual Late
1007,Manoj Reddy48,Noida Express Way Site,29,43,39,4,19,20,48.7,90.7,09:20,Habitual Late
1008,Pradeep Nair49,Noida Express Way Site,29,42,37,5,12,25,32.4,88.1,09:04,Often Late
1009,Ravi Joshi50,Noida Express Way Site,29,42,38,4,14,24,36.8,90.5,09:11,Often Late
1010,Kumar Mehta51,Noida Express Way Site,29,41,38,3,6,32,15.8,92.7,09:02,Mostly On-Time
1011,Sunil Shah52,Noida Express Way Site,29,38,37,1,6,31,16.2,97.4,09:04,Mostly On-Time
1012,Ajay Malik53,Noida Express Way Site,29,34,32,2,8,24,25.0,94.1,09:05,Often Late
1013,Vijay Thakur54,Noida Express Way Site,29,41,38,3,15,23,39.5,92.7,09:17,Often Late
1014,Rohit Sharma55,Noida Express Way Site,29,45,41,4,19,22,46.3,91.1,09:23,Habitual Late
1015,Naveen Singh56,Noida Express Way Site,29,40,38,2,11,27,28.9,95.0,09:07,Often Late
1016,Ashok Yadav57,Noida Express Way Site,29,38,32,6,12,20,37.5,84.2,09:16,Often Late
1017,Mukesh Verma58,Noida Express Way Site,29,42,40,2,17,23,42.5,95.2,09:20,Habitual Late
1018,Dinesh Gupta59,Noida Express Way Site,29,43,40,3,17,23,42.5,93.0,09:17,Habitual Late
1019,Rajesh Reddy,Noida Express Way Site,33,49,35,14,16,19,45.7,71.4,09:21,Habitual Late
1020,Amit Mehta,Noida Express Way Site,33,50,37,13,2,35,5.4,74.0,08:55,Mostly On-Time
1021,Suresh Thakur,Noida Express Way Site,33,47,38,9,8,30,21.1,80.9,09:05,Often Late
1022,Vikram Yadav,Noida Express Way Site,33,49,37,12,9,28,24.3,75.5,09:03,Often Late
1023,Ramesh Kumar,Noida Express Way Site,33,51,39,12,14,25,35.9,76.5,09:14,Often Late
1024,Deepak Ali,Noida Express Way Site,33,50,34,16,8,26,23.5,68.0,09:04,Often Late
1025,Anil Jha,Noida Express Way Site,33,45,27,18,12,15,44.4,60.0,09:18,Habitual Late
1026,Sanjay Nair,Noida Express Way Site,33,48,34,14,8,26,23.5,70.8,09:07,Often Late
1027,Manoj Shah,Noida Express Way Site,33,49,34,15,11,23,32.4,69.4,09:11,Often Late
1028,Pradeep Sharma,Noida Express Way Site,33,49,32,17,10,22,31.2,65.3,09:12,Often Late
1029,Ravi Verma,Noida Express Way Site,33,47,31,16,18,13,58.1,66.0,09:23,Habitual Late
1030,Kumar Patel,Noida Express Way Site,33,41,32,9,6,26,18.8,78.0,09:01,Mostly On-Time
1031,Sunil Chauhan,Noida Express Way Site,33,51,39,12,6,33,15.4,76.5,09:05,Mostly On-Time
1032,Ajay Pandey,Noida Express Way Site,33,59,45,14,9,36,20.0,76.3,09:00,Often Late
1033,Vijay Joshi,Noida Express Way Site,33,51,36,15,7,29,19.4,70.6,09:05,Mostly On-Time
1034,Rohit Malik,Noida Express Way Site,33,49,36,13,14,22,38.9,73.5,09:16,Often Late
1035,Naveen Singh,Noida Express Way Site,33,44,34,10,8,26,23.5,77.3,09:03,Often Late
1036,Ashok Gupta,Noida Express Way Site,33,46,35,11,11,24,31.4,76.1,09:13,Often Late
1037,Mukesh Khan,Noida Express Way Site,33,49,31,18,11,20,35.5,63.3,09:16,Often Late
1038,Dinesh Mishra,Noida Express Way Site,33,48,35,13,19,16,54.3,72.9,09:26,Habitual Late
1039,Pankaj Reddy,Noida Express Way Site,33,49,35,14,14,21,40.0,71.4,09:17,Habitual Late
1040,Sandeep Mehta,Noida Express Way Site,33,39,25,14,4,21,16.0,64.1,08:57,Mostly On-Time
1041,Yogesh Thakur,Noida Express Way Site,33,48,38,10,6,32,15.8,79.2,09:02,Mostly On-Time
1042,Mahesh Yadav,Noida Express Way Site,33,53,36,17,10,26,27.8,67.9,09:09,Often Late
1043,Naresh Kumar,Noida Express Way Site,33,51,28,23,7,21,25.0,54.9,09:07,Often Late
1044,Gopal Ali,Noida Express Way Site,33,49,39,10,6,33,15.4,79.6,08:58,Mostly On-Time
1045,Hari Jha,Noida Express Way Site,33,49,36,13,11,25,30.6,73.5,09:09,Often Late
1046,Imran Nair,Noida Express Way Site,33,46,32,14,17,15,53.1,69.6,09:26,Habitual Late
1047,Farhan Shah,Noida Express Way Site,33,55,38,17,15,23,39.5,69.1,09:11,Often Late
1048,Salim Sharma,Noida Express Way Site,33,53,37,16,19,18,51.4,69.8,09:21,Habitual Late
1049,Arun Verma,Noida Express Way Site,33,46,37,9,11,26,29.7,80.4,09:10,Often Late
1050,Kiran Patel,Noida Express Way Site,33,46,36,10,5,31,13.9,78.3,08:58,Mostly On-Time
1051,Prakash Chauhan,Noida Express Way Site,33,50,36,14,4,32,11.1,72.0,08:59,Mostly On-Time
1052,Bharat Pandey,Noida Express Way Site,33,42,31,11,6,25,19.4,73.8,09:02,Mostly On-Time
1053,Gaurav Joshi,Noida Express Way Site,33,59,40,19,9,31,22.5,67.8,09:03,Often Late
1054,Nikhil Malik,Noida Express Way Site,33,43,33,10,14,19,42.4,76.7,09:18,Habitual Late
1055,Varun Singh,Noida Express Way Site,33,52,43,9,11,32,25.6,82.7,09:09,Often Late
1056,Saurabh Gupta,Noida Express Way Site,33,46,35,11,14,21,40.0,76.1,09:19,Habitual Late
1057,Abhishek Khan,Noida Express Way Site,33,56,43,13,15,28,34.9,76.8,09:13,Often Late
1058,Rahul Mishra,Noida Express Way Site,33,46,32,14,13,19,40.6,69.6,09:17,Habitual Late
1059,Rajesh Kumar40,Noida Express Way Site,33,46,31,15,12,19,38.7,67.4,09:09,Often Late
1060,Amit Patel41,Noida Express Way Site,33,50,38,12,4,34,10.5,76.0,08:55,Mostly On-Time
1061,Suresh Khan42,Noida Express Way Site,33,53,42,11,7,35,16.7,79.2,09:02,Mostly On-Time
1062,Vikram Ali43,Noida Express Way Site,33,50,39,11,9,30,23.1,78.0,09:04,Often Late
1063,Ramesh Chauhan44,Noida Express Way Site,33,48,34,14,7,27,20.6,70.8,09:08,Often Late
1064,Deepak Mishra45,Noida Express Way Site,33,47,36,11,10,26,27.8,76.6,09:14,Often Late
1065,Anil Jha46,Noida Express Way Site,33,37,21,16,7,14,33.3,56.8,09:17,Often Late
1066,Sanjay Pandey47,Noida Express Way Site,33,52,41,11,12,29,29.3,78.8,09:11,Often Late
1067,Manoj Reddy48,Noida Express Way Site,33,42,31,11,13,18,41.9,73.8,09:18,Habitual Late
1068,Pradeep Nair49,Noida Express Way Site,33,48,34,14,8,26,23.5,70.8,09:02,Often Late
1069,Ravi Joshi50,Noida Express Way Site,33,49,34,15,17,17,50.0,69.4,09:20,Habitual Late
1070,Kumar Mehta51,Noida Express Way Site,33,53,31,22,6,25,19.4,58.5,09:06,Mostly On-Time
1071,Sunil Shah52,Noida Express Way Site,33,47,34,13,7,27,20.6,72.3,09:02,Often Late
1072,Ajay Malik53,Noida Express Way Site,33,55,42,13,15,27,35.7,76.4,09:13,Often Late
1073,Vijay Thakur54,Noida Express Way Site,33,50,33,17,11,22,33.3,66.0,09:11,Often Late
1074,Rohit Sharma55,Noida Express Way Site,33,46,34,12,9,25,26.5,73.9,09:11,Often Late
1075,Naveen Singh56,Noida Express Way Site,33,47,34,13,14,20,41.2,72.3,09:21,Habitual Late
1076,Ashok Yadav57,Noida Express Way Site,33,49,37,12,15,22,40.5,75.5,09:12,Habitual Late
1077,Mukesh Verma58,Noida Express Way Site,33,48,35,13,13,22,37.1,72.9,09:13,Often Late
1078,Rajesh Verma,Noida Sec 150 Site,3,52,44,8,15,29,34.1,84.6,09:13,Often Late
1079,Amit Patel,Noida Sec 150 Site,3,41,31,10,16,15,51.6,75.6,09:16,Habitual Late
1080,Suresh Chauhan,Noida Sec 150 Site,3,38,30,8,3,27,10.0,78.9,08:57,Mostly On-Time
1081,Vikram Pandey,Noida Sec 150 Site,3,40,31,9,9,22,29.0,77.5,09:03,Often Late
1082,Ramesh Joshi,Noida Sec 150 Site,3,47,37,10,9,28,24.3,78.7,09:06,Often Late
1083,Deepak Malik,Noida Sec 150 Site,3,46,37,9,8,29,21.6,80.4,09:10,Often Late
1084,Anil Singh,Noida Sec 150 Site,3,41,35,6,11,24,31.4,85.4,09:14,Often Late
1085,Sanjay Gupta,Noida Sec 150 Site,3,39,29,10,8,21,27.6,74.4,09:11,Often Late
1086,Manoj Khan,Noida Sec 150 Site,3,41,29,12,7,22,24.1,70.7,09:03,Often Late
1087,Pradeep Mishra,Noida Sec 150 Site,3,50,43,7,21,22,48.8,86.0,09:18,Habitual Late
1088,Ravi Reddy,Noida Sec 150 Site,3,47,34,13,19,15,55.9,72.3,09:32,Habitual Late
1089,Kumar Mehta,Noida Sec 150 Site,3,44,34,10,12,22,35.3,77.3,09:15,Often Late
1090,Sunil Thakur,Noida Sec 150 Site,3,47,38,9,7,31,18.4,80.9,09:02,Mostly On-Time
1091,Ajay Yadav,Noida Sec 150 Site,3,47,38,9,6,32,15.8,80.9,08:58,Mostly On-Time
1092,Vijay Kumar,Noida Sec 150 Site,3,46,38,8,6,32,15.8,82.6,09:00,Mostly On-Time
1093,Rohit Ali,Noida Sec 150 Site,3,43,27,16,7,20,25.9,62.8,09:04,Often Late
1094,Naveen Jha,Noida Sec 150 Site,3,46,31,15,8,23,25.8,67.4,09:09,Often Late
1095,Ashok Nair,Noida Sec 150 Site,3,46,37,9,9,28,24.3,80.4,09:10,Often Late
1096,Mukesh Shah,Noida Sec 150 Site,3,42,31,11,21,10,67.7,73.8,09:30,Habitual Late
1097,Dinesh Sharma,Noida Sec 150 Site,3,44,34,10,15,19,44.1,77.3,09:19,Habitual Late
1098,Pankaj Verma,Noida Sec 150 Site,3,45,32,13,14,18,43.8,71.1,09:19,Habitual Late
1099,Sandeep Patel,Noida Sec 150 Site,3,50,43,7,18,25,41.9,86.0,09:15,Habitual Late
1100,Yogesh Chauhan,Noida Sec 150 Site,3,43,33,10,6,27,18.2,76.7,08:59,Mostly On-Time
1101,Mahesh Pandey,Noida Sec 150 Site,3,48,35,13,5,30,14.3,72.9,08:54,Mostly On-Time
1102,Naresh Joshi,Noida Sec 150 Site,3,40,32,8,6,26,18.8,80.0,09:04,Mostly On-Time
1103,Gopal Malik,Noida Sec 150 Site,3,45,32,13,9,23,28.1,71.1,09:10,Often Late
1104,Hari Singh,Noida Sec 150 Site,3,44,38,6,17,21,44.7,86.4,09:17,Habitual Late
1105,Imran Gupta,Noida Sec 150 Site,3,45,40,5,8,32,20.0,88.9,09:05,Often Late
1106,Farhan Khan,Noida Sec 150 Site,3,47,31,16,9,22,29.0,66.0,09:08,Often Late
1107,Salim Mishra,Noida Sec 150 Site,3,49,39,10,14,25,35.9,79.6,09:11,Often Late
1108,Arun Reddy,Noida Sec 150 Site,3,46,37,9,12,25,32.4,80.4,09:12,Often Late
1109,Kiran Mehta,Noida Sec 150 Site,3,40,36,4,13,23,36.1,90.0,09:13,Often Late
1110,Prakash Thakur,Noida Sec 150 Site,3,43,30,13,5,25,16.7,69.8,09:00,Mostly On-Time
1111,Bharat Yadav,Noida Sec 150 Site,3,42,34,8,6,28,17.6,81.0,09:05,Mostly On-Time
1112,Gaurav Kumar,Noida Sec 150 Site,3,42,31,11,8,23,25.8,73.8,09:11,Often Late
1113,Nikhil Ali,Noida Sec 150 Site,3,43,32,11,11,21,34.4,74.4,09:18,Often Late
1114,Varun Jha,Noida Sec 150 Site,3,47,40,7,13,27,32.5,85.1,09:11,Often Late
1115,Saurabh Nair,Noida Sec 150 Site,3,52,44,8,16,28,36.4,84.6,09:13,Often Late
1116,Abhishek Shah,Noida Sec 150 Site,3,41,29,12,14,15,48.3,70.7,09:21,Habitual Late
1117,Rahul Sharma,Noida Sec 150 Site,3,43,32,11,17,15,53.1,74.4,09:26,Habitual Late
1118,Rajesh Kumar40,Noida Sec 150 Site,3,47,39,8,20,19,51.3,83.0,09:29,Habitual Late
1119,Amit Patel41,Noida Sec 150 Site,3,41,37,4,13,24,35.1,90.2,09:16,Often Late
1120,Suresh Khan42,Noida Sec 150 Site,3,47,36,11,5,31,13.9,76.6,08:58,Mostly On-Time
1121,Vikram Ali43,Noida Sec 150 Site,3,52,41,11,5,36,12.2,78.8,08:55,Mostly On-Time
1122,Ramesh Chauhan44,Noida Sec 150 Site,3,49,39,10,7,32,17.9,79.6,09:01,Mostly On-Time
1123,Deepak Mishra45,Noida Sec 150 Site,3,48,39,9,7,32,17.9,81.2,08:59,Mostly On-Time
1124,Anil Jha46,Noida Sec 150 Site,3,45,33,12,12,21,36.4,73.3,09:10,Often Late
1125,Sanjay Pandey47,Noida Sec 150 Site,3,45,39,6,12,27,30.8,86.7,09:10,Often Late
1126,Manoj Reddy48,Noida Sec 150 Site,3,42,32,10,17,15,53.1,76.2,09:26,Habitual Late
1127,Pradeep Nair49,Noida Sec 150 Site,3,47,38,9,17,21,44.7,80.9,09:19,Habitual Late
1128,Ravi Joshi50,Noida Sec 150 Site,3,41,31,10,14,17,45.2,75.6,09:18,Habitual Late
1129,Kumar Mehta51,Noida Sec 150 Site,3,40,36,4,17,19,47.2,90.0,09:21,Habitual Late
1130,Sunil Shah52,Noida Sec 150 Site,3,36,31,5,1,30,3.2,86.1,08:52,Mostly On-Time
1131,Ajay Malik53,Noida Sec 150 Site,3,42,34,8,7,27,20.6,81.0,09:05,Often Late
1132,Vijay Thakur54,Noida Sec 150 Site,3,42,29,13,7,22,24.1,69.0,09:06,Often Late
1133,Rohit Sharma55,Noida Sec 150 Site,3,45,37,8,14,23,37.8,82.2,09:12,Often Late
1134,Naveen Singh56,Noida Sec 150 Site,3,42,30,12,7,23,23.3,71.4,09:02,Often Late
1135,Ashok Yadav57,Noida Sec 150 Site,3,48,35,13,14,21,40.0,72.9,09:21,Habitual Late
1136,Mukesh Verma58,Noida Sec 150 Site,3,41,32,9,14,18,43.8,78.0,09:13,Habitual Late
1137,Dinesh Gupta59,Noida Sec 150 Site,3,46,37,9,15,22,40.5,80.4,09:13,Habitual Late
1138,Rajesh Khan,Noida Sec 150 Site,7,50,45,5,20,25,44.4,90.0,09:21,Habitual Late
1139,Amit Mishra,Noida Sec 150 Site,7,44,40,4,22,18,55.0,90.9,09:19,Habitual Late
1140,Suresh Reddy,Noida Sec 150 Site,7,42,36,6,5,31,13.9,85.7,09:00,Mostly On-Time
1141,Vikram Mehta,Noida Sec 150 Site,7,39,34,5,6,28,17.6,87.2,08:56,Mostly On-Time
1142,Ramesh Thakur,Noida Sec 150 Site,7,44,43,1,9,34,20.9,97.7,09:05,Often Late
1143,Deepak Yadav,Noida Sec 150 Site,7,53,47,6,10,37,21.3,88.7,09:10,Often Late
1144,Anil Kumar,Noida Sec 150 Site,7,44,40,4,12,28,30.0,90.9,09:10,Often Late
1145,Sanjay Ali,Noida Sec 150 Site,7,44,38,6,12,26,31.6,86.4,09:13,Often Late
1146,Manoj Jha,Noida Sec 150 Site,7,39,35,4,12,23,34.3,89.7,09:09,Often Late
1147,Pradeep Nair,Noida Sec 150 Site,7,47,47,0,21,26,44.7,100.0,09:15,Habitual Late
1148,Ravi Shah,Noida Sec 150 Site,7,49,42,7,21,21,50.0,85.7,09:27,Habitual Late
1149,Kumar Sharma,Noida Sec 150 Site,7,46,39,7,14,25,35.9,84.8,09:14,Often Late
1150,Sunil Verma,Noida Sec 150 Site,7,52,47,5,7,40,14.9,90.4,09:00,Mostly On-Time
1151,Ajay Patel,Noida Sec 150 Site,7,49,47,2,10,37,21.3,95.9,09:01,Often Late
1152,Vijay Chauhan,Noida Sec 150 Site,7,49,48,1,9,39,18.8,98.0,09:03,Mostly On-Time
1153,Rohit Pandey,Noida Sec 150 Site,7,38,36,2,11,25,30.6,94.7,09:08,Often Late
1154,Naveen Joshi,Noida Sec 150 Site,7,44,43,1,12,31,27.9,97.7,09:08,Often Late
1155,Ashok Malik,Noida Sec 150 Site,7,46,41,5,10,31,24.4,89.1,09:11,Often Late
1156,Mukesh Singh,Noida Sec 150 Site,7,43,39,4,24,15,61.5,90.7,09:27,Habitual Late
1157,Dinesh Gupta,Noida Sec 150 Site,7,49,44,5,19,25,43.2,89.8,09:17,Habitual Late
1158,Pankaj Khan,Noida Sec 150 Site,7,42,39,3,21,18,53.8,92.9,09:26,Habitual Late
1159,Sandeep Mishra,Noida Sec 150 Site,7,52,48,4,21,27,43.8,92.3,09:17,Habitual Late
1160,Yogesh Reddy,Noida Sec 150 Site,7,43,39,4,7,32,17.9,90.7,09:03,Mostly On-Time
1161,Mahesh Mehta,Noida Sec 150 Site,7,47,44,3,5,39,11.4,93.6,08:53,Mostly On-Time
1162,Naresh Thakur,Noida Sec 150 Site,7,48,39,9,7,32,17.9,81.2,09:02,Mostly On-Time
1163,Gopal Yadav,Noida Sec 150 Site,7,48,43,5,9,34,20.9,89.6,09:06,Often Late
1164,Hari Kumar,Noida Sec 150 Site,7,46,42,4,18,24,42.9,91.3,09:14,Habitual Late
1165,Imran Ali,Noida Sec 150 Site,7,52,47,5,8,39,17.0,90.4,09:03,Mostly On-Time
1166,Farhan Jha,Noida Sec 150 Site,7,42,37,5,12,25,32.4,88.1,09:10,Often Late
1167,Salim Nair,Noida Sec 150 Site,7,52,49,3,21,28,42.9,94.2,09:14,Habitual Late
1168,Arun Shah,Noida Sec 150 Site,7,49,45,4,16,29,35.6,91.8,09:14,Often Late
1169,Kiran Sharma,Noida Sec 150 Site,7,44,39,5,13,26,33.3,88.6,09:13,Often Late
1170,Prakash Verma,Noida Sec 150 Site,7,39,36,3,6,30,16.7,92.3,09:01,Mostly On-Time
1171,Bharat Patel,Noida Sec 150 Site,7,50,42,8,9,33,21.4,84.0,09:07,Often Late
1172,Gaurav Chauhan,Noida Sec 150 Site,7,42,40,2,11,29,27.5,95.2,09:11,Often Late
1173,Nikhil Pandey,Noida Sec 150 Site,7,48,43,5,12,31,27.9,89.6,09:13,Often Late
1174,Varun Joshi,Noida Sec 150 Site,7,49,46,3,12,34,26.1,93.9,09:10,Often Late
1175,Saurabh Malik,Noida Sec 150 Site,7,52,52,0,20,32,38.5,100.0,09:13,Often Late
1176,Abhishek Singh,Noida Sec 150 Site,7,38,36,2,16,20,44.4,94.7,09:16,Habitual Late
1177,Rahul Gupta,Noida Sec 150 Site,7,47,41,6,21,20,51.2,87.2,09:23,Habitual Late
1178,Rajesh Kumar40,Noida Sec 150 Site,7,47,45,2,22,23,48.9,95.7,09:23,Habitual Late
1179,Amit Patel41,Noida Sec 150 Site,7,45,40,5,14,26,35.0,88.9,09:15,Often Late
1180,Suresh Khan42,Noida Sec 150 Site,7,47,41,6,7,34,17.1,87.2,09:00,Mostly On-Time
1181,Vikram Ali43,Noida Sec 150 Site,7,51,42,9,6,36,14.3,82.4,08:57,Mostly On-Time
1182,Ramesh Chauhan44,Noida Sec 150 Site,7,50,45,5,11,34,24.4,90.0,09:05,Often Late
1183,Deepak Mishra45,Noida Sec 150 Site,7,51,47,4,9,38,19.1,92.2,09:00,Mostly On-Time
1184,Anil Jha46,Noida Sec 150 Site,7,42,37,5,13,24,35.1,88.1,09:10,Often Late
1185,Sanjay Pandey47,Noida Sec 150 Site,7,47,44,3,13,31,29.5,93.6,09:11,Often Late
1186,Manoj Reddy48,Noida Sec 150 Site,7,46,41,5,21,20,51.2,89.1,09:25,Habitual Late
1187,Pradeep Nair49,Noida Sec 150 Site,7,46,42,4,19,23,45.2,91.3,09:19,Habitual Late
1188,Ravi Joshi50,Noida Sec 150 Site,7,44,41,3,19,22,46.3,93.2,09:18,Habitual Late
1189,Kumar Mehta51,Noida Sec 150 Site,7,48,44,4,22,22,50.0,91.7,09:24,Habitual Late
1190,Sunil Shah52,Noida Sec 150 Site,7,42,39,3,4,35,10.3,92.9,08:55,Mostly On-Time
1191,Ajay Malik53,Noida Sec 150 Site,7,43,38,5,7,31,18.4,88.4,09:05,Mostly On-Time
1192,Vijay Thakur54,Noida Sec 150 Site,7,43,37,6,10,27,27.0,86.0,09:07,Often Late
1193,Rohit Sharma55,Noida Sec 150 Site,7,48,42,6,12,30,28.6,87.5,09:07,Often Late
1194,Naveen Singh56,Noida Sec 150 Site,7,42,36,6,7,29,19.4,85.7,08:59,Mostly On-Time
1195,Ashok Yadav57,Noida Sec 150 Site,7,51,43,8,17,26,39.5,84.3,09:21,Often Late
1196,Mukesh Verma58,Noida Sec 150 Site,7,45,37,8,19,18,51.4,82.2,09:20,Habitual Late
1197,Dinesh Gupta59,Noida Sec 150 Site,7,49,44,5,21,23,47.7,89.8,09:20,Habitual Late
1198,Rajesh Jha,Noida Sec 150 Site,11,44,42,2,19,23,45.2,95.5,09:21,Habitual Late
1199,Amit Nair,Noida Sec 150 Site,11,40,37,3,15,22,40.5,92.5,09:14,Habitual Late
1200,Suresh Shah,Noida Sec 150 Site,11,39,34,5,4,30,11.8,87.2,08:58,Mostly On-Time
1201,Vikram Sharma,Noida Sec 150 Site,11,40,32,8,12,20,37.5,80.0,09:13,Often Late
1202,Ramesh Verma,Noida Sec 150 Site,11,41,34,7,5,29,14.7,82.9,09:01,Mostly On-Time
1203,Deepak Patel,Noida Sec 150 Site,11,47,42,5,7,35,16.7,89.4,09:04,Mostly On-Time
1204,Anil Chauhan,Noida Sec 150 Site,11,36,33,3,10,23,30.3,91.7,09:06,Often Late
1205,Sanjay Pandey,Noida Sec 150 Site,11,38,33,5,13,20,39.4,86.8,09:14,Often Late
1206,Manoj Joshi,Noida Sec 150 Site,11,41,37,4,14,23,37.8,90.2,09:08,Often Late
1207,Pradeep Malik,Noida Sec 150 Site,11,44,39,5,11,28,28.2,88.6,09:06,Often Late
1208,Ravi Singh,Noida Sec 150 Site,11,39,35,4,19,16,54.3,89.7,09:26,Habitual Late
1209,Kumar Gupta,Noida Sec 150 Site,11,39,30,9,10,20,33.3,76.9,09:10,Often Late
1210,Sunil Khan,Noida Sec 150 Site,11,41,38,3,6,32,15.8,92.7,09:01,Mostly On-Time
1211,Ajay Mishra,Noida Sec 150 Site,11,46,42,4,4,38,9.5,91.3,08:57,Mostly On-Time
1212,Vijay Reddy,Noida Sec 150 Site,11,48,40,8,9,31,22.5,83.3,09:02,Often Late
1213,Rohit Mehta,Noida Sec 150 Site,11,44,38,6,8,30,21.1,86.4,09:09,Often Late
1214,Naveen Thakur,Noida Sec 150 Site,11,41,36,5,8,28,22.2,87.8,09:05,Often Late
1215,Ashok Yadav,Noida Sec 150 Site,11,42,35,7,10,25,28.6,83.3,09:12,Often Late
1216,Mukesh Kumar,Noida Sec 150 Site,11,38,32,6,16,16,50.0,84.2,09:24,Habitual Late
1217,Dinesh Ali,Noida Sec 150 Site,11,44,38,6,19,19,50.0,86.4,09:26,Habitual Late
1218,Pankaj Jha,Noida Sec 150 Site,11,39,30,9,15,15,50.0,76.9,09:22,Habitual Late
1219,Sandeep Nair,Noida Sec 150 Site,11,45,39,6,20,19,51.3,86.7,09:19,Habitual Late
1220,Yogesh Shah,Noida Sec 150 Site,11,42,36,6,6,30,16.7,85.7,08:59,Mostly On-Time
1221,Mahesh Sharma,Noida Sec 150 Site,11,41,33,8,7,26,21.2,80.5,09:02,Often Late
1222,Naresh Verma,Noida Sec 150 Site,11,40,36,4,8,28,22.2,90.0,09:06,Often Late
1223,Gopal Patel,Noida Sec 150 Site,11,45,37,8,10,27,27.0,82.2,09:08,Often Late
1224,Hari Chauhan,Noida Sec 150 Site,11,38,35,3,11,24,31.4,92.1,09:12,Often Late
1225,Imran Pandey,Noida Sec 150 Site,11,48,41,7,11,30,26.8,85.4,09:12,Often Late
1226,Farhan Joshi,Noida Sec 150 Site,11,41,35,6,12,23,34.3,85.4,09:11,Often Late
1227,Salim Malik,Noida Sec 150 Site,11,45,38,7,15,23,39.5,84.4,09:17,Often Late
1228,Arun Singh,Noida Sec 150 Site,11,44,38,6,16,22,42.1,86.4,09:12,Habitual Late
1229,Kiran Gupta,Noida Sec 150 Site,11,41,35,6,14,21,40.0,85.4,09:13,Habitual Late
1230,Prakash Khan,Noida Sec 150 Site,11,33,29,4,4,25,13.8,87.9,09:04,Mostly On-Time
1231,Bharat Mishra,Noida Sec 150 Site,11,42,36,6,11,25,30.6,85.7,09:09,Often Late
1232,Gaurav Reddy,Noida Sec 150 Site,11,40,34,6,10,24,29.4,85.0,09:11,Often Late
1233,Nikhil Mehta,Noida Sec 150 Site,11,45,42,3,11,31,26.2,93.3,09:09,Often Late
1234,Varun Thakur,Noida Sec 150 Site,11,43,40,3,11,29,27.5,93.0,09:06,Often Late
1235,Saurabh Yadav,Noida Sec 150 Site,11,46,43,3,13,30,30.2,93.5,09:10,Often Late
1236,Abhishek Kumar,Noida Sec 150 Site,11,35,28,7,10,18,35.7,80.0,09:13,Often Late
1237,Rahul Ali,Noida Sec 150 Site,11,35,32,3,19,13,59.4,91.4,09:26,Habitual Late
1238,Rajesh Kumar40,Noida Sec 150 Site,11,41,35,6,19,16,54.3,85.4,09:31,Habitual Late
1239,Amit Patel41,Noida Sec 150 Site,11,38,32,6,12,20,37.5,84.2,09:13,Often Late
1240,Suresh Khan42,Noida Sec 150 Site,11,41,37,4,4,33,10.8,90.2,08:57,Mostly On-Time
1241,Vikram Ali43,Noida Sec 150 Site,11,46,42,4,10,32,23.8,91.3,09:04,Often Late
1242,Ramesh Chauhan44,Noida Sec 150 Site,11,52,46,6,6,40,13.0,88.5,08:59,Mostly On-Time
1243,Deepak Mishra45,Noida Sec 150 Site,11,39,34,5,12,22,35.3,87.2,09:12,Often Late
1244,Anil Jha46,Noida Sec 150 Site,11,39,34,5,5,29,14.7,87.2,08:58,Mostly On-Time
1245,Sanjay Pandey47,Noida Sec 150 Site,11,45,39,6,10,29,25.6,86.7,09:10,Often Late
1246,Manoj Reddy48,Noida Sec 150 Site,11,41,37,4,11,26,29.7,90.2,09:09,Often Late
1247,Pradeep Nair49,Noida Sec 150 Site,11,45,33,12,13,20,39.4,73.3,09:15,Often Late
1248,Ravi Joshi50,Noida Sec 150 Site,11,36,32,4,12,20,37.5,88.9,09:14,Often Late
1249,Kumar Mehta51,Noida Sec 150 Site,11,35,28,7,15,13,53.6,80.0,09:31,Habitual Late
1250,Sunil Shah52,Noida Sec 150 Site,11,46,38,8,7,31,18.4,82.6,09:00,Mostly On-Time
1251,Ajay Malik53,Noida Sec 150 Site,11,34,31,3,8,23,25.8,91.2,09:07,Often Late
1252,Vijay Thakur54,Noida Sec 150 Site,11,43,40,3,7,33,17.5,93.0,08:56,Mostly On-Time
1253,Rohit Sharma55,Noida Sec 150 Site,11,35,34,1,9,25,26.5,97.1,09:03,Often Late
1254,Naveen Singh56,Noida Sec 150 Site,11,41,37,4,16,21,43.2,90.2,09:19,Habitual Late
1255,Ashok Yadav57,Noida Sec 150 Site,11,38,30,8,13,17,43.3,78.9,09:24,Habitual Late
1256,Mukesh Verma58,Noida Sec 150 Site,11,45,41,4,17,24,41.5,91.1,09:18,Habitual Late
1257,Rajesh Joshi,Noida Sec 150 Site,15,46,44,2,16,28,36.4,95.7,09:17,Often Late
1258,Amit Malik,Noida Sec 150 Site,15,49,46,3,18,28,39.1,93.9,09:08,Often Late
1259,Suresh Singh,Noida Sec 150 Site,15,46,44,2,17,27,38.6,95.7,09:20,Often Late
1260,Vikram Gupta,Noida Sec 150 Site,15,47,43,4,7,36,16.3,91.5,08:59,Mostly On-Time
1261,Ramesh Khan,Noida Sec 150 Site,15,53,50,3,11,39,22.0,94.3,09:07,Often Late
1262,Deepak Mishra,Noida Sec 150 Site,15,52,47,5,10,37,21.3,90.4,09:04,Often Late
1263,Anil Reddy,Noida Sec 150 Site,15,49,43,6,12,31,27.9,87.8,09:11,Often Late
1264,Sanjay Mehta,Noida Sec 150 Site,15,50,44,6,13,31,29.5,88.0,09:10,Often Late
1265,Manoj Thakur,Noida Sec 150 Site,15,48,39,9,11,28,28.2,81.2,09:08,Often Late
1266,Pradeep Yadav,Noida Sec 150 Site,15,49,44,5,21,23,47.7,89.8,09:17,Habitual Late
1267,Ravi Kumar,Noida Sec 150 Site,15,40,36,4,17,19,47.2,90.0,09:19,Habitual Late
1268,Kumar Ali,Noida Sec 150 Site,15,49,44,5,15,29,34.1,89.8,09:14,Often Late
1269,Sunil Jha,Noida Sec 150 Site,15,56,53,3,21,32,39.6,94.6,09:14,Often Late
1270,Ajay Nair,Noida Sec 150 Site,15,47,46,1,4,42,8.7,97.9,08:53,Mostly On-Time
1271,Vijay Shah,Noida Sec 150 Site,15,51,44,7,9,35,20.5,86.3,09:04,Often Late
1272,Rohit Sharma,Noida Sec 150 Site,15,45,42,3,7,35,16.7,93.3,09:01,Mostly On-Time
1273,Naveen Verma,Noida Sec 150 Site,15,55,52,3,14,38,26.9,94.5,09:07,Often Late
1274,Ashok Patel,Noida Sec 150 Site,15,50,45,5,16,29,35.6,90.0,09:13,Often Late
1275,Mukesh Chauhan,Noida Sec 150 Site,15,49,43,6,16,27,37.2,87.8,09:15,Often Late
1276,Dinesh Pandey,Noida Sec 150 Site,15,46,43,3,16,27,37.2,93.5,09:15,Often Late
1277,Pankaj Joshi,Noida Sec 150 Site,15,46,39,7,17,22,43.6,84.8,09:16,Habitual Late
1278,Sandeep Malik,Noida Sec 150 Site,15,51,46,5,16,30,34.8,90.2,09:09,Often Late
1279,Yogesh Singh,Noida Sec 150 Site,15,49,41,8,26,15,63.4,83.7,09:31,Habitual Late
1280,Mahesh Gupta,Noida Sec 150 Site,15,47,44,3,8,36,18.2,93.6,08:58,Mostly On-Time
1281,Naresh Khan,Noida Sec 150 Site,15,48,45,3,8,37,17.8,93.8,09:00,Mostly On-Time
1282,Gopal Mishra,Noida Sec 150 Site,15,49,46,3,8,38,17.4,93.9,09:05,Mostly On-Time
1283,Hari Reddy,Noida Sec 150 Site,15,48,45,3,11,34,24.4,93.8,09:05,Often Late
1284,Imran Mehta,Noida Sec 150 Site,15,55,52,3,15,37,28.8,94.5,09:11,Often Late
1285,Farhan Thakur,Noida Sec 150 Site,15,50,40,10,11,29,27.5,80.0,09:09,Often Late
1286,Salim Yadav,Noida Sec 150 Site,15,53,46,7,16,30,34.8,86.8,09:14,Often Late
1287,Arun Kumar,Noida Sec 150 Site,15,51,48,3,18,30,37.5,94.1,09:18,Often Late
1288,Kiran Ali,Noida Sec 150 Site,15,49,45,4,16,29,35.6,91.8,09:15,Often Late
1289,Prakash Jha,Noida Sec 150 Site,15,51,42,9,17,25,40.5,82.4,09:17,Habitual Late
1290,Bharat Nair,Noida Sec 150 Site,15,48,43,5,10,33,23.3,89.6,09:07,Often Late
1291,Gaurav Shah,Noida Sec 150 Site,15,43,36,7,8,28,22.2,83.7,09:09,Often Late
1292,Nikhil Sharma,Noida Sec 150 Site,15,48,47,1,11,36,23.4,97.9,09:06,Often Late
1293,Varun Verma,Noida Sec 150 Site,15,49,46,3,11,35,23.9,93.9,09:05,Often Late
1294,Saurabh Patel,Noida Sec 150 Site,15,53,49,4,12,37,24.5,92.5,09:11,Often Late
1295,Abhishek Chauhan,Noida Sec 150 Site,15,49,46,3,18,28,39.1,93.9,09:16,Often Late
1296,Rahul Pandey,Noida Sec 150 Site,15,44,43,1,15,28,34.9,97.7,09:13,Often Late
1297,Rajesh Kumar40,Noida Sec 150 Site,15,47,45,2,12,33,26.7,95.7,09:10,Often Late
1298,Amit Patel41,Noida Sec 150 Site,15,49,44,5,11,33,25.0,89.8,09:11,Often Late
1299,Suresh Khan42,Noida Sec 150 Site,15,49,38,11,17,21,44.7,77.6,09:17,Habitual Late
1300,Vikram Ali43,Noida Sec 150 Site,15,48,43,5,5,38,11.6,89.6,08:56,Mostly On-Time
1301,Ramesh Chauhan44,Noida Sec 150 Site,15,59,54,5,6,48,11.1,91.5,08:58,Mostly On-Time
1302,Deepak Mishra45,Noida Sec 150 Site,15,55,50,5,12,38,24.0,90.9,09:06,Often Late
1303,Anil Jha46,Noida Sec 150 Site,15,48,44,4,8,36,18.2,91.7,09:03,Mostly On-Time
1304,Sanjay Pandey47,Noida Sec 150 Site,15,51,48,3,17,31,35.4,94.1,09:10,Often Late
1305,Manoj Reddy48,Noida Sec 150 Site,15,48,44,4,14,30,31.8,91.7,09:10,Often Late
1306,Pradeep Nair49,Noida Sec 150 Site,15,51,48,3,17,31,35.4,94.1,09:10,Often Late
1307,Ravi Joshi50,Noida Sec 150 Site,15,57,51,6,20,31,39.2,89.5,09:17,Often Late
1308,Kumar Mehta51,Noida Sec 150 Site,15,45,40,5,20,20,50.0,88.9,09:25,Habitual Late
1309,Sunil Shah52,Noida Sec 150 Site,15,48,44,4,21,23,47.7,91.7,09:19,Habitual Late
1310,Ajay Malik53,Noida Sec 150 Site,15,51,45,6,5,40,11.1,88.2,09:01,Mostly On-Time
1311,Vijay Thakur54,Noida Sec 150 Site,15,42,37,5,4,33,10.8,88.1,08:57,Mostly On-Time
1312,Rohit Sharma55,Noida Sec 150 Site,15,57,54,3,17,37,31.5,94.7,09:11,Often Late
1313,Naveen Singh56,Noida Sec 150 Site,15,44,41,3,14,27,34.1,93.2,09:13,Often Late
1314,Ashok Yadav57,Noida Sec 150 Site,15,45,43,2,18,25,41.9,95.6,09:18,Habitual Late
1315,Mukesh Verma58,Noida Sec 150 Site,15,47,41,6,18,23,43.9,87.2,09:20,Habitual Late
1316,Dinesh Gupta59,Noida Sec 150 Site,15,54,53,1,16,37,30.2,98.1,09:11,Often Late
1317,Rajesh Thakur,Noida Sec 150 Site,19,44,41,3,11,30,26.8,93.2,09:10,Often Late
1318,Amit Yadav,Noida Sec 150 Site,19,40,33,7,16,17,48.5,82.5,09:15,Habitual Late
1319,Suresh Kumar,Noida Sec 150 Site,19,36,30,6,14,16,46.7,83.3,09:21,Habitual Late
1320,Vikram Ali,Noida Sec 150 Site,19,42,35,7,7,28,20.0,83.3,08:57,Often Late
1321,Ramesh Jha,Noida Sec 150 Site,19,43,37,6,9,28,24.3,86.0,09:05,Often Late
1322,Deepak Nair,Noida Sec 150 Site,19,47,42,5,6,36,14.3,89.4,09:03,Mostly On-Time
1323,Anil Shah,Noida Sec 150 Site,19,40,33,7,10,23,30.3,82.5,09:12,Often Late
1324,Sanjay Sharma,Noida Sec 150 Site,19,38,30,8,8,22,26.7,78.9,09:06,Often Late
1325,Manoj Verma,Noida Sec 150 Site,19,37,30,7,8,22,26.7,81.1,09:06,Often Late
1326,Pradeep Patel,Noida Sec 150 Site,19,43,40,3,20,20,50.0,93.0,09:19,Habitual Late
1327,Ravi Chauhan,Noida Sec 150 Site,19,50,38,12,17,21,44.7,76.0,09:23,Habitual Late
1328,Kumar Pandey,Noida Sec 150 Site,19,41,37,4,12,25,32.4,90.2,09:09,Often Late
1329,Sunil Joshi,Noida Sec 150 Site,19,40,36,4,20,16,55.6,90.0,09:22,Habitual Late
1330,Ajay Malik,Noida Sec 150 Site,19,51,40,11,7,33,17.5,78.4,08:57,Mostly On-Time
1331,Vijay Singh,Noida Sec 150 Site,19,44,38,6,5,33,13.2,86.4,08:59,Mostly On-Time
1332,Rohit Gupta,Noida Sec 150 Site,19,39,28,11,5,23,17.9,71.8,09:04,Mostly On-Time
1333,Naveen Khan,Noida Sec 150 Site,19,39,33,6,5,28,15.2,84.6,09:01,Mostly On-Time
1334,Ashok Mishra,Noida Sec 150 Site,19,42,35,7,9,26,25.7,83.3,09:09,Often Late
1335,Mukesh Reddy,Noida Sec 150 Site,19,39,30,9,14,16,46.7,76.9,09:18,Habitual Late
1336,Dinesh Mehta,Noida Sec 150 Site,19,43,38,5,19,19,50.0,88.4,09:21,Habitual Late
1337,Pankaj Thakur,Noida Sec 150 Site,19,39,32,7,15,17,46.9,82.1,09:20,Habitual Late
1338,Sandeep Yadav,Noida Sec 150 Site,19,48,40,8,14,26,35.0,83.3,09:11,Often Late
1339,Yogesh Kumar,Noida Sec 150 Site,19,46,33,13,19,14,57.6,71.7,09:24,Habitual Late
1340,Mahesh Ali,Noida Sec 150 Site,19,45,41,4,7,34,17.1,91.1,09:00,Mostly On-Time
1341,Naresh Jha,Noida Sec 150 Site,19,38,34,4,7,27,20.6,89.5,09:04,Often Late
1342,Gopal Nair,Noida Sec 150 Site,19,43,32,11,3,29,9.4,74.4,08:57,Mostly On-Time
1343,Hari Shah,Noida Sec 150 Site,19,46,38,8,11,27,28.9,82.6,09:09,Often Late
1344,Imran Sharma,Noida Sec 150 Site,19,45,42,3,7,35,16.7,93.3,09:03,Mostly On-Time
1345,Farhan Verma,Noida Sec 150 Site,19,44,36,8,8,28,22.2,81.8,09:03,Often Late
1346,Salim Patel,Noida Sec 150 Site,19,47,39,8,17,22,43.6,83.0,09:16,Habitual Late
1347,Arun Chauhan,Noida Sec 150 Site,19,52,43,9,14,29,32.6,82.7,09:13,Often Late
1348,Kiran Pandey,Noida Sec 150 Site,19,43,35,8,16,19,45.7,81.4,09:22,Habitual Late
1349,Prakash Joshi,Noida Sec 150 Site,19,44,34,10,21,13,61.8,77.3,09:28,Habitual Late
1350,Bharat Malik,Noida Sec 150 Site,19,40,34,6,7,27,20.6,85.0,09:06,Often Late
1351,Gaurav Singh,Noida Sec 150 Site,19,40,34,6,8,26,23.5,85.0,09:06,Often Late
1352,Nikhil Gupta,Noida Sec 150 Site,19,43,38,5,10,28,26.3,88.4,09:11,Often Late
1353,Varun Khan,Noida Sec 150 Site,19,52,45,7,7,38,15.6,86.5,09:00,Mostly On-Time
1354,Saurabh Mishra,Noida Sec 150 Site,19,46,42,4,16,26,38.1,91.3,09:15,Often Late
1355,Abhishek Reddy,Noida Sec 150 Site,19,39,27,12,9,18,33.3,69.2,09:11,Often Late
1356,Rahul Mehta,Noida Sec 150 Site,19,42,36,6,15,21,41.7,85.7,09:19,Habitual Late
1357,Rajesh Kumar40,Noida Sec 150 Site,19,41,36,5,19,17,52.8,87.8,09:32,Habitual Late
1358,Amit Patel41,Noida Sec 150 Site,19,44,39,5,11,28,28.2,88.6,09:13,Often Late
1359,Suresh Khan42,Noida Sec 150 Site,19,43,35,8,14,21,40.0,81.4,09:14,Habitual Late
1360,Vikram Ali43,Noida Sec 150 Site,19,40,39,1,5,34,12.8,97.5,08:59,Mostly On-Time
1361,Ramesh Chauhan44,Noida Sec 150 Site,19,48,43,5,8,35,18.6,89.6,09:04,Mostly On-Time
1362,Deepak Mishra45,Noida Sec 150 Site,19,42,36,6,6,30,16.7,85.7,08:59,Mostly On-Time
1363,Anil Jha46,Noida Sec 150 Site,19,42,33,9,8,25,24.2,78.6,09:05,Often Late
1364,Sanjay Pandey47,Noida Sec 150 Site,19,44,38,6,9,29,23.7,86.4,09:06,Often Late
1365,Manoj Reddy48,Noida Sec 150 Site,19,39,34,5,13,21,38.2,87.2,09:15,Often Late
1366,Pradeep Nair49,Noida Sec 150 Site,19,42,39,3,15,24,38.5,92.9,09:12,Often Late
1367,Ravi Joshi50,Noida Sec 150 Site,19,39,30,9,14,16,46.7,76.9,09:18,Habitual Late
1368,Kumar Mehta51,Noida Sec 150 Site,19,44,39,5,19,20,48.7,88.6,09:22,Habitual Late
1369,Sunil Shah52,Noida Sec 150 Site,19,36,28,8,11,17,39.3,77.8,09:13,Often Late
1370,Ajay Malik53,Noida Sec 150 Site,19,42,33,9,4,29,12.1,78.6,09:01,Mostly On-Time
1371,Vijay Thakur54,Noida Sec 150 Site,19,37,31,6,5,26,16.1,83.8,09:00,Mostly On-Time
1372,Rohit Sharma55,Noida Sec 150 Site,19,45,37,8,11,26,29.7,82.2,09:10,Often Late
1373,Naveen Singh56,Noida Sec 150 Site,19,38,31,7,11,20,35.5,81.6,09:14,Often Late
1374,Ashok Yadav57,Noida Sec 150 Site,19,46,42,4,15,27,35.7,91.3,09:16,Often Late
1375,Mukesh Verma58,Noida Sec 150 Site,19,40,34,6,15,19,44.1,85.0,09:18,Habitual Late
1376,Dinesh Gupta59,Noida Sec 150 Site,19,43,34,9,13,21,38.2,79.1,09:12,Often Late
1377,Rajesh Verma,Noida Sec 150 Site,23,36,31,5,8,23,25.8,86.1,09:09,Often Late
1378,Amit Patel,Noida Sec 150 Site,23,34,25,9,11,14,44.0,73.5,09:10,Habitual Late
1379,Suresh Chauhan,Noida Sec 150 Site,23,35,23,12,10,13,43.5,65.7,09:22,Habitual Late
1380,Vikram Pandey,Noida Sec 150 Site,23,33,26,7,5,21,19.2,78.8,08:58,Mostly On-Time
1381,Ramesh Joshi,Noida Sec 150 Site,23,39,27,12,6,21,22.2,69.2,09:05,Often Late
1382,Deepak Malik,Noida Sec 150 Site,23,45,34,11,8,26,23.5,75.6,09:08,Often Late
1383,Anil Singh,Noida Sec 150 Site,23,33,24,9,7,17,29.2,72.7,09:10,Often Late
1384,Sanjay Gupta,Noida Sec 150 Site,23,38,31,7,7,24,22.6,81.6,09:04,Often Late
1385,Manoj Khan,Noida Sec 150 Site,23,33,25,8,7,18,28.0,75.8,09:09,Often Late
1386,Pradeep Mishra,Noida Sec 150 Site,23,38,31,7,13,18,41.9,81.6,09:14,Habitual Late
1387,Ravi Reddy,Noida Sec 150 Site,23,37,28,9,13,15,46.4,75.7,09:24,Habitual Late
1388,Kumar Mehta,Noida Sec 150 Site,23,36,26,10,7,19,26.9,72.2,09:08,Often Late
1389,Sunil Thakur,Noida Sec 150 Site,23,44,30,14,16,14,53.3,68.2,09:20,Habitual Late
1390,Ajay Yadav,Noida Sec 150 Site,23,34,28,6,1,27,3.6,82.4,08:48,Mostly On-Time
1391,Vijay Kumar,Noida Sec 150 Site,23,38,31,7,5,26,16.1,81.6,09:03,Mostly On-Time
1392,Rohit Ali,Noida Sec 150 Site,23,38,27,11,4,23,14.8,71.1,08:59,Mostly On-Time
1393,Naveen Jha,Noida Sec 150 Site,23,41,31,10,9,22,29.0,75.6,09:09,Often Late
1394,Ashok Nair,Noida Sec 150 Site,23,38,28,10,8,20,28.6,73.7,09:08,Often Late
1395,Mukesh Shah,Noida Sec 150 Site,23,32,20,12,11,9,55.0,62.5,09:24,Habitual Late
1396,Dinesh Sharma,Noida Sec 150 Site,23,35,25,10,11,14,44.0,71.4,09:18,Habitual Late
1397,Pankaj Verma,Noida Sec 150 Site,23,33,22,11,10,12,45.5,66.7,09:16,Habitual Late
1398,Sandeep Patel,Noida Sec 150 Site,23,43,27,16,9,18,33.3,62.8,09:07,Often Late
1399,Yogesh Chauhan,Noida Sec 150 Site,23,37,21,16,13,8,61.9,56.8,09:31,Habitual Late
1400,Mahesh Pandey,Noida Sec 150 Site,23,36,26,10,5,21,19.2,72.2,08:57,Mostly On-Time
1401,Naresh Joshi,Noida Sec 150 Site,23,36,32,4,7,25,21.9,88.9,09:03,Often Late
1402,Gopal Malik,Noida Sec 150 Site,23,36,24,12,5,19,20.8,66.7,09:06,Often Late
1403,Hari Singh,Noida Sec 150 Site,23,38,28,10,10,18,35.7,73.7,09:15,Often Late
1404,Imran Gupta,Noida Sec 150 Site,23,38,28,10,4,24,14.3,73.7,09:02,Mostly On-Time
1405,Farhan Khan,Noida Sec 150 Site,23,34,27,7,8,19,29.6,79.4,09:09,Often Late
1406,Salim Mishra,Noida Sec 150 Site,23,39,33,6,9,24,27.3,84.6,09:09,Often Late
1407,Arun Reddy,Noida Sec 150 Site,23,41,28,13,14,14,50.0,68.3,09:26,Habitual Late
1408,Kiran Mehta,Noida Sec 150 Site,23,36,24,12,11,13,45.8,66.7,09:22,Habitual Late
1409,Prakash Thakur,Noida Sec 150 Site,23,34,24,10,11,13,45.8,70.6,09:22,Habitual Late
1410,Bharat Yadav,Noida Sec 150 Site,23,38,24,14,4,20,16.7,63.2,09:03,Mostly On-Time
1411,Gaurav Kumar,Noida Sec 150 Site,23,34,21,13,8,13,38.1,61.8,09:17,Often Late
1412,Nikhil Ali,Noida Sec 150 Site,23,38,27,11,7,20,25.9,71.1,09:08,Often Late
1413,Varun Jha,Noida Sec 150 Site,23,36,26,10,4,22,15.4,72.2,09:02,Mostly On-Time
1414,Saurabh Nair,Noida Sec 150 Site,23,37,33,4,10,23,30.3,89.2,09:16,Often Late
1415,Abhishek Shah,Noida Sec 150 Site,23,30,24,6,9,15,37.5,80.0,09:15,Often Late
1416,Rahul Sharma,Noida Sec 150 Site,23,35,26,9,9,17,34.6,74.3,09:09,Often Late
1417,Rajesh Kumar40,Noida Sec 150 Site,23,36,23,13,9,14,39.1,63.9,09:21,Often Late
1418,Amit Patel41,Noida Sec 150 Site,23,34,24,10,6,18,25.0,70.6,09:10,Often Late
1419,Suresh Khan42,Noida Sec 150 Site,23,33,22,11,11,11,50.0,66.7,09:22,Habitual Late
1420,Vikram Ali43,Noida Sec 150 Site,23,34,28,6,4,24,14.3,82.4,08:55,Mostly On-Time
1421,Ramesh Chauhan44,Noida Sec 150 Site,23,38,27,11,3,24,11.1,71.1,08:58,Mostly On-Time
1422,Deepak Mishra45,Noida Sec 150 Site,23,37,32,5,4,28,12.5,86.5,08:57,Mostly On-Time
1423,Anil Jha46,Noida Sec 150 Site,23,38,31,7,8,23,25.8,81.6,09:06,Often Late
1424,Sanjay Pandey47,Noida Sec 150 Site,23,39,29,10,9,20,31.0,74.4,09:11,Often Late
1425,Manoj Reddy48,Noida Sec 150 Site,23,38,28,10,9,19,32.1,73.7,09:10,Often Late
1426,Pradeep Nair49,Noida Sec 150 Site,23,38,28,10,12,16,42.9,73.7,09:16,Habitual Late
1427,Ravi Joshi50,Noida Sec 150 Site,23,39,29,10,12,17,41.4,74.4,09:16,Habitual Late
1428,Kumar Mehta51,Noida Sec 150 Site,23,33,19,14,9,10,47.4,57.6,09:23,Habitual Late
1429,Sunil Shah52,Noida Sec 150 Site,23,34,29,5,13,16,44.8,85.3,09:15,Habitual Late
1430,Ajay Malik53,Noida Sec 150 Site,23,36,30,6,3,27,10.0,83.3,09:02,Mostly On-Time
1431,Vijay Thakur54,Noida Sec 150 Site,23,29,24,5,4,20,16.7,82.8,08:59,Mostly On-Time
1432,Rohit Sharma55,Noida Sec 150 Site,23,42,31,11,11,20,35.5,73.8,09:10,Often Late
1433,Naveen Singh56,Noida Sec 150 Site,23,32,22,10,7,15,31.8,68.8,09:10,Often Late
1434,Ashok Yadav57,Noida Sec 150 Site,23,42,27,15,10,17,37.0,64.3,09:15,Often Late
1435,Mukesh Verma58,Noida Sec 150 Site,23,40,25,15,10,15,40.0,62.5,09:15,Habitual Late
1436,Dinesh Gupta59,Noida Sec 150 Site,23,36,31,5,10,21,32.3,86.1,09:13,Often Late
1437,Rajesh Khan,Noida Sec 150 Site,27,43,35,8,11,24,31.4,81.4,09:13,Often Late
1438,Amit Mishra,Noida Sec 150 Site,27,38,31,7,14,17,45.2,81.6,09:13,Habitual Late
1439,Suresh Reddy,Noida Sec 150 Site,27,38,22,16,11,11,50.0,57.9,09:25,Habitual Late
1440,Vikram Mehta,Noida Sec 150 Site,27,40,32,8,7,25,21.9,80.0,08:58,Often Late
1441,Ramesh Thakur,Noida Sec 150 Site,27,41,32,9,9,23,28.1,78.0,09:05,Often Late
1442,Deepak Yadav,Noida Sec 150 Site,27,44,40,4,7,33,17.5,90.9,09:07,Mostly On-Time
1443,Anil Kumar,Noida Sec 150 Site,27,43,32,11,8,24,25.0,74.4,09:08,Often Late
1444,Sanjay Ali,Noida Sec 150 Site,27,39,29,10,6,23,20.7,74.4,09:04,Often Late
1445,Manoj Jha,Noida Sec 150 Site,27,32,27,5,8,19,29.6,84.4,09:10,Often Late
1446,Pradeep Nair,Noida Sec 150 Site,27,37,32,5,14,18,43.8,86.5,09:16,Habitual Late
1447,Ravi Shah,Noida Sec 150 Site,27,41,35,6,15,20,42.9,85.4,09:24,Habitual Late
1448,Kumar Sharma,Noida Sec 150 Site,27,44,38,6,11,27,28.9,86.4,09:07,Often Late
1449,Sunil Verma,Noida Sec 150 Site,27,40,33,7,14,19,42.4,82.5,09:18,Habitual Late
1450,Ajay Patel,Noida Sec 150 Site,27,48,39,9,9,30,23.1,81.2,09:00,Often Late
1451,Vijay Chauhan,Noida Sec 150 Site,27,46,41,5,6,35,14.6,89.1,09:00,Mostly On-Time
1452,Rohit Pandey,Noida Sec 150 Site,27,39,30,9,7,23,23.3,76.9,09:08,Often Late
1453,Naveen Joshi,Noida Sec 150 Site,27,37,28,9,3,25,10.7,75.7,09:01,Mostly On-Time
1454,Ashok Malik,Noida Sec 150 Site,27,42,36,6,9,27,25.0,85.7,09:11,Often Late
1455,Mukesh Singh,Noida Sec 150 Site,27,38,29,9,14,15,48.3,76.3,09:18,Habitual Late
1456,Dinesh Gupta,Noida Sec 150 Site,27,42,35,7,15,20,42.9,83.3,09:18,Habitual Late
1457,Pankaj Khan,Noida Sec 150 Site,27,42,32,10,15,17,46.9,76.2,09:20,Habitual Late
1458,Sandeep Mishra,Noida Sec 150 Site,27,49,41,8,14,27,34.1,83.7,09:10,Often Late
1459,Yogesh Reddy,Noida Sec 150 Site,27,42,35,7,18,17,51.4,83.3,09:21,Habitual Late
1460,Mahesh Mehta,Noida Sec 150 Site,27,41,37,4,7,30,18.9,90.2,09:01,Mostly On-Time
1461,Naresh Thakur,Noida Sec 150 Site,27,40,31,9,7,24,22.6,77.5,09:06,Often Late
1462,Gopal Yadav,Noida Sec 150 Site,27,42,30,12,5,25,16.7,71.4,09:01,Mostly On-Time
1463,Hari Kumar,Noida Sec 150 Site,27,42,36,6,11,25,30.6,85.7,09:10,Often Late
1464,Imran Ali,Noida Sec 150 Site,27,46,35,11,5,30,14.3,76.1,09:01,Mostly On-Time
1465,Farhan Jha,Noida Sec 150 Site,27,43,28,15,7,21,25.0,65.1,09:08,Often Late
1466,Salim Nair,Noida Sec 150 Site,27,41,36,5,15,21,41.7,87.8,09:13,Habitual Late
1467,Arun Shah,Noida Sec 150 Site,27,49,36,13,14,22,38.9,73.5,09:15,Often Late
1468,Kiran Sharma,Noida Sec 150 Site,27,39,34,5,16,18,47.1,87.2,09:22,Habitual Late
1469,Prakash Verma,Noida Sec 150 Site,27,41,31,10,17,14,54.8,75.6,09:22,Habitual Late
1470,Bharat Patel,Noida Sec 150 Site,27,41,34,7,7,27,20.6,82.9,09:06,Often Late
1471,Gaurav Chauhan,Noida Sec 150 Site,27,38,28,10,6,22,21.4,73.7,09:07,Often Late
1472,Nikhil Pandey,Noida Sec 150 Site,27,42,32,10,8,24,25.0,76.2,09:09,Often Late
1473,Varun Joshi,Noida Sec 150 Site,27,48,40,8,6,34,15.0,83.3,08:58,Mostly On-Time
1474,Saurabh Malik,Noida Sec 150 Site,27,46,41,5,12,29,29.3,89.1,09:10,Often Late
1475,Abhishek Singh,Noida Sec 150 Site,27,35,23,12,9,14,39.1,65.7,09:18,Often Late
1476,Rahul Gupta,Noida Sec 150 Site,27,38,30,8,16,14,53.3,78.9,09:29,Habitual Late
1477,Rajesh Kumar40,Noida Sec 150 Site,27,43,32,11,15,17,46.9,74.4,09:29,Habitual Late
1478,Amit Patel41,Noida Sec 150 Site,27,48,37,11,9,28,24.3,77.1,09:08,Often Late
1479,Suresh Khan42,Noida Sec 150 Site,27,40,28,12,13,15,46.4,70.0,09:21,Habitual Late
1480,Vikram Ali43,Noida Sec 150 Site,27,46,40,6,4,36,10.0,87.0,08:56,Mostly On-Time
1481,Ramesh Chauhan44,Noida Sec 150 Site,27,46,33,13,5,28,15.2,71.7,09:01,Mostly On-Time
1482,Deepak Mishra45,Noida Sec 150 Site,27,40,35,5,5,30,14.3,87.5,09:00,Mostly On-Time
1483,Anil Jha46,Noida Sec 150 Site,27,40,32,8,7,25,21.9,80.0,09:03,Often Late
1484,Sanjay Pandey47,Noida Sec 150 Site,27,45,40,5,8,32,20.0,88.9,09:07,Often Late
1485,Manoj Reddy48,Noida Sec 150 Site,27,39,29,10,11,18,37.9,74.4,09:15,Often Late
1486,Pradeep Nair49,Noida Sec 150 Site,27,39,34,5,11,23,32.4,87.2,09:11,Often Late
1487,Ravi Joshi50,Noida Sec 150 Site,27,35,26,9,9,17,34.6,74.3,09:11,Often Late
1488,Kumar Mehta51,Noida Sec 150 Site,27,37,34,3,17,17,50.0,91.9,09:21,Habitual Late
1489,Sunil Shah52,Noida Sec 150 Site,27,37,28,9,17,11,60.7,75.7,09:28,Habitual Late
1490,Ajay Malik53,Noida Sec 150 Site,27,37,32,5,4,28,12.5,86.5,09:00,Mostly On-Time
1491,Vijay Thakur54,Noida Sec 150 Site,27,40,29,11,7,22,24.1,72.5,09:04,Often Late
1492,Rohit Sharma55,Noida Sec 150 Site,27,43,31,12,9,22,29.0,72.1,09:09,Often Late
1493,Naveen Singh56,Noida Sec 150 Site,27,38,30,8,8,22,26.7,78.9,09:06,Often Late
1494,Ashok Yadav57,Noida Sec 150 Site,27,45,39,6,15,24,38.5,86.7,09:17,Often Late
1495,Mukesh Verma58,Noida Sec 150 Site,27,34,31,3,12,19,38.7,91.2,09:12,Often Late
1496,Dinesh Gupta59,Noida Sec 150 Site,27,39,33,6,11,22,33.3,84.6,09:10,Often Late
1497,Rajesh Jha,Noida Sec 150 Site,31,44,43,1,13,30,30.2,97.7,09:15,Often Late
1498,Amit Nair,Noida Sec 150 Site,31,44,37,7,14,23,37.8,84.1,09:08,Often Late
1499,Suresh Shah,Noida Sec 150 Site,31,42,37,5,18,19,48.6,88.1,09:22,Habitual Late
1500,Vikram Sharma,Noida Sec 150 Site,31,35,33,2,5,28,15.2,94.3,08:58,Mostly On-Time
1501,Ramesh Verma,Noida Sec 150 Site,31,40,39,1,7,32,17.9,97.5,09:03,Mostly On-Time
1502,Deepak Patel,Noida Sec 150 Site,31,47,43,4,12,31,27.9,91.5,09:08,Often Late
1503,Anil Chauhan,Noida Sec 150 Site,31,37,32,5,10,22,31.2,86.5,09:13,Often Late
1504,Sanjay Pandey,Noida Sec 150 Site,31,42,40,2,12,28,30.0,95.2,09:09,Often Late
1505,Manoj Joshi,Noida Sec 150 Site,31,43,36,7,11,25,30.6,83.7,09:09,Often Late
1506,Pradeep Malik,Noida Sec 150 Site,31,40,33,7,13,20,39.4,82.5,09:11,Often Late
1507,Ravi Singh,Noida Sec 150 Site,31,37,33,4,15,18,45.5,89.2,09:22,Habitual Late
1508,Kumar Gupta,Noida Sec 150 Site,31,38,36,2,8,28,22.2,94.7,09:06,Often Late
1509,Sunil Khan,Noida Sec 150 Site,31,44,40,4,19,21,47.5,90.9,09:15,Habitual Late
1510,Ajay Mishra,Noida Sec 150 Site,31,41,36,5,0,36,0.0,87.8,08:47,Mostly On-Time
1511,Vijay Reddy,Noida Sec 150 Site,31,43,38,5,7,31,18.4,88.4,09:01,Mostly On-Time
1512,Rohit Mehta,Noida Sec 150 Site,31,36,32,4,8,24,25.0,88.9,09:06,Often Late
1513,Naveen Thakur,Noida Sec 150 Site,31,44,40,4,11,29,27.5,90.9,09:09,Often Late
1514,Ashok Yadav,Noida Sec 150 Site,31,42,39,3,13,26,33.3,92.9,09:14,Often Late
1515,Mukesh Kumar,Noida Sec 150 Site,31,39,34,5,15,19,44.1,87.2,09:18,Habitual Late
1516,Dinesh Ali,Noida Sec 150 Site,31,41,37,4,11,26,29.7,90.2,09:11,Often Late
1517,Pankaj Jha,Noida Sec 150 Site,31,36,31,5,15,16,48.4,86.1,09:16,Habitual Late
1518,Sandeep Nair,Noida Sec 150 Site,31,41,36,5,12,24,33.3,87.8,09:08,Often Late
1519,Yogesh Shah,Noida Sec 150 Site,31,42,36,6,20,16,55.6,85.7,09:25,Habitual Late
1520,Mahesh Sharma,Noida Sec 150 Site,31,44,39,5,6,33,15.4,88.6,08:58,Mostly On-Time
1521,Naresh Verma,Noida Sec 150 Site,31,41,36,5,8,28,22.2,87.8,09:01,Often Late
1522,Gopal Patel,Noida Sec 150 Site,31,40,36,4,7,29,19.4,90.0,09:02,Mostly On-Time
1523,Hari Chauhan,Noida Sec 150 Site,31,40,38,2,10,28,26.3,95.0,09:09,Often Late
1524,Imran Pandey,Noida Sec 150 Site,31,40,36,4,8,28,22.2,90.0,09:09,Often Late
1525,Farhan Joshi,Noida Sec 150 Site,31,41,33,8,9,24,27.3,80.5,09:08,Often Late
1526,Salim Malik,Noida Sec 150 Site,31,45,41,4,11,30,26.8,91.1,09:08,Often Late
1527,Arun Singh,Noida Sec 150 Site,31,45,42,3,16,26,38.1,93.3,09:16,Often Late
1528,Kiran Gupta,Noida Sec 150 Site,31,41,38,3,13,25,34.2,92.7,09:14,Often Late
1529,Prakash Khan,Noida Sec 150 Site,31,38,34,4,13,21,38.2,89.5,09:17,Often Late
1530,Bharat Mishra,Noida Sec 150 Site,31,37,35,2,8,27,22.9,94.6,09:07,Often Late
1531,Gaurav Reddy,Noida Sec 150 Site,31,33,28,5,8,20,28.6,84.8,09:14,Often Late
1532,Nikhil Mehta,Noida Sec 150 Site,31,45,36,9,9,27,25.0,80.0,09:10,Often Late
1533,Varun Thakur,Noida Sec 150 Site,31,41,40,1,7,33,17.5,97.6,09:01,Mostly On-Time
1534,Saurabh Yadav,Noida Sec 150 Site,31,46,42,4,11,31,26.2,91.3,09:14,Often Late
1535,Abhishek Kumar,Noida Sec 150 Site,31,33,29,4,10,19,34.5,87.9,09:14,Often Late
1536,Rahul Ali,Noida Sec 150 Site,31,36,33,3,11,22,33.3,91.7,09:10,Often Late
1537,Rajesh Kumar40,Noida Sec 150 Site,31,38,32,6,10,22,31.2,84.2,09:12,Often Late
1538,Amit Patel41,Noida Sec 150 Site,31,40,33,7,9,24,27.3,82.5,09:10,Often Late
1539,Suresh Khan42,Noida Sec 150 Site,31,40,33,7,18,15,54.5,82.5,09:23,Habitual Late
1540,Vikram Ali43,Noida Sec 150 Site,31,39,38,1,5,33,13.2,97.4,08:57,Mostly On-Time
1541,Ramesh Chauhan44,Noida Sec 150 Site,31,49,47,2,6,41,12.8,95.9,08:58,Mostly On-Time
1542,Deepak Mishra45,Noida Sec 150 Site,31,45,37,8,7,30,18.9,82.2,09:02,Mostly On-Time
1543,Anil Jha46,Noida Sec 150 Site,31,39,37,2,7,30,18.9,94.9,09:03,Mostly On-Time
1544,Sanjay Pandey47,Noida Sec 150 Site,31,41,36,5,11,25,30.6,87.8,09:09,Often Late
1545,Manoj Reddy48,Noida Sec 150 Site,31,42,38,4,14,24,36.8,90.5,09:12,Often Late
1546,Pradeep Nair49,Noida Sec 150 Site,31,45,43,2,19,24,44.2,95.6,09:18,Habitual Late
1547,Ravi Joshi50,Noida Sec 150 Site,31,45,43,2,17,26,39.5,95.6,09:14,Often Late
1548,Kumar Mehta51,Noida Sec 150 Site,31,35,30,5,15,15,50.0,85.7,09:23,Habitual Late
1549,Sunil Shah52,Noida Sec 150 Site,31,39,34,5,14,20,41.2,87.2,09:16,Habitual Late
1550,Ajay Malik53,Noida Sec 150 Site,31,38,36,2,4,32,11.1,94.7,09:00,Mostly On-Time
1551,Vijay Thakur54,Noida Sec 150 Site,31,39,34,5,5,29,14.7,87.2,08:59,Mostly On-Time
1552,Rohit Sharma55,Noida Sec 150 Site,31,46,41,5,15,26,36.6,89.1,09:10,Often Late
1553,Naveen Singh56,Noida Sec 150 Site,31,33,31,2,10,21,32.3,93.9,09:10,Often Late
1554,Ashok Yadav57,Noida Sec 150 Site,31,41,35,6,14,21,40.0,85.4,09:19,Habitual Late
1555,Mukesh Verma58,Noida Sec 150 Site,31,43,33,10,16,17,48.5,76.7,09:23,Habitual Late
1556,Dinesh Gupta59,Noida Sec 150 Site,31,46,36,10,12,24,33.3,78.3,09:16,Often Late
1557,Rajesh Joshi,Noida Sec 150 Site,35,48,34,14,13,21,38.2,70.8,09:18,Often Late
1558,Amit Malik,Noida Sec 150 Site,35,51,39,12,13,26,33.3,76.5,09:08,Often Late
1559,Suresh Singh,Noida Sec 150 Site,35,52,42,10,21,21,50.0,80.8,09:22,Habitual Late
1560,Vikram Gupta,Noida Sec 150 Site,35,47,36,11,4,32,11.1,76.6,08:57,Mostly On-Time
1561,Ramesh Khan,Noida Sec 150 Site,35,57,42,15,9,33,21.4,73.7,09:07,Often Late
1562,Deepak Mishra,Noida Sec 150 Site,35,51,36,15,8,28,22.2,70.6,09:04,Often Late
1563,Anil Reddy,Noida Sec 150 Site,35,47,33,14,13,20,39.4,70.2,09:16,Often Late
1564,Sanjay Mehta,Noida Sec 150 Site,35,56,43,13,12,31,27.9,76.8,09:07,Often Late
1565,Manoj Thakur,Noida Sec 150 Site,35,42,35,7,12,23,34.3,83.3,09:08,Often Late
1566,Pradeep Yadav,Noida Sec 150 Site,35,53,40,13,14,26,35.0,75.5,09:10,Often Late
1567,Ravi Kumar,Noida Sec 150 Site,35,49,39,10,19,20,48.7,79.6,09:18,Habitual Late
1568,Kumar Ali,Noida Sec 150 Site,35,44,36,8,16,20,44.4,81.8,09:26,Habitual Late
1569,Sunil Jha,Noida Sec 150 Site,35,55,48,7,18,30,37.5,87.3,09:15,Often Late
1570,Ajay Nair,Noida Sec 150 Site,35,50,39,11,0,39,0.0,78.0,08:51,Mostly On-Time
1571,Vijay Shah,Noida Sec 150 Site,35,48,38,10,9,29,23.7,79.2,09:08,Often Late
1572,Rohit Sharma,Noida Sec 150 Site,35,47,33,14,7,26,21.2,70.2,09:06,Often Late
1573,Naveen Verma,Noida Sec 150 Site,35,57,39,18,9,30,23.1,68.4,09:08,Often Late
1574,Ashok Patel,Noida Sec 150 Site,35,52,42,10,16,26,38.1,80.8,09:12,Often Late
1575,Mukesh Chauhan,Noida Sec 150 Site,35,47,37,10,10,27,27.0,78.7,09:09,Often Late
1576,Dinesh Pandey,Noida Sec 150 Site,35,52,33,19,11,22,33.3,63.5,09:12,Often Late
1577,Pankaj Joshi,Noida Sec 150 Site,35,47,29,18,13,16,44.8,61.7,09:15,Habitual Late
1578,Sandeep Malik,Noida Sec 150 Site,35,49,40,9,14,26,35.0,81.6,09:08,Often Late
1579,Yogesh Singh,Noida Sec 150 Site,35,53,36,17,21,15,58.3,67.9,09:26,Habitual Late
1580,Mahesh Gupta,Noida Sec 150 Site,35,50,39,11,7,32,17.9,78.0,08:57,Mostly On-Time
1581,Naresh Khan,Noida Sec 150 Site,35,57,43,14,5,38,11.6,75.4,08:58,Mostly On-Time
1582,Gopal Mishra,Noida Sec 150 Site,35,55,35,20,6,29,17.1,63.6,09:02,Mostly On-Time
1583,Hari Reddy,Noida Sec 150 Site,35,49,41,8,11,30,26.8,83.7,09:08,Often Late
1584,Imran Mehta,Noida Sec 150 Site,35,54,40,14,13,27,32.5,74.1,09:13,Often Late
1585,Farhan Thakur,Noida Sec 150 Site,35,54,44,10,15,29,34.1,81.5,09:10,Often Late
1586,Salim Yadav,Noida Sec 150 Site,35,56,43,13,19,24,44.2,76.8,09:20,Habitual Late
1587,Arun Kumar,Noida Sec 150 Site,35,53,41,12,17,24,41.5,77.4,09:15,Habitual Late
1588,Kiran Ali,Noida Sec 150 Site,35,47,39,8,17,22,43.6,83.0,09:20,Habitual Late
1589,Prakash Jha,Noida Sec 150 Site,35,42,34,8,13,21,38.2,81.0,09:18,Often Late
1590,Bharat Nair,Noida Sec 150 Site,35,51,38,13,2,36,5.3,74.5,08:53,Mostly On-Time
1591,Gaurav Shah,Noida Sec 150 Site,35,44,34,10,9,25,26.5,77.3,09:14,Often Late
1592,Nikhil Sharma,Noida Sec 150 Site,35,53,36,17,7,29,19.4,67.9,09:06,Mostly On-Time
1593,Varun Verma,Noida Sec 150 Site,35,47,32,15,8,24,25.0,68.1,09:06,Often Late
1594,Saurabh Patel,Noida Sec 150 Site,35,59,48,11,7,41,14.6,81.4,09:02,Mostly On-Time
1595,Abhishek Chauhan,Noida Sec 150 Site,35,50,40,10,15,25,37.5,80.0,09:19,Often Late
1596,Rahul Pandey,Noida Sec 150 Site,35,49,34,15,10,24,29.4,69.4,09:09,Often Late
1597,Rajesh Kumar40,Noida Sec 150 Site,35,53,38,15,6,32,15.8,71.7,09:00,Mostly On-Time
1598,Amit Patel41,Noida Sec 150 Site,35,47,34,13,11,23,32.4,72.3,09:13,Often Late
1599,Suresh Khan42,Noida Sec 150 Site,35,49,38,11,20,18,52.6,77.6,09:20,Habitual Late
1600,Vikram Ali43,Noida Sec 150 Site,35,56,43,13,8,35,18.6,76.8,09:02,Mostly On-Time
1601,Ramesh Chauhan44,Noida Sec 150 Site,35,60,47,13,7,40,14.9,78.3,08:58,Mostly On-Time
1602,Deepak Mishra45,Noida Sec 150 Site,35,53,39,14,10,29,25.6,73.6,09:09,Often Late
1603,Anil Jha46,Noida Sec 150 Site,35,45,36,9,10,26,27.8,80.0,09:09,Often Late
1604,Sanjay Pandey47,Noida Sec 150 Site,35,50,41,9,14,27,34.1,82.0,09:09,Often Late
1605,Manoj Reddy48,Noida Sec 150 Site,35,56,38,18,12,26,31.6,67.9,09:08,Often Late
1606,Pradeep Nair49,Noida Sec 150 Site,35,51,42,9,17,25,40.5,82.4,09:13,Habitual Late
1607,Ravi Joshi50,Noida Sec 150 Site,35,52,45,7,16,29,35.6,86.5,09:13,Often Late
1608,Kumar Mehta51,Noida Sec 150 Site,35,47,37,10,17,20,45.9,78.7,09:23,Habitual Late
1609,Sunil Shah52,Noida Sec 150 Site,35,52,40,12,22,18,55.0,76.9,09:25,Habitual Late
1610,Ajay Malik53,Noida Sec 150 Site,35,46,41,5,5,36,12.2,89.1,08:59,Mostly On-Time
1611,Vijay Thakur54,Noida Sec 150 Site,35,45,36,9,4,32,11.1,80.0,08:56,Mostly On-Time
1612,Rohit Sharma55,Noida Sec 150 Site,35,56,49,7,18,31,36.7,87.5,09:12,Often Late
1613,Naveen Singh56,Noida Sec 150 Site,35,42,35,7,10,25,28.6,83.3,09:09,Often Late
1614,Ashok Yadav57,Noida Sec 150 Site,35,57,46,11,20,26,43.5,80.7,09:17,Habitual Late
1615,Mukesh Verma58,Noida Sec 150 Site,35,40,32,8,14,18,43.8,80.0,09:23,Habitual Late
1616,Dinesh Gupta59,Noida Sec 150 Site,35,49,40,9,14,26,35.0,81.6,09:16,Often Late
1617,Rajesh Gupta,Noida Sec 62 Site,4,52,45,7,16,29,35.6,86.5,09:14,Often Late
1618,Amit Khan,Noida Sec 62 Site,4,47,40,7,20,20,50.0,85.1,09:25,Habitual Late
1619,Suresh Mishra,Noida Sec 62 Site,4,49,41,8,22,19,53.7,83.7,09:25,Habitual Late
1620,Vikram Reddy,Noida Sec 62 Site,4,48,39,9,6,33,15.4,81.2,08:59,Mostly On-Time
1621,Ramesh Mehta,Noida Sec 62 Site,4,51,42,9,11,31,26.2,82.4,09:09,Often Late
1622,Deepak Thakur,Noida Sec 62 Site,4,39,33,6,3,30,9.1,84.6,08:56,Mostly On-Time
1623,Anil Yadav,Noida Sec 62 Site,4,48,36,12,12,24,33.3,75.0,09:11,Often Late
1624,Sanjay Kumar,Noida Sec 62 Site,4,47,44,3,16,28,36.4,93.6,09:09,Often Late
1625,Manoj Ali,Noida Sec 62 Site,4,53,44,9,16,28,36.4,83.0,09:10,Often Late
1626,Pradeep Jha,Noida Sec 62 Site,4,47,41,6,8,33,19.5,87.2,09:04,Mostly On-Time
1627,Ravi Nair,Noida Sec 62 Site,4,46,37,9,17,20,45.9,80.4,09:15,Habitual Late
1628,Kumar Shah,Noida Sec 62 Site,4,55,49,6,23,26,46.9,89.1,09:22,Habitual Late
1629,Sunil Sharma,Noida Sec 62 Site,4,52,44,8,18,26,40.9,84.6,09:15,Habitual Late
1630,Ajay Verma,Noida Sec 62 Site,4,55,47,8,3,44,6.4,85.5,08:55,Mostly On-Time
1631,Vijay Patel,Noida Sec 62 Site,4,59,48,11,9,39,18.8,81.4,09:00,Mostly On-Time
1632,Rohit Chauhan,Noida Sec 62 Site,4,50,45,5,6,39,13.3,90.0,09:01,Mostly On-Time
1633,Naveen Pandey,Noida Sec 62 Site,4,51,45,6,12,33,26.7,88.2,09:06,Often Late
1634,Ashok Joshi,Noida Sec 62 Site,4,49,44,5,9,35,20.5,89.8,09:01,Often Late
1635,Mukesh Malik,Noida Sec 62 Site,4,49,42,7,11,31,26.2,85.7,09:09,Often Late
1636,Dinesh Singh,Noida Sec 62 Site,4,50,40,10,15,25,37.5,80.0,09:16,Often Late
1637,Pankaj Gupta,Noida Sec 62 Site,4,51,43,8,19,24,44.2,84.3,09:19,Habitual Late
1638,Sandeep Khan,Noida Sec 62 Site,4,49,42,7,19,23,45.2,85.7,09:19,Habitual Late
1639,Yogesh Mishra,Noida Sec 62 Site,4,51,44,7,24,20,54.5,86.3,09:23,Habitual Late
1640,Mahesh Reddy,Noida Sec 62 Site,4,49,42,7,7,35,16.7,85.7,09:02,Mostly On-Time
1641,Naresh Mehta,Noida Sec 62 Site,4,44,35,9,2,33,5.7,79.5,08:55,Mostly On-Time
1642,Gopal Thakur,Noida Sec 62 Site,4,52,38,14,9,29,23.7,73.1,09:02,Often Late
1643,Hari Yadav,Noida Sec 62 Site,4,48,38,10,10,28,26.3,79.2,09:09,Often Late
1644,Imran Kumar,Noida Sec 62 Site,4,47,38,9,9,29,23.7,80.9,09:05,Often Late
1645,Farhan Ali,Noida Sec 62 Site,4,54,47,7,12,35,25.5,87.0,09:10,Often Late
1646,Salim Jha,Noida Sec 62 Site,4,51,45,6,14,31,31.1,88.2,09:11,Often Late
1647,Arun Nair,Noida Sec 62 Site,4,54,42,12,18,24,42.9,77.8,09:17,Habitual Late
1648,Kiran Shah,Noida Sec 62 Site,4,46,36,10,21,15,58.3,78.3,09:24,Habitual Late
1649,Prakash Sharma,Noida Sec 62 Site,4,51,45,6,21,24,46.7,88.2,09:21,Habitual Late
1650,Bharat Verma,Noida Sec 62 Site,4,53,46,7,6,40,13.0,86.8,09:00,Mostly On-Time
1651,Gaurav Patel,Noida Sec 62 Site,4,50,44,6,10,34,22.7,88.0,09:02,Often Late
1652,Nikhil Chauhan,Noida Sec 62 Site,4,61,48,13,8,40,16.7,78.7,09:04,Mostly On-Time
1653,Varun Pandey,Noida Sec 62 Site,4,49,41,8,7,34,17.1,83.7,09:01,Mostly On-Time
1654,Saurabh Joshi,Noida Sec 62 Site,4,50,44,6,15,29,34.1,88.0,09:11,Often Late
1655,Abhishek Malik,Noida Sec 62 Site,4,50,47,3,16,31,34.0,94.0,09:14,Often Late
1656,Rahul Singh,Noida Sec 62 Site,4,44,34,10,13,21,38.2,77.3,09:12,Often Late
1657,Rajesh Kumar40,Noida Sec 62 Site,4,41,34,7,11,23,32.4,82.9,09:08,Often Late
1658,Amit Patel41,Noida Sec 62 Site,4,49,40,9,19,21,47.5,81.6,09:22,Habitual Late
1659,Suresh Khan42,Noida Sec 62 Site,4,56,46,10,26,20,56.5,82.1,09:26,Habitual Late
1660,Vikram Ali43,Noida Sec 62 Site,4,49,43,6,3,40,7.0,87.8,08:58,Mostly On-Time
1661,Ramesh Chauhan44,Noida Sec 62 Site,4,54,40,14,6,34,15.0,74.1,08:58,Mostly On-Time
1662,Deepak Mishra45,Noida Sec 62 Site,4,52,48,4,12,36,25.0,92.3,09:06,Often Late
1663,Anil Jha46,Noida Sec 62 Site,4,50,40,10,15,25,37.5,80.0,09:13,Often Late
1664,Sanjay Pandey47,Noida Sec 62 Site,4,50,37,13,5,32,13.5,74.0,09:03,Mostly On-Time
1665,Manoj Reddy48,Noida Sec 62 Site,4,52,43,9,13,30,30.2,82.7,09:06,Often Late
1666,Pradeep Nair49,Noida Sec 62 Site,4,46,39,7,16,23,41.0,84.8,09:14,Habitual Late
1667,Ravi Joshi50,Noida Sec 62 Site,4,54,45,9,13,32,28.9,83.3,09:10,Often Late
1668,Kumar Mehta51,Noida Sec 62 Site,4,47,41,6,13,28,31.7,87.2,09:11,Often Late
1669,Sunil Shah52,Noida Sec 62 Site,4,50,43,7,17,26,39.5,86.0,09:13,Often Late
1670,Ajay Malik53,Noida Sec 62 Site,4,44,36,8,4,32,11.1,81.8,09:00,Mostly On-Time
1671,Vijay Thakur54,Noida Sec 62 Site,4,46,37,9,8,29,21.6,80.4,09:07,Often Late
1672,Rohit Sharma55,Noida Sec 62 Site,4,49,41,8,9,32,22.0,83.7,09:06,Often Late
1673,Naveen Singh56,Noida Sec 62 Site,4,47,40,7,10,30,25.0,85.1,09:06,Often Late
1674,Ashok Yadav57,Noida Sec 62 Site,4,56,43,13,16,27,37.2,76.8,09:15,Often Late
1675,Mukesh Verma58,Noida Sec 62 Site,4,48,41,7,16,25,39.0,85.4,09:15,Often Late
1676,Dinesh Gupta59,Noida Sec 62 Site,4,43,29,14,13,16,44.8,67.4,09:17,Habitual Late
1677,Rajesh Ali,Noida Sec 62 Site,8,40,34,6,14,20,41.2,85.0,09:13,Habitual Late
1678,Amit Jha,Noida Sec 62 Site,8,37,33,4,13,20,39.4,89.2,09:17,Often Late
1679,Suresh Nair,Noida Sec 62 Site,8,43,39,4,17,22,43.6,90.7,09:16,Habitual Late
1680,Vikram Shah,Noida Sec 62 Site,8,40,34,6,6,28,17.6,85.0,09:02,Mostly On-Time
1681,Ramesh Sharma,Noida Sec 62 Site,8,42,37,5,7,30,18.9,88.1,09:02,Mostly On-Time
1682,Deepak Verma,Noida Sec 62 Site,8,39,34,5,6,28,17.6,87.2,09:01,Mostly On-Time
1683,Anil Patel,Noida Sec 62 Site,8,37,32,5,12,20,37.5,86.5,09:14,Often Late
1684,Sanjay Chauhan,Noida Sec 62 Site,8,48,40,8,16,24,40.0,83.3,09:09,Habitual Late
1685,Manoj Pandey,Noida Sec 62 Site,8,46,38,8,17,21,44.7,82.6,09:13,Habitual Late
1686,Pradeep Joshi,Noida Sec 62 Site,8,42,34,8,7,27,20.6,81.0,09:05,Often Late
1687,Ravi Malik,Noida Sec 62 Site,8,38,28,10,11,17,39.3,73.7,09:08,Often Late
1688,Kumar Singh,Noida Sec 62 Site,8,51,43,8,19,24,44.2,84.3,09:19,Habitual Late
1689,Sunil Gupta,Noida Sec 62 Site,8,40,32,8,12,20,37.5,80.0,09:10,Often Late
1690,Ajay Khan,Noida Sec 62 Site,8,43,38,5,3,35,7.9,88.4,09:00,Mostly On-Time
1691,Vijay Mishra,Noida Sec 62 Site,8,44,40,4,9,31,22.5,90.9,08:59,Often Late
1692,Rohit Reddy,Noida Sec 62 Site,8,44,37,7,6,31,16.2,84.1,09:05,Mostly On-Time
1693,Naveen Mehta,Noida Sec 62 Site,8,42,36,6,10,26,27.8,85.7,09:07,Often Late
1694,Ashok Thakur,Noida Sec 62 Site,8,41,37,4,10,27,27.0,90.2,09:05,Often Late
1695,Mukesh Yadav,Noida Sec 62 Site,8,40,35,5,10,25,28.6,87.5,09:10,Often Late
1696,Dinesh Kumar,Noida Sec 62 Site,8,40,37,3,16,21,43.2,92.5,09:20,Habitual Late
1697,Pankaj Ali,Noida Sec 62 Site,8,42,37,5,17,20,45.9,88.1,09:21,Habitual Late
1698,Sandeep Jha,Noida Sec 62 Site,8,42,35,7,15,20,42.9,83.3,09:18,Habitual Late
1699,Yogesh Nair,Noida Sec 62 Site,8,44,39,5,19,20,48.7,88.6,09:21,Habitual Late
1700,Mahesh Shah,Noida Sec 62 Site,8,41,34,7,3,31,8.8,82.9,08:58,Mostly On-Time
1701,Naresh Sharma,Noida Sec 62 Site,8,34,30,4,1,29,3.3,88.2,08:55,Mostly On-Time
1702,Gopal Verma,Noida Sec 62 Site,8,42,33,9,11,22,33.3,78.6,09:11,Often Late
1703,Hari Patel,Noida Sec 62 Site,8,37,30,7,7,23,23.3,81.1,09:05,Often Late
1704,Imran Chauhan,Noida Sec 62 Site,8,43,37,6,11,26,29.7,86.0,09:11,Often Late
1705,Farhan Pandey,Noida Sec 62 Site,8,45,37,8,12,25,32.4,82.2,09:15,Often Late
1706,Salim Joshi,Noida Sec 62 Site,8,42,40,2,11,29,27.5,95.2,09:12,Often Late
1707,Arun Malik,Noida Sec 62 Site,8,44,41,3,19,22,46.3,93.2,09:23,Habitual Late
1708,Kiran Singh,Noida Sec 62 Site,8,38,33,5,16,17,48.5,86.8,09:15,Habitual Late
1709,Prakash Gupta,Noida Sec 62 Site,8,39,33,6,17,16,51.5,84.6,09:26,Habitual Late
1710,Bharat Khan,Noida Sec 62 Site,8,45,40,5,5,35,12.5,88.9,08:59,Mostly On-Time
1711,Gaurav Mishra,Noida Sec 62 Site,8,38,35,3,7,28,20.0,92.1,09:02,Often Late
1712,Nikhil Reddy,Noida Sec 62 Site,8,46,43,3,12,31,27.9,93.5,09:12,Often Late
1713,Varun Mehta,Noida Sec 62 Site,8,38,36,2,5,31,13.9,94.7,08:58,Mostly On-Time
1714,Saurabh Thakur,Noida Sec 62 Site,8,42,36,6,12,24,33.3,85.7,09:08,Often Late
1715,Abhishek Yadav,Noida Sec 62 Site,8,35,29,6,12,17,41.4,82.9,09:14,Habitual Late
1716,Rahul Kumar,Noida Sec 62 Site,8,32,28,4,10,18,35.7,87.5,09:13,Often Late
1717,Rajesh Kumar40,Noida Sec 62 Site,8,40,35,5,8,27,22.9,87.5,09:02,Often Late
1718,Amit Patel41,Noida Sec 62 Site,8,40,33,7,15,18,45.5,82.5,09:21,Habitual Late
1719,Suresh Khan42,Noida Sec 62 Site,8,44,39,5,20,19,51.3,88.6,09:23,Habitual Late
1720,Vikram Ali43,Noida Sec 62 Site,8,43,32,11,3,29,9.4,74.4,09:01,Mostly On-Time
1721,Ramesh Chauhan44,Noida Sec 62 Site,8,40,35,5,4,31,11.4,87.5,08:53,Mostly On-Time
1722,Deepak Mishra45,Noida Sec 62 Site,8,44,32,12,5,27,15.6,72.7,09:03,Mostly On-Time
1723,Anil Jha46,Noida Sec 62 Site,8,37,33,4,13,20,39.4,89.2,09:23,Often Late
1724,Sanjay Pandey47,Noida Sec 62 Site,8,37,32,5,6,26,18.8,86.5,09:05,Mostly On-Time
1725,Manoj Reddy48,Noida Sec 62 Site,8,43,40,3,11,29,27.5,93.0,09:06,Often Late
1726,Pradeep Nair49,Noida Sec 62 Site,8,40,33,7,14,19,42.4,82.5,09:15,Habitual Late
1727,Ravi Joshi50,Noida Sec 62 Site,8,45,37,8,9,28,24.3,82.2,09:06,Often Late
1728,Kumar Mehta51,Noida Sec 62 Site,8,36,31,5,14,17,45.2,86.1,09:19,Habitual Late
1729,Sunil Shah52,Noida Sec 62 Site,8,39,34,5,15,19,44.1,87.2,09:18,Habitual Late
1730,Ajay Malik53,Noida Sec 62 Site,8,35,32,3,2,30,6.2,91.4,08:55,Mostly On-Time
1731,Vijay Thakur54,Noida Sec 62 Site,8,40,37,3,8,29,21.6,92.5,09:04,Often Late
1732,Rohit Sharma55,Noida Sec 62 Site,8,40,36,4,7,29,19.4,90.0,09:04,Mostly On-Time
1733,Naveen Singh56,Noida Sec 62 Site,8,42,35,7,6,29,17.1,83.3,09:00,Mostly On-Time
1734,Ashok Yadav57,Noida Sec 62 Site,8,43,38,5,15,23,39.5,88.4,09:17,Often Late
1735,Mukesh Verma58,Noida Sec 62 Site,8,38,33,5,11,22,33.3,86.8,09:15,Often Late
1736,Dinesh Gupta59,Noida Sec 62 Site,8,33,31,2,14,17,45.2,93.9,09:18,Habitual Late
1737,Rajesh Pandey,Noida Sec 62 Site,12,44,41,3,19,22,46.3,93.2,09:23,Habitual Late
1738,Amit Joshi,Noida Sec 62 Site,12,48,42,6,19,23,45.2,87.5,09:22,Habitual Late
1739,Suresh Malik,Noida Sec 62 Site,12,43,35,8,17,18,48.6,81.4,09:25,Habitual Late
1740,Vikram Singh,Noida Sec 62 Site,12,43,32,11,6,26,18.8,74.4,08:58,Mostly On-Time
1741,Ramesh Gupta,Noida Sec 62 Site,12,51,39,12,9,30,23.1,76.5,09:06,Often Late
1742,Deepak Khan,Noida Sec 62 Site,12,39,28,11,3,25,10.7,71.8,09:00,Mostly On-Time
1743,Anil Mishra,Noida Sec 62 Site,12,48,37,11,9,28,24.3,77.1,09:08,Often Late
1744,Sanjay Reddy,Noida Sec 62 Site,12,53,45,8,16,29,35.6,84.9,09:11,Often Late
1745,Manoj Mehta,Noida Sec 62 Site,12,49,40,9,13,27,32.5,81.6,09:09,Often Late
1746,Pradeep Thakur,Noida Sec 62 Site,12,44,34,10,9,25,26.5,77.3,09:07,Often Late
1747,Ravi Yadav,Noida Sec 62 Site,12,52,37,15,17,20,45.9,71.2,09:17,Habitual Late
1748,Kumar Kumar,Noida Sec 62 Site,12,52,47,5,19,28,40.4,90.4,09:17,Habitual Late
1749,Sunil Ali,Noida Sec 62 Site,12,52,44,8,20,24,45.5,84.6,09:17,Habitual Late
1750,Ajay Jha,Noida Sec 62 Site,12,48,42,6,5,37,11.9,87.5,09:01,Mostly On-Time
1751,Vijay Nair,Noida Sec 62 Site,12,60,50,10,8,42,16.0,83.3,09:02,Mostly On-Time
1752,Rohit Shah,Noida Sec 62 Site,12,48,37,11,6,31,16.2,77.1,09:07,Mostly On-Time
1753,Naveen Sharma,Noida Sec 62 Site,12,54,43,11,11,32,25.6,79.6,09:09,Often Late
1754,Ashok Verma,Noida Sec 62 Site,12,45,33,12,7,26,21.2,73.3,09:00,Often Late
1755,Mukesh Patel,Noida Sec 62 Site,12,48,34,14,11,23,32.4,70.8,09:14,Often Late
1756,Dinesh Chauhan,Noida Sec 62 Site,12,49,37,12,14,23,37.8,75.5,09:20,Often Late
1757,Pankaj Pandey,Noida Sec 62 Site,12,50,38,12,20,18,52.6,76.0,09:24,Habitual Late
1758,Sandeep Joshi,Noida Sec 62 Site,12,60,46,14,22,24,47.8,76.7,09:21,Habitual Late
1759,Yogesh Malik,Noida Sec 62 Site,12,46,35,11,19,16,54.3,76.1,09:24,Habitual Late
1760,Mahesh Singh,Noida Sec 62 Site,12,48,37,11,8,29,21.6,77.1,09:05,Often Late
1761,Naresh Gupta,Noida Sec 62 Site,12,39,27,12,4,23,14.8,69.2,09:01,Mostly On-Time
1762,Gopal Khan,Noida Sec 62 Site,12,47,35,12,9,26,25.7,74.5,09:04,Often Late
1763,Hari Mishra,Noida Sec 62 Site,12,48,37,11,5,32,13.5,77.1,09:01,Mostly On-Time
1764,Imran Reddy,Noida Sec 62 Site,12,40,30,10,8,22,26.7,75.0,09:06,Often Late
1765,Farhan Mehta,Noida Sec 62 Site,12,57,48,9,15,33,31.2,84.2,09:12,Often Late
1766,Salim Thakur,Noida Sec 62 Site,12,45,33,12,10,23,30.3,73.3,09:09,Often Late
1767,Arun Yadav,Noida Sec 62 Site,12,49,37,12,21,16,56.8,75.5,09:28,Habitual Late
1768,Kiran Kumar,Noida Sec 62 Site,12,42,31,11,19,12,61.3,73.8,09:26,Habitual Late
1769,Prakash Ali,Noida Sec 62 Site,12,47,37,10,15,22,40.5,78.7,09:14,Habitual Late
1770,Bharat Jha,Noida Sec 62 Site,12,58,45,13,6,39,13.3,77.6,08:59,Mostly On-Time
1771,Gaurav Nair,Noida Sec 62 Site,12,49,38,11,14,24,36.8,77.6,09:11,Often Late
1772,Nikhil Shah,Noida Sec 62 Site,12,54,43,11,8,35,18.6,79.6,09:05,Mostly On-Time
1773,Varun Sharma,Noida Sec 62 Site,12,51,39,12,8,31,20.5,76.5,09:06,Often Late
1774,Saurabh Verma,Noida Sec 62 Site,12,52,45,7,14,31,31.1,86.5,09:09,Often Late
1775,Abhishek Patel,Noida Sec 62 Site,12,40,30,10,9,21,30.0,75.0,09:11,Often Late
1776,Rahul Chauhan,Noida Sec 62 Site,12,43,35,8,17,18,48.6,81.4,09:19,Habitual Late
1777,Rajesh Kumar40,Noida Sec 62 Site,12,44,34,10,11,23,32.4,77.3,09:10,Often Late
1778,Amit Patel41,Noida Sec 62 Site,12,50,38,12,15,23,39.5,76.0,09:17,Often Late
1779,Suresh Khan42,Noida Sec 62 Site,12,51,40,11,23,17,57.5,78.4,09:27,Habitual Late
1780,Vikram Ali43,Noida Sec 62 Site,12,49,37,12,4,33,10.8,75.5,08:59,Mostly On-Time
1781,Ramesh Chauhan44,Noida Sec 62 Site,12,48,38,10,4,34,10.5,79.2,08:57,Mostly On-Time
1782,Deepak Mishra45,Noida Sec 62 Site,12,40,33,7,9,24,27.3,82.5,09:07,Often Late
1783,Anil Jha46,Noida Sec 62 Site,12,50,36,14,11,25,30.6,72.0,09:09,Often Late
1784,Sanjay Pandey47,Noida Sec 62 Site,12,45,31,14,8,23,25.8,68.9,09:08,Often Late
1785,Manoj Reddy48,Noida Sec 62 Site,12,54,46,8,13,33,28.3,85.2,09:06,Often Late
1786,Pradeep Nair49,Noida Sec 62 Site,12,48,40,8,20,20,50.0,83.3,09:20,Habitual Late
1787,Ravi Joshi50,Noida Sec 62 Site,12,56,42,14,15,27,35.7,75.0,09:12,Often Late
1788,Kumar Mehta51,Noida Sec 62 Site,12,45,32,13,8,24,25.0,71.1,09:07,Often Late
1789,Sunil Shah52,Noida Sec 62 Site,12,45,39,6,15,24,38.5,86.7,09:12,Often Late
1790,Ajay Malik53,Noida Sec 62 Site,12,44,37,7,5,32,13.5,84.1,09:00,Mostly On-Time
1791,Vijay Thakur54,Noida Sec 62 Site,12,39,31,8,6,25,19.4,79.5,09:07,Mostly On-Time
1792,Rohit Sharma55,Noida Sec 62 Site,12,47,34,13,9,25,26.5,72.3,09:09,Often Late
1793,Naveen Singh56,Noida Sec 62 Site,12,47,37,10,11,26,29.7,78.7,09:11,Often Late
1794,Ashok Yadav57,Noida Sec 62 Site,12,52,39,13,16,23,41.0,75.0,09:15,Habitual Late
1795,Mukesh Verma58,Noida Sec 62 Site,12,49,40,9,18,22,45.0,81.6,09:18,Habitual Late
1796,Dinesh Gupta59,Noida Sec 62 Site,12,42,33,9,13,20,39.4,78.6,09:17,Often Late
1797,Rajesh Mehta,Noida Sec 62 Site,16,54,43,11,16,27,37.2,79.6,09:14,Often Late
1798,Amit Thakur,Noida Sec 62 Site,16,51,35,16,18,17,51.4,68.6,09:25,Habitual Late
1799,Suresh Yadav,Noida Sec 62 Site,16,50,38,12,17,21,44.7,76.0,09:20,Habitual Late
1800,Vikram Kumar,Noida Sec 62 Site,16,46,32,14,7,25,21.9,69.6,09:01,Often Late
1801,Ramesh Ali,Noida Sec 62 Site,16,49,37,12,7,30,18.9,75.5,09:03,Mostly On-Time
1802,Deepak Jha,Noida Sec 62 Site,16,46,32,14,5,27,15.6,69.6,08:59,Mostly On-Time
1803,Anil Nair,Noida Sec 62 Site,16,46,37,9,11,26,29.7,80.4,09:07,Often Late
1804,Sanjay Shah,Noida Sec 62 Site,16,56,43,13,18,25,41.9,76.8,09:09,Habitual Late
1805,Manoj Sharma,Noida Sec 62 Site,16,56,38,18,13,25,34.2,67.9,09:08,Often Late
1806,Pradeep Verma,Noida Sec 62 Site,16,45,33,12,9,24,27.3,73.3,09:05,Often Late
1807,Ravi Patel,Noida Sec 62 Site,16,44,30,14,12,18,40.0,68.2,09:10,Habitual Late
1808,Kumar Chauhan,Noida Sec 62 Site,16,55,49,6,22,27,44.9,89.1,09:22,Habitual Late
1809,Sunil Pandey,Noida Sec 62 Site,16,49,41,8,17,24,41.5,83.7,09:16,Habitual Late
1810,Ajay Joshi,Noida Sec 62 Site,16,54,40,14,3,37,7.5,74.1,08:58,Mostly On-Time
1811,Vijay Malik,Noida Sec 62 Site,16,57,46,11,9,37,19.6,80.7,09:00,Mostly On-Time
1812,Rohit Singh,Noida Sec 62 Site,16,56,41,15,7,34,17.1,73.2,09:05,Mostly On-Time
1813,Naveen Gupta,Noida Sec 62 Site,16,56,44,12,14,30,31.8,78.6,09:12,Often Late
1814,Ashok Khan,Noida Sec 62 Site,16,51,32,19,9,23,28.1,62.7,09:07,Often Late
1815,Mukesh Mishra,Noida Sec 62 Site,16,52,39,13,10,29,25.6,75.0,09:10,Often Late
1816,Dinesh Reddy,Noida Sec 62 Site,16,49,33,16,14,19,42.4,67.3,09:21,Habitual Late
1817,Pankaj Mehta,Noida Sec 62 Site,16,57,39,18,17,22,43.6,68.4,09:19,Habitual Late
1818,Sandeep Thakur,Noida Sec 62 Site,16,54,38,16,18,20,47.4,70.4,09:20,Habitual Late
1819,Yogesh Yadav,Noida Sec 62 Site,16,53,41,12,19,22,46.3,77.4,09:17,Habitual Late
1820,Mahesh Kumar,Noida Sec 62 Site,16,46,33,13,5,28,15.2,71.7,09:02,Mostly On-Time
1821,Naresh Ali,Noida Sec 62 Site,16,46,36,10,4,32,11.1,78.3,08:57,Mostly On-Time
1822,Gopal Jha,Noida Sec 62 Site,16,48,32,16,10,22,31.2,66.7,09:08,Often Late
1823,Hari Nair,Noida Sec 62 Site,16,53,37,16,6,31,16.2,69.8,09:02,Mostly On-Time
1824,Imran Shah,Noida Sec 62 Site,16,45,32,13,7,25,21.9,71.1,09:04,Often Late
1825,Farhan Sharma,Noida Sec 62 Site,16,58,44,14,11,33,25.0,75.9,09:10,Often Late
1826,Salim Verma,Noida Sec 62 Site,16,51,38,13,11,27,28.9,74.5,09:10,Often Late
1827,Arun Patel,Noida Sec 62 Site,16,54,37,17,19,18,51.4,68.5,09:22,Habitual Late
1828,Kiran Chauhan,Noida Sec 62 Site,16,44,33,11,18,15,54.5,75.0,09:21,Habitual Late
1829,Prakash Pandey,Noida Sec 62 Site,16,47,33,14,15,18,45.5,70.2,09:21,Habitual Late
1830,Bharat Joshi,Noida Sec 62 Site,16,55,41,14,5,36,12.2,74.5,09:00,Mostly On-Time
1831,Gaurav Malik,Noida Sec 62 Site,16,53,36,17,7,29,19.4,67.9,09:03,Mostly On-Time
1832,Nikhil Singh,Noida Sec 62 Site,16,57,48,9,8,40,16.7,84.2,09:05,Mostly On-Time
1833,Varun Gupta,Noida Sec 62 Site,16,47,36,11,9,27,25.0,76.6,09:07,Often Late
1834,Saurabh Khan,Noida Sec 62 Site,16,51,42,9,15,27,35.7,82.4,09:11,Often Late
1835,Abhishek Mishra,Noida Sec 62 Site,16,49,34,15,12,22,35.3,69.4,09:12,Often Late
1836,Rahul Reddy,Noida Sec 62 Site,16,42,34,8,14,20,41.2,81.0,09:15,Habitual Late
1837,Rajesh Kumar40,Noida Sec 62 Site,16,50,36,14,10,26,27.8,72.0,09:08,Often Late
1838,Amit Patel41,Noida Sec 62 Site,16,49,40,9,15,25,37.5,81.6,09:14,Often Late
1839,Suresh Khan42,Noida Sec 62 Site,16,57,40,17,25,15,62.5,70.2,09:29,Habitual Late
1840,Vikram Ali43,Noida Sec 62 Site,16,56,39,17,6,33,15.4,69.6,09:03,Mostly On-Time
1841,Ramesh Chauhan44,Noida Sec 62 Site,16,51,40,11,4,36,10.0,78.4,08:55,Mostly On-Time
1842,Deepak Mishra45,Noida Sec 62 Site,16,46,34,12,6,28,17.6,73.9,09:03,Mostly On-Time
1843,Anil Jha46,Noida Sec 62 Site,16,49,36,13,12,24,33.3,73.5,09:13,Often Late
1844,Sanjay Pandey47,Noida Sec 62 Site,16,46,33,13,5,28,15.2,71.7,09:04,Mostly On-Time
1845,Manoj Reddy48,Noida Sec 62 Site,16,55,40,15,9,31,22.5,72.7,09:03,Often Late
1846,Pradeep Nair49,Noida Sec 62 Site,16,52,35,17,18,17,51.4,67.3,09:20,Habitual Late
1847,Ravi Joshi50,Noida Sec 62 Site,16,57,43,14,14,29,32.6,75.4,09:12,Often Late
1848,Kumar Mehta51,Noida Sec 62 Site,16,47,34,13,14,20,41.2,72.3,09:17,Habitual Late
1849,Sunil Shah52,Noida Sec 62 Site,16,52,37,15,13,24,35.1,71.2,09:12,Often Late
1850,Ajay Malik53,Noida Sec 62 Site,16,48,33,15,1,32,3.0,68.8,08:51,Mostly On-Time
1851,Vijay Thakur54,Noida Sec 62 Site,16,45,33,12,8,25,24.2,73.3,09:08,Often Late
1852,Rohit Sharma55,Noida Sec 62 Site,16,52,38,14,7,31,18.4,73.1,09:04,Mostly On-Time
1853,Naveen Singh56,Noida Sec 62 Site,16,54,35,19,6,29,17.1,64.8,09:00,Mostly On-Time
1854,Ashok Yadav57,Noida Sec 62 Site,16,50,37,13,12,25,32.4,74.0,09:14,Often Late
1855,Mukesh Verma58,Noida Sec 62 Site,16,48,37,11,12,25,32.4,77.1,09:13,Often Late
1856,Dinesh Gupta59,Noida Sec 62 Site,16,43,32,11,13,19,40.6,74.4,09:15,Habitual Late
1857,Rajesh Sharma,Noida Sec 62 Site,20,45,41,4,17,24,41.5,91.1,09:18,Habitual Late
1858,Amit Verma,Noida Sec 62 Site,20,48,47,1,24,23,51.1,97.9,09:27,Habitual Late
1859,Suresh Patel,Noida Sec 62 Site,20,43,39,4,19,20,48.7,90.7,09:26,Habitual Late
1860,Vikram Chauhan,Noida Sec 62 Site,20,40,38,2,8,30,21.1,95.0,09:02,Often Late
1861,Ramesh Pandey,Noida Sec 62 Site,20,47,43,4,10,33,23.3,91.5,09:05,Often Late
1862,Deepak Joshi,Noida Sec 62 Site,20,38,37,1,5,32,13.5,97.4,09:01,Mostly On-Time
1863,Anil Malik,Noida Sec 62 Site,20,49,47,2,11,36,23.4,95.9,09:06,Often Late
1864,Sanjay Singh,Noida Sec 62 Site,20,57,56,1,21,35,37.5,98.2,09:12,Often Late
1865,Manoj Gupta,Noida Sec 62 Site,20,45,42,3,13,29,31.0,93.3,09:08,Often Late
1866,Pradeep Khan,Noida Sec 62 Site,20,49,46,3,10,36,21.7,93.9,09:04,Often Late
1867,Ravi Mishra,Noida Sec 62 Site,20,44,41,3,20,21,48.8,93.2,09:16,Habitual Late
1868,Kumar Reddy,Noida Sec 62 Site,20,57,52,5,18,34,34.6,91.2,09:13,Often Late
1869,Sunil Mehta,Noida Sec 62 Site,20,52,51,1,22,29,43.1,98.1,09:17,Habitual Late
1870,Ajay Thakur,Noida Sec 62 Site,20,53,47,6,5,42,10.6,88.7,09:00,Mostly On-Time
1871,Vijay Yadav,Noida Sec 62 Site,20,57,54,3,9,45,16.7,94.7,09:02,Mostly On-Time
1872,Rohit Kumar,Noida Sec 62 Site,20,51,45,6,6,39,13.3,88.2,09:02,Mostly On-Time
1873,Naveen Ali,Noida Sec 62 Site,20,48,44,4,11,33,25.0,91.7,09:09,Often Late
1874,Ashok Jha,Noida Sec 62 Site,20,46,43,3,13,30,30.2,93.5,09:07,Often Late
1875,Mukesh Nair,Noida Sec 62 Site,20,45,41,4,12,29,29.3,91.1,09:11,Often Late
1876,Dinesh Shah,Noida Sec 62 Site,20,53,48,5,17,31,35.4,90.6,09:16,Often Late
1877,Pankaj Sharma,Noida Sec 62 Site,20,44,40,4,19,21,47.5,90.9,09:22,Habitual Late
1878,Sandeep Verma,Noida Sec 62 Site,20,58,52,6,24,28,46.2,89.7,09:19,Habitual Late
1879,Yogesh Patel,Noida Sec 62 Site,20,49,46,3,27,19,58.7,93.9,09:27,Habitual Late
1880,Mahesh Chauhan,Noida Sec 62 Site,20,49,44,5,7,37,15.9,89.8,09:03,Mostly On-Time
1881,Naresh Pandey,Noida Sec 62 Site,20,36,33,3,6,27,18.2,91.7,09:04,Mostly On-Time
1882,Gopal Joshi,Noida Sec 62 Site,20,49,42,7,10,32,23.8,85.7,09:05,Often Late
1883,Hari Malik,Noida Sec 62 Site,20,50,45,5,9,36,20.0,90.0,09:06,Often Late
1884,Imran Singh,Noida Sec 62 Site,20,43,39,4,13,26,33.3,90.7,09:10,Often Late
1885,Farhan Gupta,Noida Sec 62 Site,20,54,49,5,14,35,28.6,90.7,09:12,Often Late
1886,Salim Khan,Noida Sec 62 Site,20,45,40,5,11,29,27.5,88.9,09:09,Often Late
1887,Arun Mishra,Noida Sec 62 Site,20,55,53,2,26,27,49.1,96.4,09:24,Habitual Late
1888,Kiran Reddy,Noida Sec 62 Site,20,42,34,8,20,14,58.8,81.0,09:25,Habitual Late
1889,Prakash Mehta,Noida Sec 62 Site,20,51,45,6,18,27,40.0,88.2,09:18,Habitual Late
1890,Bharat Thakur,Noida Sec 62 Site,20,55,50,5,6,44,12.0,90.9,08:59,Mostly On-Time
1891,Gaurav Yadav,Noida Sec 62 Site,20,48,43,5,16,27,37.2,89.6,09:11,Often Late
1892,Nikhil Kumar,Noida Sec 62 Site,20,58,53,5,11,42,20.8,91.4,09:06,Often Late
1893,Varun Ali,Noida Sec 62 Site,20,50,45,5,9,36,20.0,90.0,09:06,Often Late
1894,Saurabh Jha,Noida Sec 62 Site,20,52,48,4,16,32,33.3,92.3,09:10,Often Late
1895,Abhishek Nair,Noida Sec 62 Site,20,38,32,6,14,18,43.8,84.2,09:21,Habitual Late
1896,Rahul Shah,Noida Sec 62 Site,20,42,36,6,16,20,44.4,85.7,09:18,Habitual Late
1897,Rajesh Kumar40,Noida Sec 62 Site,20,46,44,2,12,32,27.3,95.7,09:07,Often Late
1898,Amit Patel41,Noida Sec 62 Site,20,48,42,6,14,28,33.3,87.5,09:13,Often Late
1899,Suresh Khan42,Noida Sec 62 Site,20,51,45,6,27,18,60.0,88.2,09:27,Habitual Late
1900,Vikram Ali43,Noida Sec 62 Site,20,52,50,2,7,43,14.0,96.2,09:01,Mostly On-Time
1901,Ramesh Chauhan44,Noida Sec 62 Site,20,53,49,4,7,42,14.3,92.5,08:57,Mostly On-Time
1902,Deepak Mishra45,Noida Sec 62 Site,20,46,43,3,11,32,25.6,93.5,09:06,Often Late
1903,Anil Jha46,Noida Sec 62 Site,20,48,44,4,13,31,29.5,91.7,09:08,Often Late
1904,Sanjay Pandey47,Noida Sec 62 Site,20,44,41,3,8,33,19.5,93.2,09:05,Mostly On-Time
1905,Manoj Reddy48,Noida Sec 62 Site,20,51,51,0,18,33,35.3,100.0,09:12,Often Late
1906,Pradeep Nair49,Noida Sec 62 Site,20,46,43,3,20,23,46.5,93.5,09:18,Habitual Late
1907,Ravi Joshi50,Noida Sec 62 Site,20,54,53,1,15,38,28.3,98.1,09:08,Often Late
1908,Kumar Mehta51,Noida Sec 62 Site,20,42,37,5,10,27,27.0,88.1,09:05,Often Late
1909,Sunil Shah52,Noida Sec 62 Site,20,45,43,2,16,27,37.2,95.6,09:11,Often Late
1910,Ajay Malik53,Noida Sec 62 Site,20,48,43,5,7,36,16.3,89.6,09:03,Mostly On-Time
1911,Vijay Thakur54,Noida Sec 62 Site,20,47,36,11,7,29,19.4,76.6,09:06,Mostly On-Time
1912,Rohit Sharma55,Noida Sec 62 Site,20,46,43,3,11,32,25.6,93.5,09:08,Often Late
1913,Naveen Singh56,Noida Sec 62 Site,20,54,45,9,12,33,26.7,83.3,09:11,Often Late
1914,Ashok Yadav57,Noida Sec 62 Site,20,50,43,7,13,30,30.2,86.0,09:07,Often Late
1915,Mukesh Verma58,Noida Sec 62 Site,20,46,43,3,21,22,48.8,93.5,09:21,Habitual Late
1916,Dinesh Gupta59,Noida Sec 62 Site,20,45,43,2,18,25,41.9,95.6,09:19,Habitual Late
1917,Rajesh Gupta,Noida Sec 62 Site,24,37,25,12,13,12,52.0,67.6,09:17,Habitual Late
1918,Amit Khan,Noida Sec 62 Site,24,43,40,3,20,20,50.0,93.0,09:25,Habitual Late
1919,Suresh Mishra,Noida Sec 62 Site,24,41,34,7,12,22,35.3,82.9,09:17,Often Late
1920,Vikram Reddy,Noida Sec 62 Site,24,38,27,11,6,21,22.2,71.1,09:06,Often Late
1921,Ramesh Mehta,Noida Sec 62 Site,24,39,33,6,7,26,21.2,84.6,09:02,Often Late
1922,Deepak Thakur,Noida Sec 62 Site,24,35,30,5,2,28,6.7,85.7,08:57,Mostly On-Time
1923,Anil Yadav,Noida Sec 62 Site,24,45,41,4,10,31,24.4,91.1,09:07,Often Late
1924,Sanjay Kumar,Noida Sec 62 Site,24,47,40,7,12,28,30.0,85.1,09:14,Often Late
1925,Manoj Ali,Noida Sec 62 Site,24,36,28,8,5,23,17.9,77.8,09:04,Mostly On-Time
1926,Pradeep Jha,Noida Sec 62 Site,24,43,34,9,13,21,38.2,79.1,09:14,Often Late
1927,Ravi Nair,Noida Sec 62 Site,24,40,35,5,13,22,37.1,87.5,09:11,Often Late
1928,Kumar Shah,Noida Sec 62 Site,24,44,35,9,15,20,42.9,79.5,09:16,Habitual Late
1929,Sunil Sharma,Noida Sec 62 Site,24,44,40,4,21,19,52.5,90.9,09:25,Habitual Late
1930,Ajay Verma,Noida Sec 62 Site,24,38,34,4,9,25,26.5,89.5,09:08,Often Late
1931,Vijay Patel,Noida Sec 62 Site,24,45,44,1,7,37,15.9,97.8,09:01,Mostly On-Time
1932,Rohit Chauhan,Noida Sec 62 Site,24,47,39,8,8,31,20.5,83.0,09:10,Often Late
1933,Naveen Pandey,Noida Sec 62 Site,24,47,41,6,11,30,26.8,87.2,09:12,Often Late
1934,Ashok Joshi,Noida Sec 62 Site,24,41,34,7,10,24,29.4,82.9,09:08,Often Late
1935,Mukesh Malik,Noida Sec 62 Site,24,38,33,5,7,26,21.2,86.8,09:04,Often Late
1936,Dinesh Singh,Noida Sec 62 Site,24,39,35,4,20,15,57.1,89.7,09:32,Habitual Late
1937,Pankaj Gupta,Noida Sec 62 Site,24,39,31,8,14,17,45.2,79.5,09:16,Habitual Late
1938,Sandeep Khan,Noida Sec 62 Site,24,46,35,11,16,19,45.7,76.1,09:17,Habitual Late
1939,Yogesh Mishra,Noida Sec 62 Site,24,46,37,9,17,20,45.9,80.4,09:19,Habitual Late
1940,Mahesh Reddy,Noida Sec 62 Site,24,45,34,11,8,26,23.5,75.6,09:03,Often Late
1941,Naresh Mehta,Noida Sec 62 Site,24,35,29,6,5,24,17.2,82.9,09:00,Mostly On-Time
1942,Gopal Thakur,Noida Sec 62 Site,24,44,35,9,5,30,14.3,79.5,09:00,Mostly On-Time
1943,Hari Yadav,Noida Sec 62 Site,24,44,38,6,12,26,31.6,86.4,09:07,Often Late
1944,Imran Kumar,Noida Sec 62 Site,24,42,36,6,9,27,25.0,85.7,09:06,Often Late
1945,Farhan Ali,Noida Sec 62 Site,24,45,41,4,11,30,26.8,91.1,09:10,Often Late
1946,Salim Jha,Noida Sec 62 Site,24,34,32,2,10,22,31.2,94.1,09:09,Often Late
1947,Arun Nair,Noida Sec 62 Site,24,40,37,3,15,22,40.5,92.5,09:19,Habitual Late
1948,Kiran Shah,Noida Sec 62 Site,24,39,35,4,17,18,48.6,89.7,09:14,Habitual Late
1949,Prakash Sharma,Noida Sec 62 Site,24,41,34,7,13,21,38.2,82.9,09:14,Often Late
1950,Bharat Verma,Noida Sec 62 Site,24,45,43,2,7,36,16.3,95.6,08:59,Mostly On-Time
1951,Gaurav Patel,Noida Sec 62 Site,24,39,32,7,11,21,34.4,82.1,09:11,Often Late
1952,Nikhil Chauhan,Noida Sec 62 Site,24,45,35,10,5,30,14.3,77.8,08:54,Mostly On-Time
1953,Varun Pandey,Noida Sec 62 Site,24,42,38,4,10,28,26.3,90.5,09:09,Often Late
1954,Saurabh Joshi,Noida Sec 62 Site,24,43,34,9,12,22,35.3,79.1,09:15,Often Late
1955,Abhishek Malik,Noida Sec 62 Site,24,39,30,9,6,24,20.0,76.9,09:04,Often Late
1956,Rahul Singh,Noida Sec 62 Site,24,39,32,7,14,18,43.8,82.1,09:17,Habitual Late
1957,Rajesh Kumar40,Noida Sec 62 Site,24,44,40,4,9,31,22.5,90.9,09:04,Often Late
1958,Amit Patel41,Noida Sec 62 Site,24,37,30,7,10,20,33.3,81.1,09:12,Often Late
1959,Suresh Khan42,Noida Sec 62 Site,24,42,34,8,20,14,58.8,81.0,09:24,Habitual Late
1960,Vikram Ali43,Noida Sec 62 Site,24,42,39,3,4,35,10.3,92.9,08:58,Mostly On-Time
1961,Ramesh Chauhan44,Noida Sec 62 Site,24,42,35,7,6,29,17.1,83.3,09:04,Mostly On-Time
1962,Deepak Mishra45,Noida Sec 62 Site,24,35,29,6,8,21,27.6,82.9,09:07,Often Late
1963,Anil Jha46,Noida Sec 62 Site,24,44,32,12,9,23,28.1,72.7,09:02,Often Late
1964,Sanjay Pandey47,Noida Sec 62 Site,24,40,34,6,8,26,23.5,85.0,09:06,Often Late
1965,Manoj Reddy48,Noida Sec 62 Site,24,46,43,3,9,34,20.9,93.5,09:04,Often Late
1966,Pradeep Nair49,Noida Sec 62 Site,24,46,39,7,19,20,48.7,84.8,09:21,Habitual Late
1967,Ravi Joshi50,Noida Sec 62 Site,24,51,44,7,15,29,34.1,86.3,09:13,Often Late
1968,Kumar Mehta51,Noida Sec 62 Site,24,38,29,9,8,21,27.6,76.3,09:05,Often Late
1969,Sunil Shah52,Noida Sec 62 Site,24,32,28,4,13,15,46.4,87.5,09:21,Habitual Late
1970,Ajay Malik53,Noida Sec 62 Site,24,43,38,5,6,32,15.8,88.4,09:00,Mostly On-Time
1971,Vijay Thakur54,Noida Sec 62 Site,24,32,27,5,7,20,25.9,84.4,09:08,Often Late
1972,Rohit Sharma55,Noida Sec 62 Site,24,36,32,4,7,25,21.9,88.9,09:08,Often Late
1973,Naveen Singh56,Noida Sec 62 Site,24,42,36,6,13,23,36.1,85.7,09:15,Often Late
1974,Ashok Yadav57,Noida Sec 62 Site,24,43,39,4,13,26,33.3,90.7,09:09,Often Late
1975,Mukesh Verma58,Noida Sec 62 Site,24,43,35,8,16,19,45.7,81.4,09:22,Habitual Late
1976,Dinesh Gupta59,Noida Sec 62 Site,24,42,33,9,8,25,24.2,78.6,09:09,Often Late
1977,Rajesh Ali,Noida Sec 62 Site,28,31,31,0,15,16,48.4,100.0,09:16,Habitual Late
1978,Amit Jha,Noida Sec 62 Site,28,35,30,5,13,17,43.3,85.7,09:19,Habitual Late
1979,Suresh Nair,Noida Sec 62 Site,28,37,29,8,7,22,24.1,78.4,09:12,Often Late
1980,Vikram Shah,Noida Sec 62 Site,28,34,26,8,3,23,11.5,76.5,08:58,Mostly On-Time
1981,Ramesh Sharma,Noida Sec 62 Site,28,33,28,5,7,21,25.0,84.8,09:04,Often Late
1982,Deepak Verma,Noida Sec 62 Site,28,30,26,4,3,23,11.5,86.7,08:58,Mostly On-Time
1983,Anil Patel,Noida Sec 62 Site,28,39,34,5,10,24,29.4,87.2,09:11,Often Late
1984,Sanjay Chauhan,Noida Sec 62 Site,28,39,35,4,14,21,40.0,89.7,09:17,Habitual Late
1985,Manoj Pandey,Noida Sec 62 Site,28,32,25,7,7,18,28.0,78.1,09:09,Often Late
1986,Pradeep Joshi,Noida Sec 62 Site,28,39,31,8,11,20,35.5,79.5,09:08,Often Late
1987,Ravi Malik,Noida Sec 62 Site,28,35,32,3,14,18,43.8,91.4,09:15,Habitual Late
1988,Kumar Singh,Noida Sec 62 Site,28,39,35,4,12,23,34.3,89.7,09:12,Often Late
1989,Sunil Gupta,Noida Sec 62 Site,28,41,33,8,14,19,42.4,80.5,09:16,Habitual Late
1990,Ajay Khan,Noida Sec 62 Site,28,37,34,3,8,26,23.5,91.9,09:06,Often Late
1991,Vijay Mishra,Noida Sec 62 Site,28,41,37,4,5,32,13.5,90.2,09:01,Mostly On-Time
1992,Rohit Reddy,Noida Sec 62 Site,28,40,35,5,6,29,17.1,87.5,09:07,Mostly On-Time
1993,Naveen Mehta,Noida Sec 62 Site,28,39,35,4,9,26,25.7,89.7,09:13,Often Late
1994,Ashok Thakur,Noida Sec 62 Site,28,32,27,5,5,22,18.5,84.4,09:00,Mostly On-Time
1995,Mukesh Yadav,Noida Sec 62 Site,28,36,32,4,8,24,25.0,88.9,09:07,Often Late
1996,Dinesh Kumar,Noida Sec 62 Site,28,35,29,6,15,14,51.7,82.9,09:26,Habitual Late
1997,Pankaj Ali,Noida Sec 62 Site,28,37,34,3,20,14,58.8,91.9,09:25,Habitual Late
1998,Sandeep Jha,Noida Sec 62 Site,28,43,34,9,14,20,41.2,79.1,09:13,Habitual Late
1999,Yogesh Nair,Noida Sec 62 Site,28,36,33,3,14,19,42.4,91.7,09:17,Habitual Late
2000,Mahesh Shah,Noida Sec 62 Site,28,39,32,7,7,25,21.9,82.1,09:03,Often Late
2001,Naresh Sharma,Noida Sec 62 Site,28,35,31,4,7,24,22.6,88.6,09:07,Often Late
2002,Gopal Verma,Noida Sec 62 Site,28,39,30,9,5,25,16.7,76.9,09:03,Mostly On-Time
2003,Hari Patel,Noida Sec 62 Site,28,38,36,2,12,24,33.3,94.7,09:10,Often Late
2004,Imran Chauhan,Noida Sec 62 Site,28,36,31,5,12,19,38.7,86.1,09:14,Often Late
2005,Farhan Pandey,Noida Sec 62 Site,28,44,39,5,13,26,33.3,88.6,09:14,Often Late
2006,Salim Joshi,Noida Sec 62 Site,28,34,28,6,8,20,28.6,82.4,09:10,Often Late
2007,Arun Malik,Noida Sec 62 Site,28,36,30,6,15,15,50.0,83.3,09:24,Habitual Late
2008,Kiran Singh,Noida Sec 62 Site,28,37,28,9,13,15,46.4,75.7,09:11,Habitual Late
2009,Prakash Gupta,Noida Sec 62 Site,28,40,31,9,13,18,41.9,77.5,09:17,Habitual Late
2010,Bharat Khan,Noida Sec 62 Site,28,38,35,3,6,29,17.1,92.1,09:00,Mostly On-Time
2011,Gaurav Mishra,Noida Sec 62 Site,28,36,31,5,10,21,32.3,86.1,09:10,Often Late
2012,Nikhil Reddy,Noida Sec 62 Site,28,36,29,7,4,25,13.8,80.6,08:55,Mostly On-Time
2013,Varun Mehta,Noida Sec 62 Site,28,36,29,7,6,23,20.7,80.6,09:06,Often Late
2014,Saurabh Thakur,Noida Sec 62 Site,28,37,35,2,15,20,42.9,94.6,09:20,Habitual Late
2015,Abhishek Yadav,Noida Sec 62 Site,28,38,30,8,6,24,20.0,78.9,09:09,Often Late
2016,Rahul Kumar,Noida Sec 62 Site,28,35,28,7,13,15,46.4,80.0,09:18,Habitual Late
2017,Rajesh Kumar40,Noida Sec 62 Site,28,41,35,6,8,27,22.9,85.4,09:05,Often Late
2018,Amit Patel41,Noida Sec 62 Site,28,31,27,4,10,17,37.0,87.1,09:16,Often Late
2019,Suresh Khan42,Noida Sec 62 Site,28,35,29,6,18,11,62.1,82.9,09:28,Habitual Late
2020,Vikram Ali43,Noida Sec 62 Site,28,38,34,4,4,30,11.8,89.5,08:58,Mostly On-Time
2021,Ramesh Chauhan44,Noida Sec 62 Site,28,37,32,5,6,26,18.8,86.5,09:06,Mostly On-Time
2022,Deepak Mishra45,Noida Sec 62 Site,28,32,29,3,5,24,17.2,90.6,09:03,Mostly On-Time
2023,Anil Jha46,Noida Sec 62 Site,28,41,35,6,10,25,28.6,85.4,09:04,Often Late
2024,Sanjay Pandey47,Noida Sec 62 Site,28,36,28,8,7,21,25.0,77.8,09:07,Often Late
2025,Manoj Reddy48,Noida Sec 62 Site,28,43,40,3,9,31,22.5,93.0,09:07,Often Late
2026,Pradeep Nair49,Noida Sec 62 Site,28,38,30,8,16,14,53.3,78.9,09:20,Habitual Late
2027,Ravi Joshi50,Noida Sec 62 Site,28,43,38,5,13,25,34.2,88.4,09:13,Often Late
2028,Kumar Mehta51,Noida Sec 62 Site,28,40,31,9,11,20,35.5,77.5,09:11,Often Late
2029,Sunil Shah52,Noida Sec 62 Site,28,30,26,4,11,15,42.3,86.7,09:17,Habitual Late
2030,Ajay Malik53,Noida Sec 62 Site,28,36,33,3,5,28,15.2,91.7,09:00,Mostly On-Time
2031,Vijay Thakur54,Noida Sec 62 Site,28,30,23,7,4,19,17.4,76.7,09:03,Mostly On-Time
2032,Rohit Sharma55,Noida Sec 62 Site,28,39,29,10,8,21,27.6,74.4,09:15,Often Late
2033,Naveen Singh56,Noida Sec 62 Site,28,40,33,7,10,23,30.3,82.5,09:12,Often Late
2034,Ashok Yadav57,Noida Sec 62 Site,28,39,37,2,10,27,27.0,94.9,09:05,Often Late
2035,Mukesh Verma58,Noida Sec 62 Site,28,42,31,11,14,17,45.2,73.8,09:22,Habitual Late
2036,Dinesh Gupta59,Noida Sec 62 Site,28,37,31,6,9,22,29.0,83.8,09:09,Often Late
2037,Rajesh Pandey,Noida Sec 62 Site,32,44,36,8,13,23,36.1,81.8,09:18,Often Late
2038,Amit Joshi,Noida Sec 62 Site,32,44,37,7,17,20,45.9,84.1,09:21,Habitual Late
2039,Suresh Malik,Noida Sec 62 Site,32,43,38,5,18,20,47.4,88.4,09:21,Habitual Late
2040,Vikram Singh,Noida Sec 62 Site,32,38,31,7,6,25,19.4,81.6,09:02,Mostly On-Time
2041,Ramesh Gupta,Noida Sec 62 Site,32,47,42,5,9,33,21.4,89.4,09:05,Often Late
2042,Deepak Khan,Noida Sec 62 Site,32,39,29,10,4,25,13.8,74.4,09:00,Mostly On-Time
2043,Anil Mishra,Noida Sec 62 Site,32,42,35,7,10,25,28.6,83.3,09:07,Often Late
2044,Sanjay Reddy,Noida Sec 62 Site,32,49,42,7,16,26,38.1,85.7,09:11,Often Late
2045,Manoj Mehta,Noida Sec 62 Site,32,48,40,8,15,25,37.5,83.3,09:09,Often Late
2046,Pradeep Thakur,Noida Sec 62 Site,32,43,28,15,8,20,28.6,65.1,09:08,Often Late
2047,Ravi Yadav,Noida Sec 62 Site,32,42,34,8,15,19,44.1,81.0,09:15,Habitual Late
2048,Kumar Kumar,Noida Sec 62 Site,32,50,43,7,20,23,46.5,86.0,09:22,Habitual Late
2049,Sunil Ali,Noida Sec 62 Site,32,48,41,7,18,23,43.9,85.4,09:15,Habitual Late
2050,Ajay Jha,Noida Sec 62 Site,32,46,40,6,3,37,7.5,87.0,08:57,Mostly On-Time
2051,Vijay Nair,Noida Sec 62 Site,32,54,46,8,8,38,17.4,85.2,08:58,Mostly On-Time
2052,Rohit Shah,Noida Sec 62 Site,32,46,37,9,4,33,10.8,80.4,09:00,Mostly On-Time
2053,Naveen Sharma,Noida Sec 62 Site,32,45,40,5,11,29,27.5,88.9,09:09,Often Late
2054,Ashok Verma,Noida Sec 62 Site,32,43,37,6,9,28,24.3,86.0,09:04,Often Late
2055,Mukesh Patel,Noida Sec 62 Site,32,43,38,5,10,28,26.3,88.4,09:11,Often Late
2056,Dinesh Chauhan,Noida Sec 62 Site,32,42,34,8,12,22,35.3,81.0,09:17,Often Late
2057,Pankaj Pandey,Noida Sec 62 Site,32,44,37,7,15,22,40.5,84.1,09:15,Habitual Late
2058,Sandeep Joshi,Noida Sec 62 Site,32,47,42,5,20,22,47.6,89.4,09:19,Habitual Late
2059,Yogesh Malik,Noida Sec 62 Site,32,51,45,6,22,23,48.9,88.2,09:18,Habitual Late
2060,Mahesh Singh,Noida Sec 62 Site,32,40,33,7,5,28,15.2,82.5,09:01,Mostly On-Time
2061,Naresh Gupta,Noida Sec 62 Site,32,34,29,5,3,26,10.3,85.3,08:57,Mostly On-Time
2062,Gopal Khan,Noida Sec 62 Site,32,42,34,8,11,23,32.4,81.0,09:09,Often Late
2063,Hari Mishra,Noida Sec 62 Site,32,39,31,8,6,25,19.4,79.5,09:02,Mostly On-Time
2064,Imran Reddy,Noida Sec 62 Site,32,41,31,10,8,23,25.8,75.6,09:08,Often Late
2065,Farhan Mehta,Noida Sec 62 Site,32,52,42,10,11,31,26.2,80.8,09:09,Often Late
2066,Salim Thakur,Noida Sec 62 Site,32,46,38,8,10,28,26.3,82.6,09:09,Often Late
2067,Arun Yadav,Noida Sec 62 Site,32,46,43,3,21,22,48.8,93.5,09:21,Habitual Late
2068,Kiran Kumar,Noida Sec 62 Site,32,40,29,11,17,12,58.6,72.5,09:25,Habitual Late
2069,Prakash Ali,Noida Sec 62 Site,32,42,37,5,17,20,45.9,88.1,09:21,Habitual Late
2070,Bharat Jha,Noida Sec 62 Site,32,50,43,7,3,40,7.0,86.0,08:56,Mostly On-Time
2071,Gaurav Nair,Noida Sec 62 Site,32,49,38,11,11,27,28.9,77.6,09:06,Often Late
2072,Nikhil Shah,Noida Sec 62 Site,32,50,46,4,8,38,17.4,92.0,09:07,Mostly On-Time
2073,Varun Sharma,Noida Sec 62 Site,32,43,38,5,6,32,15.8,88.4,09:02,Mostly On-Time
2074,Saurabh Verma,Noida Sec 62 Site,32,43,42,1,12,30,28.6,97.7,09:08,Often Late
2075,Abhishek Patel,Noida Sec 62 Site,32,37,33,4,11,22,33.3,89.2,09:12,Often Late
2076,Rahul Chauhan,Noida Sec 62 Site,32,34,31,3,13,18,41.9,91.2,09:15,Habitual Late
2077,Rajesh Kumar40,Noida Sec 62 Site,32,39,34,5,10,24,29.4,87.2,09:06,Often Late
2078,Amit Patel41,Noida Sec 62 Site,32,47,38,9,16,22,42.1,80.9,09:16,Habitual Late
2079,Suresh Khan42,Noida Sec 62 Site,32,48,43,5,28,15,65.1,89.6,09:28,Habitual Late
2080,Vikram Ali43,Noida Sec 62 Site,32,49,42,7,5,37,11.9,85.7,09:01,Mostly On-Time
2081,Ramesh Chauhan44,Noida Sec 62 Site,32,50,36,14,4,32,11.1,72.0,08:55,Mostly On-Time
2082,Deepak Mishra45,Noida Sec 62 Site,32,41,37,4,11,26,29.7,90.2,09:07,Often Late
2083,Anil Jha46,Noida Sec 62 Site,32,44,39,5,15,24,38.5,88.6,09:13,Often Late
2084,Sanjay Pandey47,Noida Sec 62 Site,32,40,33,7,4,29,12.1,82.5,09:02,Mostly On-Time
2085,Manoj Reddy48,Noida Sec 62 Site,32,45,35,10,10,25,28.6,77.8,09:07,Often Late
2086,Pradeep Nair49,Noida Sec 62 Site,32,46,35,11,17,18,48.6,76.1,09:17,Habitual Late
2087,Ravi Joshi50,Noida Sec 62 Site,32,54,44,10,15,29,34.1,81.5,09:13,Often Late
2088,Kumar Mehta51,Noida Sec 62 Site,32,45,37,8,15,22,40.5,82.2,09:12,Habitual Late
2089,Sunil Shah52,Noida Sec 62 Site,32,40,36,4,15,21,41.7,90.0,09:17,Habitual Late
2090,Ajay Malik53,Noida Sec 62 Site,32,41,35,6,4,31,11.4,85.4,08:58,Mostly On-Time
2091,Vijay Thakur54,Noida Sec 62 Site,32,44,33,11,6,27,18.2,75.0,09:02,Mostly On-Time
2092,Rohit Sharma55,Noida Sec 62 Site,32,49,43,6,9,34,20.9,87.8,09:04,Often Late
2093,Naveen Singh56,Noida Sec 62 Site,32,41,35,6,9,26,25.7,85.4,09:05,Often Late
2094,Ashok Yadav57,Noida Sec 62 Site,32,47,39,8,13,26,33.3,83.0,09:14,Often Late
2095,Mukesh Verma58,Noida Sec 62 Site,32,40,35,5,15,20,42.9,87.5,09:18,Habitual Late
2096,Dinesh Gupta59,Noida Sec 62 Site,32,42,31,11,15,16,48.4,73.8,09:21,Habitual Late
