record_id,project_id,site_name,date,workers_expected,workers_present,attendance_pct
1,1,Noida Express Way Site,15/01/2025,43,33,
2,1,Noida Express Way Site,2025-01-16,33,26,
3,1,Noida Express Way Site,2025-01-17,46,34,
4,1,Noida Express Way Site,18/01/2025,29,22,
5,1,Noida Express Way Site,19/01/2025,22,17,
6,1,Noida Express Way Site,20/01/2025,29,22,
7,1,Noida Express Way Site,21/01/2025,39,31,
8,1,Noida Express Way Site,2025-01-22,25,20,
9,1,Noida Express Way Site,2025-01-23,31,24,
10,1,Noida Express Way Site,2025-01-24,43,35,
11,1,Noida Express Way Site,2025-01-25,31,24,
12,1,Noida Express Way Site,01-26-2025,33,25,
13,1,Noida Express Way Site,2025-01-27,45,37,
14,1,Noida Express Way Site,2025-01-28,22,17,
15,1,Noida Express Way Site,2025-01-29,32,24,
16,1,Noida Express Way Site,01-30-2025,45,36,
17,1,Noida Express Way Site,2025-01-31,25,20,
18,1,Noida Express Way Site,2025-02-01,24,19,
19,1,Noida Express Way Site,2025-02-02,41,33,
20,1,Noida Express Way Site,2025-02-03,21,15,
21,1,Noida Express Way Site,2025-02-04,27,22,
22,1,Noida Express Way Site,02-05-2025,31,23,
23,1,Noida Express Way Site,2025-02-06,50,39,
24,1,Noida Express Way Site,2025-02-07,39,29,
25,1,Noida Express Way Site,2025-02-08,34,28,
26,1,Noida Express Way Site,09/02/2025,31,24,
27,1,Noida Express Way Site,10/02/2025,22,17,
28,1,Noida Express Way Site,02-11-2025,36,27,
29,1,Noida Express Way Site,12/02/2025,30,24,
30,1,Noida Express Way Site,02-13-2025,27,22,
31,1,Noida Express Way Site,2025-02-14,20,16,
32,1,Noida Express Way Site,2025-02-15,35,27,
33,1,Noida Express Way Site,2025-02-16,49,38,
34,1,Noida Express Way Site,2025-02-17,28,22,
35,1,Noida Express Way Site,18/02/2025,42,32,
36,1,Noida Express Way Site,2025-02-19,39,29,
37,1,Noida Express Way Site,2025-02-20,49,40,
38,1,Noida Express Way Site,2025-02-21,26,19,
39,1,Noida Express Way Site,2025-02-22,47,34,
40,1,Noida Express Way Site,2025-02-23,25,20,
41,1,Noida Express Way Site,2025-02-24,34,28,
42,1,Noida Express Way Site,25/02/2025,45,36,
43,1,Noida Express Way Site,26/02/2025,47,39,
44,1,Noida Express Way Site,2025-02-27,41,31,
45,1,Noida Express Way Site,02-28-2025,22,17,
46,1,Noida Express Way Site,03-01-2025,29,24,
47,1,Noida Express Way Site,2025-03-02,47,35,
48,1,Noida Express Way Site,03-03-2025,42,34,
49,1,Noida Express Way Site,2025-03-04,40,30,
50,1,Noida Express Way Site,2025-03-05,31,24,
51,1,Noida Express Way Site,2025-03-06,23,19,
52,1,Noida Express Way Site,2025-03-07,45,33,
53,1,Noida Express Way Site,2025-03-08,45,35,
54,1,Noida Express Way Site,2025-03-09,31,24,
55,1,Noida Express Way Site,2025-03-10,31,24,
56,1,Noida Express Way Site,11/03/2025,37,27,
57,1,Noida Express Way Site,2025-03-12,48,35,
58,1,Noida Express Way Site,2025-03-13,29,22,
59,1,Noida Express Way Site,2025-03-14,42,33,
60,1,Noida Express Way Site,15/03/2025,36,27,
61,1,Noida Express Way Site,2025-03-16,33,27,
62,1,Noida Express Way Site,2025-03-17,22,16,
63,2,Greater Noida Depot,2025-01-12,40,32,
64,2,Greater Noida Depot,2025-01-13,34,29,
65,2,Greater Noida Depot,2025-01-14,31,25,
66,2,Greater Noida Depot,2025-01-15,46,40,
67,2,Greater Noida Depot,01-16-2025,40,34,
68,2,Greater Noida Depot,17/01/2025,44,39,
69,2,Greater Noida Depot,2025-01-18,33,28,
70,2,Greater Noida Depot,2025-01-19,47,37,
71,2,Greater Noida Depot,2025-01-20,23,19,
72,2,Greater Noida Depot,2025-01-21,29,23,
73,2,Greater Noida Depot,2025-01-22,30,26,
74,2,Greater Noida Depot,23/01/2025,27,22,
75,2,Greater Noida Depot,2025-01-24,50,42,
76,2,Greater Noida Depot,2025-01-25,29,25,
77,2,Greater Noida Depot,2025-01-26,28,23,
78,2,Greater Noida Depot,2025-01-27,50,42,
79,2,Greater Noida Depot,2025-01-28,24,20,
80,2,Greater Noida Depot,2025-01-29,39,33,
81,2,Greater Noida Depot,2025-01-30,36,31,
82,2,Greater Noida Depot,2025-01-31,38,33,
83,2,Greater Noida Depot,02-01-2025,24,19,
84,2,Greater Noida Depot,02/02/2025,39,33,
85,2,Greater Noida Depot,2025-02-03,39,32,
86,2,Greater Noida Depot,2025-02-04,49,41,
87,2,Greater Noida Depot,05/02/2025,46,40,
88,2,Greater Noida Depot,06/02/2025,22,17,
89,2,Greater Noida Depot,2025-02-07,40,35,
90,2,Greater Noida Depot,2025-02-08,28,24,
91,2,Greater Noida Depot,2025-02-09,44,37,
92,2,Greater Noida Depot,02-10-2025,39,33,
93,2,Greater Noida Depot,2025-02-11,35,31,
94,2,Greater Noida Depot,2025-02-12,37,30,
95,2,Greater Noida Depot,13/02/2025,50,41,
96,2,Greater Noida Depot,2025-02-14,27,23,
97,2,Greater Noida Depot,02-15-2025,41,34,
98,2,Greater Noida Depot,2025-02-16,34,27,
99,2,Greater Noida Depot,02-17-2025,21,17,
100,2,Greater Noida Depot,2025-02-18,33,28,
101,2,Greater Noida Depot,2025-02-19,26,21,
102,2,Greater Noida Depot,20/02/2025,24,20,
103,2,Greater Noida Depot,2025-02-21,42,34,
104,2,Greater Noida Depot,2025-02-22,47,39,
105,2,Greater Noida Depot,2025-02-23,32,26,
106,2,Greater Noida Depot,2025-02-24,31,26,
107,2,Greater Noida Depot,2025-02-25,23,19,
108,2,Greater Noida Depot,26/02/2025,34,27,
109,2,Greater Noida Depot,2025-02-27,34,28,
110,2,Greater Noida Depot,2025-02-28,23,18,
111,2,Greater Noida Depot,2025-03-01,50,41,
112,2,Greater Noida Depot,2025-03-02,39,32,
113,2,Greater Noida Depot,2025-03-03,50,44,
114,2,Greater Noida Depot,2025-03-04,25,22,
115,2,Greater Noida Depot,2025-03-05,49,41,
116,2,Greater Noida Depot,2025-03-06,30,24,
117,2,Greater Noida Depot,2025-03-07,25,21,
118,2,Greater Noida Depot,2025-03-08,36,30,
119,2,Greater Noida Depot,2025-03-09,48,39,
120,2,Greater Noida Depot,2025-03-10,20,16,
121,2,Greater Noida Depot,2025-03-11,32,27,
122,2,Greater Noida Depot,12/03/2025,50,40,
123,2,Greater Noida Depot,2025-03-13,38,31,
124,2,Greater Noida Depot,2025-03-14,21,17,
125,2,Greater Noida Depot,03-15-2025,39,34,
126,2,Greater Noida Depot,2025-03-16,40,34,
127,2,Greater Noida Depot,03-17-2025,29,24,
128,2,Greater Noida Depot,2025-03-18,47,37,
129,2,Greater Noida Depot,2025-03-19,24,21,
130,2,Greater Noida Depot,2025-03-20,43,35,
131,2,Greater Noida Depot,03-21-2025,32,26,
132,2,Greater Noida Depot,2025-03-22,32,25,
133,3,Noida Sec 150 Site,2025-01-26,26,20,
134,3,Noida Sec 150 Site,2025-01-27,29,21,
135,3,Noida Sec 150 Site,28/01/2025,36,28,
136,3,Noida Sec 150 Site,29/01/2025,37,28,
137,3,Noida Sec 150 Site,2025-01-30,39,31,
138,3,Noida Sec 150 Site,2025-01-31,23,17,
139,3,Noida Sec 150 Site,2025-02-01,23,18,
140,3,Noida Sec 150 Site,02-02-2025,45,37,
141,3,Noida Sec 150 Site,03/02/2025,37,30,
142,3,Noida Sec 150 Site,04/02/2025,44,33,
143,3,Noida Sec 150 Site,05/02/2025,39,30,
144,3,Noida Sec 150 Site,06/02/2025,36,26,
145,3,Noida Sec 150 Site,2025-02-07,21,16,
146,3,Noida Sec 150 Site,08/02/2025,30,24,
147,3,Noida Sec 150 Site,2025-02-09,36,28,
148,3,Noida Sec 150 Site,2025-02-10,39,32,
149,3,Noida Sec 150 Site,02-11-2025,24,18,
150,3,Noida Sec 150 Site,02-12-2025,39,30,
151,3,Noida Sec 150 Site,13/02/2025,32,27,
152,3,Noida Sec 150 Site,2025-02-14,43,35,
153,3,Noida Sec 150 Site,15/02/2025,38,29,
154,3,Noida Sec 150 Site,2025-02-16,46,36,
155,3,Noida Sec 150 Site,02-17-2025,35,28,
156,3,Noida Sec 150 Site,02-18-2025,29,23,
157,3,Noida Sec 150 Site,2025-02-19,20,15,
158,3,Noida Sec 150 Site,20/02/2025,41,30,
159,3,Noida Sec 150 Site,2025-02-21,33,26,
160,3,Noida Sec 150 Site,02-22-2025,45,37,
161,3,Noida Sec 150 Site,2025-02-23,47,38,
162,3,Noida Sec 150 Site,2025-02-24,20,16,
163,3,Noida Sec 150 Site,2025-02-25,28,23,
164,3,Noida Sec 150 Site,2025-02-26,45,37,
165,3,Noida Sec 150 Site,02-27-2025,38,30,
166,3,Noida Sec 150 Site,2025-02-28,43,32,
167,3,Noida Sec 150 Site,2025-03-01,35,26,
168,3,Noida Sec 150 Site,03-02-2025,40,32,
169,3,Noida Sec 150 Site,03-03-2025,44,36,
170,3,Noida Sec 150 Site,2025-03-04,24,19,
171,3,Noida Sec 150 Site,2025-03-05,27,20,
172,3,Noida Sec 150 Site,2025-03-06,50,40,
173,3,Noida Sec 150 Site,07/03/2025,26,19,
174,3,Noida Sec 150 Site,2025-03-08,30,23,
175,3,Noida Sec 150 Site,09/03/2025,33,26,
176,3,Noida Sec 150 Site,10/03/2025,33,26,
177,3,Noida Sec 150 Site,03-11-2025,39,32,
178,3,Noida Sec 150 Site,2025-03-12,47,38,
179,3,Noida Sec 150 Site,2025-03-13,43,32,
180,3,Noida Sec 150 Site,2025-03-14,24,19,
181,3,Noida Sec 150 Site,2025-03-15,37,28,
182,3,Noida Sec 150 Site,2025-03-16,41,32,
183,3,Noida Sec 150 Site,2025-03-17,32,24,
184,3,Noida Sec 150 Site,2025-03-18,25,19,
185,3,Noida Sec 150 Site,2025-03-19,37,28,
186,3,Noida Sec 150 Site,2025-03-20,31,25,
187,3,Noida Sec 150 Site,2025-03-21,47,38,
188,3,Noida Sec 150 Site,2025-03-22,40,32,
189,3,Noida Sec 150 Site,2025-03-23,28,22,
190,3,Noida Sec 150 Site,2025-03-24,26,21,
191,3,Noida Sec 150 Site,25/03/2025,28,22,
192,3,Noida Sec 150 Site,26/03/2025,27,22,
193,3,Noida Sec 150 Site,27/03/2025,29,23,
194,3,Noida Sec 150 Site,28/03/2025,42,32,
195,3,Noida Sec 150 Site,2025-03-29,42,33,
196,3,Noida Sec 150 Site,2025-03-30,35,27,
197,3,Noida Sec 150 Site,03-31-2025,49,40,
198,3,Noida Sec 150 Site,2025-04-01,43,33,
199,3,Noida Sec 150 Site,2025-04-02,23,18,
200,3,Noida Sec 150 Site,2025-04-03,37,28,
201,3,Noida Sec 150 Site,2025-04-04,32,26,
202,3,Noida Sec 150 Site,2025-04-05,50,40,
203,3,Noida Sec 150 Site,04-06-2025,24,18,
204,3,Noida Sec 150 Site,2025-04-07,29,24,
205,3,Noida Sec 150 Site,2025-04-08,22,17,
206,3,Noida Sec 150 Site,2025-04-09,34,27,
207,3,Noida Sec 150 Site,10/04/2025,43,33,
208,3,Noida Sec 150 Site,04-11-2025,26,21,
209,3,Noida Sec 150 Site,04-12-2025,28,23,
210,4,Noida Sec 62 Site,2025-01-21,28,22,
211,4,Noida Sec 62 Site,2025-01-22,39,34,
212,4,Noida Sec 62 Site,2025-01-23,27,22,
213,4,Noida Sec 62 Site,2025-01-24,41,36,
214,4,Noida Sec 62 Site,2025-01-25,27,23,
215,4,Noida Sec 62 Site,01-26-2025,21,17,
216,4,Noida Sec 62 Site,2025-01-27,30,26,
217,4,Noida Sec 62 Site,2025-01-28,23,20,
218,4,Noida Sec 62 Site,29/01/2025,24,19,
219,4,Noida Sec 62 Site,30/01/2025,37,33,
220,4,Noida Sec 62 Site,2025-01-31,25,21,
221,4,Noida Sec 62 Site,2025-02-01,49,43,
222,4,Noida Sec 62 Site,2025-02-02,35,29,
223,4,Noida Sec 62 Site,2025-02-03,26,22,
224,4,Noida Sec 62 Site,2025-02-04,29,24,
225,4,Noida Sec 62 Site,2025-02-05,40,32,
226,4,Noida Sec 62 Site,2025-02-06,44,35,
227,4,Noida Sec 62 Site,02-07-2025,38,31,
228,4,Noida Sec 62 Site,2025-02-08,43,37,
229,4,Noida Sec 62 Site,2025-02-09,49,39,
230,4,Noida Sec 62 Site,2025-02-10,49,39,
231,4,Noida Sec 62 Site,2025-02-11,48,42,
232,4,Noida Sec 62 Site,2025-02-12,49,43,
233,4,Noida Sec 62 Site,2025-02-13,46,38,
234,4,Noida Sec 62 Site,2025-02-14,35,28,
235,4,Noida Sec 62 Site,2025-02-15,43,38,
236,4,Noida Sec 62 Site,2025-02-16,49,40,
237,4,Noida Sec 62 Site,2025-02-17,21,17,
238,4,Noida Sec 62 Site,2025-02-18,38,32,
239,4,Noida Sec 62 Site,19/02/2025,49,43,
240,4,Noida Sec 62 Site,2025-02-20,29,24,
241,4,Noida Sec 62 Site,2025-02-21,40,34,
242,4,Noida Sec 62 Site,2025-02-22,35,31,
243,4,Noida Sec 62 Site,2025-02-23,24,21,
244,4,Noida Sec 62 Site,2025-02-24,34,28,
245,4,Noida Sec 62 Site,2025-02-25,45,36,
246,4,Noida Sec 62 Site,2025-02-26,25,21,
247,4,Noida Sec 62 Site,27/02/2025,40,32,
248,4,Noida Sec 62 Site,02-28-2025,25,20,
249,4,Noida Sec 62 Site,03-01-2025,30,26,
250,4,Noida Sec 62 Site,2025-03-02,38,32,
251,4,Noida Sec 62 Site,03-03-2025,26,21,
252,4,Noida Sec 62 Site,03-04-2025,47,40,
253,4,Noida Sec 62 Site,2025-03-05,32,28,
254,4,Noida Sec 62 Site,2025-03-06,36,29,
255,4,Noida Sec 62 Site,2025-03-07,32,27,
256,4,Noida Sec 62 Site,2025-03-08,25,22,
257,4,Noida Sec 62 Site,2025-03-09,35,29,
258,4,Noida Sec 62 Site,10/03/2025,27,21,
259,4,Noida Sec 62 Site,03-11-2025,32,26,
260,4,Noida Sec 62 Site,2025-03-12,44,36,
261,4,Noida Sec 62 Site,2025-03-13,30,24,
262,4,Noida Sec 62 Site,2025-03-14,43,36,
263,4,Noida Sec 62 Site,2025-03-15,28,24,
264,4,Noida Sec 62 Site,2025-03-16,42,34,
265,4,Noida Sec 62 Site,2025-03-17,41,33,
266,4,Noida Sec 62 Site,2025-03-18,29,23,
267,4,Noida Sec 62 Site,2025-03-19,41,34,
268,4,Noida Sec 62 Site,2025-03-20,48,42,
269,4,Noida Sec 62 Site,03-21-2025,44,36,
270,4,Noida Sec 62 Site,2025-03-22,23,20,
271,4,Noida Sec 62 Site,2025-03-23,50,41,
272,4,Noida Sec 62 Site,24/03/2025,39,31,
273,4,Noida Sec 62 Site,03-25-2025,50,40,
274,4,Noida Sec 62 Site,2025-03-26,24,20,
275,4,Noida Sec 62 Site,27/03/2025,39,32,
276,4,Noida Sec 62 Site,2025-03-28,42,35,
277,4,Noida Sec 62 Site,2025-03-29,35,30,
278,4,Noida Sec 62 Site,2025-03-30,45,38,
279,4,Noida Sec 62 Site,03-31-2025,26,22,
280,4,Noida Sec 62 Site,01/04/2025,41,35,
281,4,Noida Sec 62 Site,02/04/2025,47,41,
282,4,Noida Sec 62 Site,2025-04-03,36,30,
283,4,Noida Sec 62 Site,2025-04-04,42,35,
284,4,Noida Sec 62 Site,04-05-2025,49,41,
285,4,Noida Sec 62 Site,2025-04-06,21,18,
286,4,Noida Sec 62 Site,2025-04-07,48,40,
287,4,Noida Sec 62 Site,08/04/2025,38,32,
288,4,Noida Sec 62 Site,09/04/2025,25,20,
289,4,Noida Sec 62 Site,2025-04-10,36,30,
290,4,Noida Sec 62 Site,2025-04-11,41,33,
291,4,Noida Sec 62 Site,12/04/2025,38,32,
292,5,Noida Express Way Site,02-18-2025,36,30,
293,5,Noida Express Way Site,02-19-2025,21,18,
294,5,Noida Express Way Site,2025-02-20,36,30,
295,5,Noida Express Way Site,2025-02-21,38,31,
296,5,Noida Express Way Site,22/02/2025,34,29,
297,5,Noida Express Way Site,2025-02-23,29,25,
298,5,Noida Express Way Site,02-24-2025,32,26,
299,5,Noida Express Way Site,02-25-2025,20,17,
300,5,Noida Express Way Site,2025-02-26,38,31,
301,5,Noida Express Way Site,2025-02-27,33,27,
302,5,Noida Express Way Site,2025-02-28,22,19,
303,5,Noida Express Way Site,2025-03-01,21,19,
304,5,Noida Express Way Site,2025-03-02,22,20,
305,5,Noida Express Way Site,2025-03-03,35,28,
306,5,Noida Express Way Site,2025-03-04,33,27,
307,5,Noida Express Way Site,2025-03-05,24,21,
308,5,Noida Express Way Site,06/03/2025,43,37,
309,5,Noida Express Way Site,07/03/2025,33,28,
310,5,Noida Express Way Site,2025-03-08,48,40,
311,5,Noida Express Way Site,2025-03-09,47,42,
312,5,Noida Express Way Site,2025-03-10,32,27,
313,5,Noida Express Way Site,2025-03-11,41,37,
314,5,Noida Express Way Site,12/03/2025,47,40,
315,5,Noida Express Way Site,13/03/2025,40,35,
316,5,Noida Express Way Site,2025-03-14,23,19,
317,5,Noida Express Way Site,2025-03-15,37,31,
318,5,Noida Express Way Site,2025-03-16,24,21,
319,5,Noida Express Way Site,03-17-2025,27,24,
320,5,Noida Express Way Site,03-18-2025,44,35,
321,5,Noida Express Way Site,2025-03-19,29,24,
322,5,Noida Express Way Site,2025-03-20,43,37,
323,5,Noida Express Way Site,2025-03-21,37,31,
324,5,Noida Express Way Site,22/03/2025,27,22,
325,5,Noida Express Way Site,2025-03-23,31,25,
326,5,Noida Express Way Site,2025-03-24,26,23,
327,5,Noida Express Way Site,25/03/2025,43,38,
328,5,Noida Express Way Site,2025-03-26,21,18,
329,5,Noida Express Way Site,2025-03-27,33,28,
330,5,Noida Express Way Site,2025-03-28,49,43,
331,5,Noida Express Way Site,2025-03-29,20,16,
332,5,Noida Express Way Site,03-30-2025,22,18,
333,5,Noida Express Way Site,2025-03-31,21,18,
334,5,Noida Express Way Site,2025-04-01,41,36,
335,5,Noida Express Way Site,2025-04-02,21,17,
336,5,Noida Express Way Site,03/04/2025,21,18,
337,5,Noida Express Way Site,2025-04-04,27,23,
338,5,Noida Express Way Site,2025-04-05,44,39,
339,5,Noida Express Way Site,2025-04-06,21,17,
340,5,Noida Express Way Site,2025-04-07,29,24,
341,5,Noida Express Way Site,04-08-2025,49,43,
342,5,Noida Express Way Site,2025-04-09,30,26,
343,5,Noida Express Way Site,2025-04-10,44,38,
344,5,Noida Express Way Site,04-11-2025,30,25,
345,5,Noida Express Way Site,2025-04-12,48,39,
346,5,Noida Express Way Site,2025-04-13,41,35,
347,5,Noida Express Way Site,2025-04-14,33,27,
348,5,Noida Express Way Site,2025-04-15,21,18,
349,5,Noida Express Way Site,2025-04-16,38,34,
350,5,Noida Express Way Site,2025-04-17,49,40,
351,5,Noida Express Way Site,2025-04-18,41,34,
352,5,Noida Express Way Site,19/04/2025,35,28,
353,5,Noida Express Way Site,20/04/2025,31,28,
354,5,Noida Express Way Site,21/04/2025,41,34,
355,5,Noida Express Way Site,2025-04-22,36,30,
356,5,Noida Express Way Site,2025-04-23,33,28,
357,5,Noida Express Way Site,24/04/2025,29,24,
358,5,Noida Express Way Site,2025-04-25,44,37,
359,5,Noida Express Way Site,2025-04-26,27,24,
360,5,Noida Express Way Site,04-27-2025,29,26,
361,5,Noida Express Way Site,28/04/2025,24,21,
362,5,Noida Express Way Site,2025-04-29,49,39,
363,5,Noida Express Way Site,2025-04-30,33,30,
364,5,Noida Express Way Site,2025-05-01,37,31,
365,5,Noida Express Way Site,2025-05-02,32,26,
366,5,Noida Express Way Site,03/05/2025,26,22,
367,5,Noida Express Way Site,2025-05-04,22,20,
368,5,Noida Express Way Site,2025-05-05,47,39,
369,5,Noida Express Way Site,2025-05-06,37,32,
370,5,Noida Express Way Site,2025-05-07,26,21,
371,5,Noida Express Way Site,05-08-2025,32,28,
372,5,Noida Express Way Site,2025-05-09,39,31,
373,5,Noida Express Way Site,2025-05-10,22,18,
374,5,Noida Express Way Site,2025-05-11,44,38,
375,5,Noida Express Way Site,2025-05-12,41,35,
376,5,Noida Express Way Site,2025-05-13,35,29,
377,5,Noida Express Way Site,2025-05-14,49,41,
378,5,Noida Express Way Site,15/05/2025,50,44,
379,5,Noida Express Way Site,05-16-2025,26,23,
380,6,Greater Noida Depot,2025-01-16,43,37,
381,6,Greater Noida Depot,2025-01-17,44,40,
382,6,Greater Noida Depot,2025-01-18,27,25,
383,6,Greater Noida Depot,2025-01-19,42,37,
384,6,Greater Noida Depot,01-20-2025,49,43,
385,6,Greater Noida Depot,2025-01-21,30,28,
386,6,Greater Noida Depot,2025-01-22,32,29,
387,6,Greater Noida Depot,2025-01-23,40,36,
388,6,Greater Noida Depot,2025-01-24,28,25,
389,6,Greater Noida Depot,2025-01-25,48,43,
390,6,Greater Noida Depot,2025-01-26,23,21,
391,6,Greater Noida Depot,2025-01-27,43,39,
392,6,Greater Noida Depot,01-28-2025,46,41,
393,6,Greater Noida Depot,2025-01-29,26,23,
394,6,Greater Noida Depot,30/01/2025,33,28,
395,6,Greater Noida Depot,2025-01-31,47,41,
396,6,Greater Noida Depot,2025-02-01,24,21,
397,6,Greater Noida Depot,2025-02-02,37,35,
398,6,Greater Noida Depot,03/02/2025,38,35,
399,6,Greater Noida Depot,2025-02-04,29,25,
400,6,Greater Noida Depot,02-05-2025,30,26,
401,6,Greater Noida Depot,06/02/2025,38,36,
402,6,Greater Noida Depot,2025-02-07,35,32,
403,6,Greater Noida Depot,2025-02-08,50,46,
404,6,Greater Noida Depot,2025-02-09,28,26,
405,6,Greater Noida Depot,02-10-2025,35,33,
406,6,Greater Noida Depot,11/02/2025,40,37,
407,6,Greater Noida Depot,2025-02-12,34,30,
408,6,Greater Noida Depot,2025-02-13,45,40,
409,6,Greater Noida Depot,02-14-2025,24,22,
410,6,Greater Noida Depot,2025-02-15,35,31,
411,6,Greater Noida Depot,2025-02-16,48,44,
412,6,Greater Noida Depot,2025-02-17,40,38,
413,6,Greater Noida Depot,18/02/2025,36,31,
414,6,Greater Noida Depot,19/02/2025,47,40,
415,6,Greater Noida Depot,2025-02-20,46,42,
416,6,Greater Noida Depot,2025-02-21,44,38,
417,6,Greater Noida Depot,2025-02-22,24,23,
418,6,Greater Noida Depot,23/02/2025,27,23,
419,6,Greater Noida Depot,2025-02-24,24,21,
420,6,Greater Noida Depot,25/02/2025,36,32,
421,6,Greater Noida Depot,02-26-2025,21,19,
422,6,Greater Noida Depot,2025-02-27,41,39,
423,6,Greater Noida Depot,2025-02-28,49,44,
424,6,Greater Noida Depot,2025-03-01,35,30,
425,6,Greater Noida Depot,2025-03-02,37,34,
426,6,Greater Noida Depot,2025-03-03,20,17,
427,6,Greater Noida Depot,2025-03-04,43,38,
428,6,Greater Noida Depot,2025-03-05,29,25,
429,6,Greater Noida Depot,2025-03-06,46,43,
430,6,Greater Noida Depot,2025-03-07,33,31,
431,6,Greater Noida Depot,2025-03-08,49,43,
432,6,Greater Noida Depot,2025-03-09,49,42,
433,6,Greater Noida Depot,03-10-2025,24,21,
434,6,Greater Noida Depot,2025-03-11,39,35,
435,6,Greater Noida Depot,2025-03-12,46,41,
436,6,Greater Noida Depot,2025-03-13,45,40,
437,6,Greater Noida Depot,2025-03-14,31,29,
438,6,Greater Noida Depot,2025-03-15,34,31,
439,6,Greater Noida Depot,03-16-2025,42,37,
440,6,Greater Noida Depot,2025-03-17,41,38,
441,6,Greater Noida Depot,2025-03-18,22,20,
442,6,Greater Noida Depot,2025-03-19,47,43,
443,6,Greater Noida Depot,2025-03-20,21,18,
444,6,Greater Noida Depot,21/03/2025,32,29,
445,6,Greater Noida Depot,2025-03-22,35,30,
446,6,Greater Noida Depot,2025-03-23,20,18,
447,6,Greater Noida Depot,24/03/2025,22,20,
448,6,Greater Noida Depot,25/03/2025,33,30,
449,6,Greater Noida Depot,2025-03-26,30,27,
450,6,Greater Noida Depot,2025-03-27,47,45,
451,6,Greater Noida Depot,2025-03-28,48,44,
452,6,Greater Noida Depot,2025-03-29,21,18,
453,6,Greater Noida Depot,2025-03-30,48,45,
454,6,Greater Noida Depot,2025-03-31,48,44,
455,6,Greater Noida Depot,2025-04-01,28,24,
456,6,Greater Noida Depot,2025-04-02,22,20,
457,6,Greater Noida Depot,04-03-2025,28,26,
458,6,Greater Noida Depot,2025-04-04,38,35,
459,6,Greater Noida Depot,2025-04-05,25,24,
460,6,Greater Noida Depot,2025-04-06,30,26,
461,6,Greater Noida Depot,2025-04-07,26,24,
462,6,Greater Noida Depot,2025-04-08,44,41,
463,6,Greater Noida Depot,2025-04-09,46,41,
464,6,Greater Noida Depot,2025-04-10,22,19,
465,6,Greater Noida Depot,11/04/2025,38,33,
466,6,Greater Noida Depot,12/04/2025,46,43,
467,6,Greater Noida Depot,2025-04-13,41,39,
468,6,Greater Noida Depot,14/04/2025,30,27,
469,6,Greater Noida Depot,2025-04-15,43,37,
470,7,Noida Sec 150 Site,2025-01-25,43,37,
471,7,Noida Sec 150 Site,26/01/2025,43,41,
472,7,Noida Sec 150 Site,01-27-2025,21,18,
473,7,Noida Sec 150 Site,2025-01-28,27,25,
474,7,Noida Sec 150 Site,2025-01-29,30,27,
475,7,Noida Sec 150 Site,2025-01-30,39,37,
476,7,Noida Sec 150 Site,2025-01-31,32,30,
477,7,Noida Sec 150 Site,2025-02-01,30,26,
478,7,Noida Sec 150 Site,2025-02-02,28,26,
479,7,Noida Sec 150 Site,2025-02-03,34,31,
480,7,Noida Sec 150 Site,04/02/2025,31,28,
481,7,Noida Sec 150 Site,2025-02-05,32,29,
482,7,Noida Sec 150 Site,06/02/2025,41,38,
483,7,Noida Sec 150 Site,02-07-2025,32,28,
484,7,Noida Sec 150 Site,2025-02-08,39,35,
485,7,Noida Sec 150 Site,2025-02-09,27,25,
486,7,Noida Sec 150 Site,2025-02-10,22,19,
487,7,Noida Sec 150 Site,2025-02-11,32,30,
488,7,Noida Sec 150 Site,2025-02-12,40,35,
489,7,Noida Sec 150 Site,13/02/2025,32,28,
490,7,Noida Sec 150 Site,2025-02-14,23,20,
491,7,Noida Sec 150 Site,15/02/2025,50,44,
492,7,Noida Sec 150 Site,2025-02-16,31,29,
493,7,Noida Sec 150 Site,2025-02-17,23,20,
494,7,Noida Sec 150 Site,02-18-2025,25,22,
495,7,Noida Sec 150 Site,2025-02-19,37,34,
496,7,Noida Sec 150 Site,2025-02-20,33,29,
497,7,Noida Sec 150 Site,21/02/2025,22,20,
498,7,Noida Sec 150 Site,2025-02-22,22,20,
499,7,Noida Sec 150 Site,2025-02-23,45,40,
500,7,Noida Sec 150 Site,2025-02-24,32,27,
501,7,Noida Sec 150 Site,2025-02-25,33,30,
502,7,Noida Sec 150 Site,2025-02-26,22,20,
503,7,Noida Sec 150 Site,2025-02-27,37,35,
504,7,Noida Sec 150 Site,2025-02-28,27,25,
505,7,Noida Sec 150 Site,2025-03-01,25,23,
506,7,Noida Sec 150 Site,2025-03-02,25,22,
507,7,Noida Sec 150 Site,2025-03-03,29,26,
508,7,Noida Sec 150 Site,2025-03-04,24,21,
509,7,Noida Sec 150 Site,2025-03-05,33,29,
510,7,Noida Sec 150 Site,2025-03-06,29,26,
511,7,Noida Sec 150 Site,2025-03-07,22,20,
512,7,Noida Sec 150 Site,2025-03-08,50,44,
513,7,Noida Sec 150 Site,2025-03-09,40,36,
514,7,Noida Sec 150 Site,2025-03-10,39,34,
515,7,Noida Sec 150 Site,2025-03-11,23,20,
516,7,Noida Sec 150 Site,2025-03-12,20,19,
517,7,Noida Sec 150 Site,2025-03-13,30,28,
518,7,Noida Sec 150 Site,03-14-2025,32,30,
519,7,Noida Sec 150 Site,2025-03-15,30,27,
520,7,Noida Sec 150 Site,2025-03-16,33,31,
521,7,Noida Sec 150 Site,2025-03-17,47,43,
522,7,Noida Sec 150 Site,2025-03-18,39,34,
523,7,Noida Sec 150 Site,2025-03-19,30,27,
524,7,Noida Sec 150 Site,2025-03-20,42,37,
525,7,Noida Sec 150 Site,2025-03-21,30,26,
526,7,Noida Sec 150 Site,2025-03-22,32,30,
527,7,Noida Sec 150 Site,2025-03-23,29,27,
528,7,Noida Sec 150 Site,2025-03-24,40,36,
529,7,Noida Sec 150 Site,2025-03-25,38,36,
530,7,Noida Sec 150 Site,2025-03-26,30,27,
531,7,Noida Sec 150 Site,27/03/2025,46,43,
532,7,Noida Sec 150 Site,2025-03-28,31,27,
533,7,Noida Sec 150 Site,03-29-2025,38,33,
534,7,Noida Sec 150 Site,2025-03-30,37,32,
535,7,Noida Sec 150 Site,2025-03-31,44,40,
536,7,Noida Sec 150 Site,01/04/2025,50,46,
537,7,Noida Sec 150 Site,2025-04-02,50,46,
538,7,Noida Sec 150 Site,04-03-2025,34,32,
539,7,Noida Sec 150 Site,2025-04-04,46,43,
540,7,Noida Sec 150 Site,2025-04-05,46,43,
541,7,Noida Sec 150 Site,06/04/2025,45,40,
542,7,Noida Sec 150 Site,2025-04-07,35,30,
543,7,Noida Sec 150 Site,04-08-2025,29,26,
544,7,Noida Sec 150 Site,09/04/2025,41,36,
545,7,Noida Sec 150 Site,2025-04-10,33,31,
546,7,Noida Sec 150 Site,04-11-2025,22,20,
547,7,Noida Sec 150 Site,2025-04-12,39,35,
548,7,Noida Sec 150 Site,2025-04-13,32,29,
549,7,Noida Sec 150 Site,2025-04-14,49,46,
550,7,Noida Sec 150 Site,2025-04-15,42,38,
551,7,Noida Sec 150 Site,2025-04-16,21,20,
552,8,Noida Sec 62 Site,2025-01-13,42,38,
553,8,Noida Sec 62 Site,14/01/2025,37,32,
554,8,Noida Sec 62 Site,2025-01-15,49,40,
555,8,Noida Sec 62 Site,16/01/2025,44,37,
556,8,Noida Sec 62 Site,2025-01-17,41,35,
557,8,Noida Sec 62 Site,2025-01-18,40,35,
558,8,Noida Sec 62 Site,2025-01-19,38,35,
559,8,Noida Sec 62 Site,2025-01-20,41,36,
560,8,Noida Sec 62 Site,01-21-2025,50,44,
561,8,Noida Sec 62 Site,22/01/2025,50,45,
562,8,Noida Sec 62 Site,23/01/2025,23,19,
563,8,Noida Sec 62 Site,01-24-2025,28,23,
564,8,Noida Sec 62 Site,25/01/2025,43,37,
565,8,Noida Sec 62 Site,01-26-2025,38,34,
566,8,Noida Sec 62 Site,27/01/2025,27,23,
567,8,Noida Sec 62 Site,2025-01-28,32,28,
568,8,Noida Sec 62 Site,2025-01-29,41,36,
569,8,Noida Sec 62 Site,01-30-2025,36,30,
570,8,Noida Sec 62 Site,2025-01-31,20,17,
571,8,Noida Sec 62 Site,2025-02-01,29,25,
572,8,Noida Sec 62 Site,02/02/2025,50,41,
573,8,Noida Sec 62 Site,03/02/2025,46,42,
574,8,Noida Sec 62 Site,2025-02-04,24,20,
575,8,Noida Sec 62 Site,2025-02-05,30,26,
576,8,Noida Sec 62 Site,2025-02-06,26,23,
577,8,Noida Sec 62 Site,2025-02-07,31,27,
578,8,Noida Sec 62 Site,2025-02-08,34,30,
579,8,Noida Sec 62 Site,2025-02-09,34,29,
580,8,Noida Sec 62 Site,10/02/2025,29,24,
581,8,Noida Sec 62 Site,02-11-2025,42,35,
582,8,Noida Sec 62 Site,2025-02-12,47,40,
583,8,Noida Sec 62 Site,2025-02-13,23,20,
584,8,Noida Sec 62 Site,2025-02-14,25,23,
585,8,Noida Sec 62 Site,2025-02-15,43,36,
586,8,Noida Sec 62 Site,2025-02-16,25,22,
587,8,Noida Sec 62 Site,17/02/2025,30,26,
588,8,Noida Sec 62 Site,18/02/2025,50,43,
589,8,Noida Sec 62 Site,2025-02-19,45,38,
590,8,Noida Sec 62 Site,2025-02-20,25,21,
591,8,Noida Sec 62 Site,2025-02-21,41,35,
592,8,Noida Sec 62 Site,2025-02-22,20,18,
593,8,Noida Sec 62 Site,02-23-2025,48,40,
594,8,Noida Sec 62 Site,2025-02-24,38,33,
595,8,Noida Sec 62 Site,02-25-2025,20,18,
596,8,Noida Sec 62 Site,2025-02-26,26,22,
597,8,Noida Sec 62 Site,2025-02-27,42,38,
598,8,Noida Sec 62 Site,02-28-2025,22,19,
599,8,Noida Sec 62 Site,2025-03-01,45,41,
600,8,Noida Sec 62 Site,2025-03-02,25,21,
601,8,Noida Sec 62 Site,2025-03-03,26,22,
602,8,Noida Sec 62 Site,2025-03-04,28,25,
603,8,Noida Sec 62 Site,05/03/2025,35,30,
604,8,Noida Sec 62 Site,2025-03-06,40,34,
605,8,Noida Sec 62 Site,03-07-2025,32,28,
606,8,Noida Sec 62 Site,2025-03-08,38,31,
607,8,Noida Sec 62 Site,2025-03-09,31,28,
608,8,Noida Sec 62 Site,2025-03-10,39,32,
609,8,Noida Sec 62 Site,2025-03-11,41,36,
610,8,Noida Sec 62 Site,2025-03-12,29,26,
611,8,Noida Sec 62 Site,2025-03-13,38,31,
612,8,Noida Sec 62 Site,2025-03-14,24,20,
613,8,Noida Sec 62 Site,2025-03-15,27,23,
614,8,Noida Sec 62 Site,16/03/2025,25,21,
615,8,Noida Sec 62 Site,2025-03-17,24,21,
616,8,Noida Sec 62 Site,2025-03-18,33,29,
617,8,Noida Sec 62 Site,03-19-2025,38,32,
618,8,Noida Sec 62 Site,2025-03-20,25,22,
619,8,Noida Sec 62 Site,21/03/2025,37,33,
620,8,Noida Sec 62 Site,2025-03-22,40,36,
621,8,Noida Sec 62 Site,2025-03-23,25,22,
622,8,Noida Sec 62 Site,2025-03-24,35,30,
623,9,Noida Express Way Site,2025-03-27,30,24,
624,9,Noida Express Way Site,2025-03-28,39,29,
625,9,Noida Express Way Site,2025-03-29,31,26,
626,9,Noida Express Way Site,2025-03-30,35,26,
627,9,Noida Express Way Site,2025-03-31,46,35,
628,9,Noida Express Way Site,2025-04-01,37,29,
629,9,Noida Express Way Site,02/04/2025,35,27,
630,9,Noida Express Way Site,2025-04-03,35,27,
631,9,Noida Express Way Site,2025-04-04,46,36,
632,9,Noida Express Way Site,2025-04-05,25,18,
633,9,Noida Express Way Site,2025-04-06,20,16,
634,9,Noida Express Way Site,07/04/2025,27,20,
635,9,Noida Express Way Site,08/04/2025,28,21,
636,9,Noida Express Way Site,2025-04-09,29,22,
637,9,Noida Express Way Site,04-10-2025,34,27,
638,9,Noida Express Way Site,2025-04-11,44,35,
639,9,Noida Express Way Site,2025-04-12,37,29,
640,9,Noida Express Way Site,2025-04-13,38,28,
641,9,Noida Express Way Site,2025-04-14,44,34,
642,9,Noida Express Way Site,2025-04-15,31,24,
643,9,Noida Express Way Site,2025-04-16,44,32,
644,9,Noida Express Way Site,04-17-2025,43,33,
645,9,Noida Express Way Site,2025-04-18,26,22,
646,9,Noida Express Way Site,2025-04-19,23,18,
647,9,Noida Express Way Site,04-20-2025,40,32,
648,9,Noida Express Way Site,2025-04-21,29,24,
649,9,Noida Express Way Site,2025-04-22,21,16,
650,9,Noida Express Way Site,2025-04-23,31,25,
651,9,Noida Express Way Site,2025-04-24,22,17,
652,9,Noida Express Way Site,25/04/2025,23,19,
653,9,Noida Express Way Site,2025-04-26,27,20,
654,9,Noida Express Way Site,2025-04-27,43,34,
655,9,Noida Express Way Site,28/04/2025,31,25,
656,9,Noida Express Way Site,2025-04-29,39,31,
657,9,Noida Express Way Site,2025-04-30,25,20,
658,9,Noida Express Way Site,2025-05-01,45,34,
659,9,Noida Express Way Site,2025-05-02,26,21,
660,9,Noida Express Way Site,2025-05-03,38,29,
661,9,Noida Express Way Site,2025-05-04,28,22,
662,9,Noida Express Way Site,2025-05-05,25,19,
663,9,Noida Express Way Site,2025-05-06,42,32,
664,9,Noida Express Way Site,2025-05-07,38,29,
665,9,Noida Express Way Site,2025-05-08,47,37,
666,9,Noida Express Way Site,09/05/2025,48,38,
667,9,Noida Express Way Site,10/05/2025,23,17,
668,9,Noida Express Way Site,2025-05-11,44,36,
669,9,Noida Express Way Site,2025-05-12,49,36,
670,9,Noida Express Way Site,2025-05-13,28,23,
671,9,Noida Express Way Site,2025-05-14,24,19,
672,9,Noida Express Way Site,2025-05-15,24,18,
673,9,Noida Express Way Site,2025-05-16,42,32,
674,9,Noida Express Way Site,2025-05-17,27,22,
675,9,Noida Express Way Site,05-18-2025,41,32,
676,9,Noida Express Way Site,2025-05-19,24,19,
677,9,Noida Express Way Site,2025-05-20,28,22,
678,9,Noida Express Way Site,21/05/2025,32,25,
679,9,Noida Express Way Site,2025-05-22,40,32,
680,9,Noida Express Way Site,2025-05-23,44,33,
681,9,Noida Express Way Site,2025-05-24,36,29,
682,9,Noida Express Way Site,05-25-2025,42,35,
683,9,Noida Express Way Site,26/05/2025,31,24,
684,9,Noida Express Way Site,05-27-2025,35,27,
685,9,Noida Express Way Site,2025-05-28,20,16,
686,9,Noida Express Way Site,2025-05-29,47,38,
687,9,Noida Express Way Site,30/05/2025,43,36,
688,10,Greater Noida Depot,2025-02-01,41,35,
689,10,Greater Noida Depot,2025-02-02,47,37,
690,10,Greater Noida Depot,2025-02-03,37,30,
691,10,Greater Noida Depot,02-04-2025,50,41,
692,10,Greater Noida Depot,2025-02-05,26,22,
693,10,Greater Noida Depot,2025-02-06,30,26,
694,10,Greater Noida Depot,02-07-2025,30,25,
695,10,Greater Noida Depot,2025-02-08,24,20,
696,10,Greater Noida Depot,2025-02-09,35,30,
697,10,Greater Noida Depot,02-10-2025,48,41,
698,10,Greater Noida Depot,02-11-2025,21,16,
699,10,Greater Noida Depot,2025-02-12,40,34,
700,10,Greater Noida Depot,2025-02-13,34,26,
701,10,Greater Noida Depot,2025-02-14,49,42,
702,10,Greater Noida Depot,2025-02-15,34,28,
703,10,Greater Noida Depot,2025-02-16,50,41,
704,10,Greater Noida Depot,2025-02-17,42,36,
705,10,Greater Noida Depot,2025-02-18,48,40,
706,10,Greater Noida Depot,2025-02-19,25,22,
707,10,Greater Noida Depot,2025-02-20,48,39,
708,10,Greater Noida Depot,2025-02-21,40,33,
709,10,Greater Noida Depot,22/02/2025,22,18,
710,10,Greater Noida Depot,23/02/2025,48,40,
711,10,Greater Noida Depot,24/02/2025,21,17,
712,10,Greater Noida Depot,02-25-2025,29,25,
713,10,Greater Noida Depot,2025-02-26,44,35,
714,10,Greater Noida Depot,02-27-2025,40,31,
715,10,Greater Noida Depot,2025-02-28,23,18,
716,10,Greater Noida Depot,2025-03-01,35,27,
717,10,Greater Noida Depot,03-02-2025,38,30,
718,10,Greater Noida Depot,2025-03-03,41,34,
719,10,Greater Noida Depot,2025-03-04,20,17,
720,10,Greater Noida Depot,2025-03-05,46,36,
721,10,Greater Noida Depot,2025-03-06,47,39,
722,10,Greater Noida Depot,03-07-2025,24,20,
723,10,Greater Noida Depot,2025-03-08,27,22,
724,10,Greater Noida Depot,2025-03-09,43,37,
725,10,Greater Noida Depot,2025-03-10,23,19,
726,10,Greater Noida Depot,2025-03-11,48,39,
727,10,Greater Noida Depot,2025-03-12,32,27,
728,10,Greater Noida Depot,13/03/2025,44,38,
729,10,Greater Noida Depot,2025-03-14,40,35,
730,10,Greater Noida Depot,2025-03-15,24,19,
731,10,Greater Noida Depot,2025-03-16,38,30,
732,10,Greater Noida Depot,03-17-2025,40,32,
733,10,Greater Noida Depot,2025-03-18,31,26,
734,10,Greater Noida Depot,2025-03-19,40,34,
735,10,Greater Noida Depot,2025-03-20,49,40,
736,10,Greater Noida Depot,2025-03-21,41,34,
737,10,Greater Noida Depot,2025-03-22,26,20,
738,10,Greater Noida Depot,03-23-2025,23,18,
739,10,Greater Noida Depot,03-24-2025,23,19,
740,10,Greater Noida Depot,2025-03-25,32,26,
741,10,Greater Noida Depot,2025-03-26,33,27,
742,10,Greater Noida Depot,27/03/2025,24,19,
743,10,Greater Noida Depot,03-28-2025,40,31,
744,10,Greater Noida Depot,29/03/2025,37,31,
745,10,Greater Noida Depot,2025-03-30,43,36,
746,10,Greater Noida Depot,31/03/2025,44,38,
747,10,Greater Noida Depot,2025-04-01,20,17,
748,10,Greater Noida Depot,2025-04-02,41,35,
749,10,Greater Noida Depot,2025-04-03,26,22,
750,10,Greater Noida Depot,04/04/2025,36,29,
751,10,Greater Noida Depot,04-05-2025,32,26,
752,10,Greater Noida Depot,04-06-2025,21,18,
753,10,Greater Noida Depot,2025-04-07,45,39,
754,10,Greater Noida Depot,2025-04-08,35,29,
755,10,Greater Noida Depot,09/04/2025,27,22,
756,10,Greater Noida Depot,2025-04-10,39,31,
757,10,Greater Noida Depot,2025-04-11,48,42,
758,10,Greater Noida Depot,2025-04-12,31,27,
759,10,Greater Noida Depot,2025-04-13,24,20,
760,10,Greater Noida Depot,2025-04-14,46,38,
761,10,Greater Noida Depot,04-15-2025,31,26,
762,10,Greater Noida Depot,16/04/2025,25,21,
763,10,Greater Noida Depot,04-17-2025,50,44,
764,10,Greater Noida Depot,2025-04-18,22,17,
765,10,Greater Noida Depot,19/04/2025,22,17,
766,10,Greater Noida Depot,2025-04-20,26,20,
767,10,Greater Noida Depot,2025-04-21,21,18,
768,11,Noida Sec 150 Site,2025-02-11,36,31,
769,11,Noida Sec 150 Site,2025-02-12,42,37,
770,11,Noida Sec 150 Site,2025-02-13,33,29,
771,11,Noida Sec 150 Site,2025-02-14,32,27,
772,11,Noida Sec 150 Site,2025-02-15,37,32,
773,11,Noida Sec 150 Site,2025-02-16,24,20,
774,11,Noida Sec 150 Site,17/02/2025,29,24,
775,11,Noida Sec 150 Site,18/02/2025,49,41,
776,11,Noida Sec 150 Site,19/02/2025,45,38,
777,11,Noida Sec 150 Site,2025-02-20,30,26,
778,11,Noida Sec 150 Site,2025-02-21,40,36,
779,11,Noida Sec 150 Site,22/02/2025,40,36,
780,11,Noida Sec 150 Site,23/02/2025,22,19,
781,11,Noida Sec 150 Site,2025-02-24,33,30,
782,11,Noida Sec 150 Site,2025-02-25,47,40,
783,11,Noida Sec 150 Site,2025-02-26,27,22,
784,11,Noida Sec 150 Site,2025-02-27,33,28,
785,11,Noida Sec 150 Site,28/02/2025,39,35,
786,11,Noida Sec 150 Site,2025-03-01,29,26,
787,11,Noida Sec 150 Site,2025-03-02,41,37,
788,11,Noida Sec 150 Site,03-03-2025,23,19,
789,11,Noida Sec 150 Site,2025-03-04,24,21,
790,11,Noida Sec 150 Site,05/03/2025,25,22,
791,11,Noida Sec 150 Site,2025-03-06,31,27,
792,11,Noida Sec 150 Site,03-07-2025,45,41,
793,11,Noida Sec 150 Site,2025-03-08,28,24,
794,11,Noida Sec 150 Site,2025-03-09,24,22,
795,11,Noida Sec 150 Site,10/03/2025,47,40,
796,11,Noida Sec 150 Site,2025-03-11,48,40,
797,11,Noida Sec 150 Site,2025-03-12,48,40,
798,11,Noida Sec 150 Site,2025-03-13,45,39,
799,11,Noida Sec 150 Site,2025-03-14,36,30,
800,11,Noida Sec 150 Site,2025-03-15,42,39,
801,11,Noida Sec 150 Site,2025-03-16,40,33,
802,11,Noida Sec 150 Site,2025-03-17,34,30,
803,11,Noida Sec 150 Site,2025-03-18,21,18,
804,11,Noida Sec 150 Site,2025-03-19,38,32,
805,11,Noida Sec 150 Site,03-20-2025,25,21,
806,11,Noida Sec 150 Site,21/03/2025,23,21,
807,11,Noida Sec 150 Site,2025-03-22,41,37,
808,11,Noida Sec 150 Site,23/03/2025,27,24,
809,11,Noida Sec 150 Site,2025-03-24,20,17,
810,11,Noida Sec 150 Site,03-25-2025,47,39,
811,11,Noida Sec 150 Site,2025-03-26,21,18,
812,11,Noida Sec 150 Site,2025-03-27,32,29,
813,11,Noida Sec 150 Site,03-28-2025,25,23,
814,11,Noida Sec 150 Site,2025-03-29,47,39,
815,11,Noida Sec 150 Site,2025-03-30,45,41,
816,11,Noida Sec 150 Site,2025-03-31,43,38,
817,11,Noida Sec 150 Site,04-01-2025,27,23,
818,11,Noida Sec 150 Site,2025-04-02,33,30,
819,11,Noida Sec 150 Site,03/04/2025,30,26,
820,11,Noida Sec 150 Site,2025-04-04,22,19,
821,11,Noida Sec 150 Site,2025-04-05,23,20,
822,11,Noida Sec 150 Site,2025-04-06,48,40,
823,11,Noida Sec 150 Site,2025-04-07,27,24,
824,11,Noida Sec 150 Site,2025-04-08,21,19,
825,11,Noida Sec 150 Site,2025-04-09,22,20,
826,11,Noida Sec 150 Site,2025-04-10,47,40,
827,11,Noida Sec 150 Site,11/04/2025,47,40,
828,11,Noida Sec 150 Site,2025-04-12,22,19,
829,11,Noida Sec 150 Site,2025-04-13,20,17,
830,11,Noida Sec 150 Site,2025-04-14,29,26,
831,11,Noida Sec 150 Site,15/04/2025,29,26,
832,11,Noida Sec 150 Site,2025-04-16,27,24,
833,11,Noida Sec 150 Site,2025-04-17,38,35,
834,11,Noida Sec 150 Site,18/04/2025,44,40,
835,11,Noida Sec 150 Site,2025-04-19,43,39,
836,11,Noida Sec 150 Site,2025-04-20,44,40,
837,11,Noida Sec 150 Site,2025-04-21,24,20,
838,11,Noida Sec 150 Site,2025-04-22,33,27,
839,11,Noida Sec 150 Site,04-23-2025,37,32,
840,12,Noida Sec 62 Site,02-10-2025,42,35,
841,12,Noida Sec 62 Site,2025-02-11,50,39,
842,12,Noida Sec 62 Site,2025-02-12,44,35,
843,12,Noida Sec 62 Site,2025-02-13,47,38,
844,12,Noida Sec 62 Site,2025-02-14,29,22,
845,12,Noida Sec 62 Site,2025-02-15,36,30,
846,12,Noida Sec 62 Site,2025-02-16,33,26,
847,12,Noida Sec 62 Site,2025-02-17,21,18,
848,12,Noida Sec 62 Site,2025-02-18,24,19,
849,12,Noida Sec 62 Site,2025-02-19,22,16,
850,12,Noida Sec 62 Site,2025-02-20,27,22,
851,12,Noida Sec 62 Site,2025-02-21,36,28,
852,12,Noida Sec 62 Site,2025-02-22,48,37,
853,12,Noida Sec 62 Site,02-23-2025,43,32,
854,12,Noida Sec 62 Site,2025-02-24,23,18,
855,12,Noida Sec 62 Site,2025-02-25,40,33,
856,12,Noida Sec 62 Site,26/02/2025,22,18,
857,12,Noida Sec 62 Site,02-27-2025,21,16,
858,12,Noida Sec 62 Site,28/02/2025,50,38,
859,12,Noida Sec 62 Site,03-01-2025,29,22,
860,12,Noida Sec 62 Site,03-02-2025,30,25,
861,12,Noida Sec 62 Site,2025-03-03,32,26,
862,12,Noida Sec 62 Site,03-04-2025,43,33,
863,12,Noida Sec 62 Site,2025-03-05,34,26,
864,12,Noida Sec 62 Site,2025-03-06,22,18,
865,12,Noida Sec 62 Site,2025-03-07,24,20,
866,12,Noida Sec 62 Site,2025-03-08,38,28,
867,12,Noida Sec 62 Site,03-09-2025,23,17,
868,12,Noida Sec 62 Site,03-10-2025,34,26,
869,12,Noida Sec 62 Site,2025-03-11,23,18,
870,12,Noida Sec 62 Site,2025-03-12,50,41,
871,12,Noida Sec 62 Site,13/03/2025,34,26,
872,12,Noida Sec 62 Site,14/03/2025,28,23,
873,12,Noida Sec 62 Site,15/03/2025,22,17,
874,12,Noida Sec 62 Site,03-16-2025,41,32,
875,12,Noida Sec 62 Site,03-17-2025,42,34,
876,12,Noida Sec 62 Site,2025-03-18,21,16,
877,12,Noida Sec 62 Site,2025-03-19,47,36,
878,12,Noida Sec 62 Site,20/03/2025,22,18,
879,12,Noida Sec 62 Site,21/03/2025,50,39,
880,12,Noida Sec 62 Site,03-22-2025,36,27,
881,12,Noida Sec 62 Site,03-23-2025,29,22,
882,12,Noida Sec 62 Site,2025-03-24,25,19,
883,12,Noida Sec 62 Site,2025-03-25,32,26,
884,12,Noida Sec 62 Site,2025-03-26,37,30,
885,12,Noida Sec 62 Site,2025-03-27,27,20,
886,12,Noida Sec 62 Site,03-28-2025,23,19,
887,12,Noida Sec 62 Site,29/03/2025,24,18,
888,12,Noida Sec 62 Site,2025-03-30,21,17,
889,12,Noida Sec 62 Site,2025-03-31,27,20,
890,12,Noida Sec 62 Site,01/04/2025,46,36,
891,12,Noida Sec 62 Site,2025-04-02,41,33,
892,12,Noida Sec 62 Site,2025-04-03,40,30,
893,12,Noida Sec 62 Site,2025-04-04,38,29,
894,12,Noida Sec 62 Site,05/04/2025,46,34,
895,12,Noida Sec 62 Site,2025-04-06,22,17,
896,12,Noida Sec 62 Site,2025-04-07,40,31,
897,12,Noida Sec 62 Site,04-08-2025,24,18,
898,12,Noida Sec 62 Site,2025-04-09,47,39,
899,12,Noida Sec 62 Site,2025-04-10,30,23,
900,12,Noida Sec 62 Site,2025-04-11,50,39,
901,12,Noida Sec 62 Site,2025-04-12,25,21,
902,12,Noida Sec 62 Site,2025-04-13,33,27,
903,12,Noida Sec 62 Site,2025-04-14,32,25,
904,12,Noida Sec 62 Site,2025-04-15,32,26,
905,12,Noida Sec 62 Site,16/04/2025,25,19,
906,12,Noida Sec 62 Site,17/04/2025,49,37,
907,12,Noida Sec 62 Site,2025-04-18,28,22,
908,12,Noida Sec 62 Site,2025-04-19,24,18,
909,12,Noida Sec 62 Site,04-20-2025,39,31,
910,12,Noida Sec 62 Site,2025-04-21,40,31,
911,12,Noida Sec 62 Site,2025-04-22,33,27,
912,12,Noida Sec 62 Site,2025-04-23,35,26,
913,12,Noida Sec 62 Site,2025-04-24,28,22,
914,12,Noida Sec 62 Site,04-25-2025,33,25,
915,12,Noida Sec 62 Site,26/04/2025,48,39,
916,12,Noida Sec 62 Site,2025-04-27,27,22,
917,12,Noida Sec 62 Site,04-28-2025,45,36,
918,12,Noida Sec 62 Site,2025-04-29,20,17,
919,12,Noida Sec 62 Site,2025-04-30,45,36,
920,12,Noida Sec 62 Site,2025-05-01,35,28,
921,12,Noida Sec 62 Site,02/05/2025,35,27,
922,12,Noida Sec 62 Site,2025-05-03,38,30,
923,12,Noida Sec 62 Site,2025-05-04,32,25,
924,12,Noida Sec 62 Site,2025-05-05,20,15,
925,12,Noida Sec 62 Site,2025-05-06,27,20,
926,13,Noida Express Way Site,2025-02-01,44,35,
927,13,Noida Express Way Site,02-02-2025,45,39,
928,13,Noida Express Way Site,03/02/2025,36,29,
929,13,Noida Express Way Site,2025-02-04,38,33,
930,13,Noida Express Way Site,2025-02-05,25,19,
931,13,Noida Express Way Site,06/02/2025,41,32,
932,13,Noida Express Way Site,2025-02-07,37,31,
933,13,Noida Express Way Site,2025-02-08,49,41,
934,13,Noida Express Way Site,2025-02-09,44,38,
935,13,Noida Express Way Site,2025-02-10,27,22,
936,13,Noida Express Way Site,2025-02-11,45,36,
937,13,Noida Express Way Site,2025-02-12,49,41,
938,13,Noida Express Way Site,2025-02-13,47,37,
939,13,Noida Express Way Site,2025-02-14,27,22,
940,13,Noida Express Way Site,2025-02-15,45,38,
941,13,Noida Express Way Site,2025-02-16,31,26,
942,13,Noida Express Way Site,2025-02-17,20,17,
943,13,Noida Express Way Site,02-18-2025,31,27,
944,13,Noida Express Way Site,2025-02-19,38,30,
945,13,Noida Express Way Site,2025-02-20,50,39,
946,13,Noida Express Way Site,2025-02-21,45,38,
947,13,Noida Express Way Site,22/02/2025,35,29,
948,13,Noida Express Way Site,02-23-2025,25,20,
949,13,Noida Express Way Site,02-24-2025,22,17,
950,13,Noida Express Way Site,2025-02-25,39,31,
951,13,Noida Express Way Site,2025-02-26,36,29,
952,13,Noida Express Way Site,2025-02-27,30,26,
953,13,Noida Express Way Site,2025-02-28,26,22,
954,13,Noida Express Way Site,2025-03-01,30,25,
955,13,Noida Express Way Site,2025-03-02,49,41,
956,13,Noida Express Way Site,2025-03-03,47,37,
957,13,Noida Express Way Site,2025-03-04,20,16,
958,13,Noida Express Way Site,05/03/2025,42,36,
959,13,Noida Express Way Site,06/03/2025,44,34,
960,13,Noida Express Way Site,2025-03-07,36,31,
961,13,Noida Express Way Site,2025-03-08,50,38,
962,13,Noida Express Way Site,2025-03-09,42,36,
963,13,Noida Express Way Site,2025-03-10,32,26,
964,13,Noida Express Way Site,2025-03-11,30,24,
965,13,Noida Express Way Site,2025-03-12,24,21,
966,13,Noida Express Way Site,2025-03-13,43,37,
967,13,Noida Express Way Site,2025-03-14,45,37,
968,13,Noida Express Way Site,2025-03-15,35,29,
969,13,Noida Express Way Site,2025-03-16,25,21,
970,13,Noida Express Way Site,2025-03-17,37,31,
971,13,Noida Express Way Site,03-18-2025,49,40,
972,13,Noida Express Way Site,03-19-2025,31,24,
973,13,Noida Express Way Site,2025-03-20,38,32,
974,13,Noida Express Way Site,2025-03-21,32,25,
975,13,Noida Express Way Site,22/03/2025,42,33,
976,13,Noida Express Way Site,2025-03-23,25,21,
977,13,Noida Express Way Site,2025-03-24,50,42,
978,13,Noida Express Way Site,2025-03-25,38,30,
979,13,Noida Express Way Site,2025-03-26,44,38,
980,13,Noida Express Way Site,2025-03-27,21,16,
981,13,Noida Express Way Site,28/03/2025,30,26,
982,13,Noida Express Way Site,29/03/2025,50,41,
983,13,Noida Express Way Site,30/03/2025,40,33,
984,13,Noida Express Way Site,03-31-2025,49,40,
985,13,Noida Express Way Site,04-01-2025,30,25,
986,13,Noida Express Way Site,2025-04-02,27,22,
987,13,Noida Express Way Site,2025-04-03,30,23,
988,13,Noida Express Way Site,2025-04-04,48,41,
989,13,Noida Express Way Site,2025-04-05,46,38,
990,13,Noida Express Way Site,04-06-2025,40,33,
991,13,Noida Express Way Site,2025-04-07,30,24,
992,13,Noida Express Way Site,2025-04-08,28,22,
993,13,Noida Express Way Site,2025-04-09,42,32,
994,13,Noida Express Way Site,2025-04-10,28,24,
995,13,Noida Express Way Site,2025-04-11,43,33,
996,13,Noida Express Way Site,2025-04-12,32,26,
997,13,Noida Express Way Site,13/04/2025,33,28,
998,13,Noida Express Way Site,04-14-2025,48,39,
999,13,Noida Express Way Site,2025-04-15,48,38,
1000,13,Noida Express Way Site,2025-04-16,37,30,
1001,13,Noida Express Way Site,2025-04-17,46,37,
1002,13,Noida Express Way Site,2025-04-18,47,39,
1003,13,Noida Express Way Site,2025-04-19,44,37,
1004,13,Noida Express Way Site,2025-04-20,25,20,
1005,13,Noida Express Way Site,2025-04-21,45,38,
1006,13,Noida Express Way Site,2025-04-22,29,22,
1007,13,Noida Express Way Site,2025-04-23,28,24,
1008,13,Noida Express Way Site,24/04/2025,22,18,
1009,13,Noida Express Way Site,2025-04-25,48,38,
1010,13,Noida Express Way Site,04-26-2025,43,33,
1011,14,Greater Noida Depot,2025-01-29,48,42,
1012,14,Greater Noida Depot,2025-01-30,30,25,
1013,14,Greater Noida Depot,2025-01-31,39,33,
1014,14,Greater Noida Depot,2025-02-01,42,32,
1015,14,Greater Noida Depot,2025-02-02,50,42,
1016,14,Greater Noida Depot,2025-02-03,39,33,
1017,14,Greater Noida Depot,2025-02-04,25,19,
1018,14,Greater Noida Depot,2025-02-05,30,24,
1019,14,Greater Noida Depot,2025-02-06,26,21,
1020,14,Greater Noida Depot,02-07-2025,37,31,
1021,14,Greater Noida Depot,2025-02-08,43,35,
1022,14,Greater Noida Depot,2025-02-09,41,33,
1023,14,Greater Noida Depot,02-10-2025,27,21,
1024,14,Greater Noida Depot,2025-02-11,32,26,
1025,14,Greater Noida Depot,2025-02-12,46,38,
1026,14,Greater Noida Depot,2025-02-13,21,17,
1027,14,Greater Noida Depot,2025-02-14,33,26,
1028,14,Greater Noida Depot,15/02/2025,46,38,
1029,14,Greater Noida Depot,2025-02-16,39,32,
1030,14,Greater Noida Depot,17/02/2025,23,18,
1031,14,Greater Noida Depot,2025-02-18,25,21,
1032,14,Greater Noida Depot,2025-02-19,22,18,
1033,14,Greater Noida Depot,2025-02-20,23,18,
1034,14,Greater Noida Depot,2025-02-21,32,26,
1035,14,Greater Noida Depot,2025-02-22,48,40,
1036,14,Greater Noida Depot,2025-02-23,22,18,
1037,14,Greater Noida Depot,2025-02-24,32,25,
1038,14,Greater Noida Depot,2025-02-25,48,39,
1039,14,Greater Noida Depot,2025-02-26,25,20,
1040,14,Greater Noida Depot,27/02/2025,28,23,
1041,14,Greater Noida Depot,2025-02-28,28,22,
1042,14,Greater Noida Depot,2025-03-01,28,23,
1043,14,Greater Noida Depot,03-02-2025,24,20,
1044,14,Greater Noida Depot,2025-03-03,41,32,
1045,14,Greater Noida Depot,2025-03-04,41,33,
1046,14,Greater Noida Depot,2025-03-05,37,30,
1047,14,Greater Noida Depot,2025-03-06,44,36,
1048,14,Greater Noida Depot,2025-03-07,37,29,
1049,14,Greater Noida Depot,2025-03-08,32,27,
1050,14,Greater Noida Depot,2025-03-09,33,29,
1051,14,Greater Noida Depot,03-10-2025,41,35,
1052,14,Greater Noida Depot,2025-03-11,35,29,
1053,14,Greater Noida Depot,2025-03-12,27,22,
1054,14,Greater Noida Depot,03-13-2025,22,18,
1055,14,Greater Noida Depot,14/03/2025,47,39,
1056,14,Greater Noida Depot,2025-03-15,36,30,
1057,14,Greater Noida Depot,2025-03-16,36,31,
1058,14,Greater Noida Depot,2025-03-17,41,36,
1059,14,Greater Noida Depot,18/03/2025,24,19,
1060,14,Greater Noida Depot,19/03/2025,44,36,
1061,14,Greater Noida Depot,2025-03-20,50,43,
1062,14,Greater Noida Depot,21/03/2025,26,22,
1063,14,Greater Noida Depot,2025-03-22,24,19,
1064,14,Greater Noida Depot,2025-03-23,22,19,
1065,14,Greater Noida Depot,03-24-2025,33,26,
1066,14,Greater Noida Depot,25/03/2025,46,38,
1067,14,Greater Noida Depot,2025-03-26,46,38,
1068,14,Greater Noida Depot,03-27-2025,30,26,
1069,14,Greater Noida Depot,03-28-2025,49,42,
1070,14,Greater Noida Depot,2025-03-29,22,18,
1071,14,Greater Noida Depot,30/03/2025,32,26,
1072,14,Greater Noida Depot,31/03/2025,47,37,
1073,14,Greater Noida Depot,2025-04-01,34,29,
1074,14,Greater Noida Depot,04-02-2025,20,17,
1075,14,Greater Noida Depot,2025-04-03,39,32,
1076,14,Greater Noida Depot,2025-04-04,45,36,
1077,14,Greater Noida Depot,04-05-2025,33,26,
1078,14,Greater Noida Depot,06/04/2025,38,31,
1079,14,Greater Noida Depot,2025-04-07,44,38,
1080,14,Greater Noida Depot,2025-04-08,23,20,
1081,14,Greater Noida Depot,09/04/2025,38,32,
1082,14,Greater Noida Depot,2025-04-10,45,36,
1083,14,Greater Noida Depot,2025-04-11,37,32,
1084,14,Greater Noida Depot,12/04/2025,48,39,
1085,14,Greater Noida Depot,04-13-2025,32,27,
1086,14,Greater Noida Depot,2025-04-14,38,32,
1087,14,Greater Noida Depot,2025-04-15,21,16,
1088,14,Greater Noida Depot,2025-04-16,32,25,
1089,14,Greater Noida Depot,2025-04-17,39,33,
1090,14,Greater Noida Depot,2025-04-18,32,25,
1091,14,Greater Noida Depot,2025-04-19,48,41,
1092,14,Greater Noida Depot,2025-04-20,42,33,
1093,14,Greater Noida Depot,2025-04-21,43,35,
1094,14,Greater Noida Depot,04-22-2025,28,24,
1095,14,Greater Noida Depot,23/04/2025,20,16,
1096,14,Greater Noida Depot,24/04/2025,45,36,
1097,14,Greater Noida Depot,25/04/2025,28,24,
1098,14,Greater Noida Depot,2025-04-26,47,39,
1099,14,Greater Noida Depot,2025-04-27,23,20,
1100,14,Greater Noida Depot,2025-04-28,27,21,
1101,15,Noida Sec 150 Site,2025-02-24,34,32,
1102,15,Noida Sec 150 Site,2025-02-25,30,27,
1103,15,Noida Sec 150 Site,2025-02-26,33,30,
1104,15,Noida Sec 150 Site,2025-02-27,22,19,
1105,15,Noida Sec 150 Site,2025-02-28,26,25,
1106,15,Noida Sec 150 Site,03-01-2025,33,31,
1107,15,Noida Sec 150 Site,2025-03-02,44,40,
1108,15,Noida Sec 150 Site,2025-03-03,31,29,
1109,15,Noida Sec 150 Site,2025-03-04,36,34,
1110,15,Noida Sec 150 Site,2025-03-05,22,20,
1111,15,Noida Sec 150 Site,03-06-2025,36,32,
1112,15,Noida Sec 150 Site,2025-03-07,44,41,
1113,15,Noida Sec 150 Site,2025-03-08,48,44,
1114,15,Noida Sec 150 Site,03-09-2025,25,22,
1115,15,Noida Sec 150 Site,03-10-2025,46,40,
1116,15,Noida Sec 150 Site,2025-03-11,21,19,
1117,15,Noida Sec 150 Site,2025-03-12,34,29,
1118,15,Noida Sec 150 Site,2025-03-13,31,29,
1119,15,Noida Sec 150 Site,2025-03-14,28,25,
1120,15,Noida Sec 150 Site,03-15-2025,34,31,
1121,15,Noida Sec 150 Site,2025-03-16,40,38,
1122,15,Noida Sec 150 Site,2025-03-17,41,35,
1123,15,Noida Sec 150 Site,2025-03-18,31,28,
1124,15,Noida Sec 150 Site,03-19-2025,34,30,
1125,15,Noida Sec 150 Site,2025-03-20,47,43,
1126,15,Noida Sec 150 Site,03-21-2025,37,33,
1127,15,Noida Sec 150 Site,2025-03-22,25,24,
1128,15,Noida Sec 150 Site,03-23-2025,28,26,
1129,15,Noida Sec 150 Site,2025-03-24,42,36,
1130,15,Noida Sec 150 Site,2025-03-25,20,18,
1131,15,Noida Sec 150 Site,2025-03-26,25,24,
1132,15,Noida Sec 150 Site,03-27-2025,44,42,
1133,15,Noida Sec 150 Site,2025-03-28,47,41,
1134,15,Noida Sec 150 Site,2025-03-29,27,25,
1135,15,Noida Sec 150 Site,2025-03-30,28,26,
1136,15,Noida Sec 150 Site,2025-03-31,36,31,
1137,15,Noida Sec 150 Site,01/04/2025,44,42,
1138,15,Noida Sec 150 Site,02/04/2025,41,35,
1139,15,Noida Sec 150 Site,2025-04-03,49,43,
1140,15,Noida Sec 150 Site,2025-04-04,25,23,
1141,15,Noida Sec 150 Site,2025-04-05,20,18,
1142,15,Noida Sec 150 Site,04-06-2025,39,37,
1143,15,Noida Sec 150 Site,2025-04-07,29,27,
1144,15,Noida Sec 150 Site,2025-04-08,42,39,
1145,15,Noida Sec 150 Site,09/04/2025,33,31,
1146,15,Noida Sec 150 Site,2025-04-10,47,42,
1147,15,Noida Sec 150 Site,2025-04-11,28,25,
1148,15,Noida Sec 150 Site,2025-04-12,29,27,
1149,15,Noida Sec 150 Site,2025-04-13,46,42,
1150,15,Noida Sec 150 Site,2025-04-14,38,33,
1151,15,Noida Sec 150 Site,2025-04-15,36,34,
1152,15,Noida Sec 150 Site,16/04/2025,50,47,
1153,15,Noida Sec 150 Site,17/04/2025,31,28,
1154,15,Noida Sec 150 Site,2025-04-18,39,36,
1155,15,Noida Sec 150 Site,2025-04-19,29,27,
1156,15,Noida Sec 150 Site,2025-04-20,35,30,
1157,15,Noida Sec 150 Site,2025-04-21,28,26,
1158,15,Noida Sec 150 Site,22/04/2025,47,42,
1159,15,Noida Sec 150 Site,2025-04-23,40,37,
1160,15,Noida Sec 150 Site,04-24-2025,48,44,
1161,15,Noida Sec 150 Site,2025-04-25,26,23,
1162,15,Noida Sec 150 Site,26/04/2025,44,39,
1163,15,Noida Sec 150 Site,2025-04-27,21,20,
1164,15,Noida Sec 150 Site,2025-04-28,45,42,
1165,15,Noida Sec 150 Site,04-29-2025,32,30,
1166,15,Noida Sec 150 Site,30/04/2025,41,36,
1167,15,Noida Sec 150 Site,01/05/2025,20,18,
1168,15,Noida Sec 150 Site,05-02-2025,29,26,
1169,15,Noida Sec 150 Site,2025-05-03,33,30,
1170,15,Noida Sec 150 Site,2025-05-04,43,37,
1171,15,Noida Sec 150 Site,05/05/2025,42,40,
1172,15,Noida Sec 150 Site,2025-05-06,46,40,
1173,15,Noida Sec 150 Site,2025-05-07,43,40,
1174,15,Noida Sec 150 Site,05-08-2025,41,37,
1175,15,Noida Sec 150 Site,2025-05-09,45,41,
1176,15,Noida Sec 150 Site,05-10-2025,50,46,
1177,15,Noida Sec 150 Site,11/05/2025,36,32,
1178,15,Noida Sec 150 Site,2025-05-12,25,24,
1179,15,Noida Sec 150 Site,05-13-2025,48,44,
1180,15,Noida Sec 150 Site,2025-05-14,29,25,
1181,15,Noida Sec 150 Site,2025-05-15,24,22,
1182,15,Noida Sec 150 Site,2025-05-16,43,40,
1183,15,Noida Sec 150 Site,2025-05-17,44,42,
1184,16,Noida Sec 62 Site,2025-01-15,41,32,
1185,16,Noida Sec 62 Site,2025-01-16,40,28,
1186,16,Noida Sec 62 Site,2025-01-17,31,22,
1187,16,Noida Sec 62 Site,2025-01-18,47,34,
1188,16,Noida Sec 62 Site,19/01/2025,45,35,
1189,16,Noida Sec 62 Site,20/01/2025,31,22,
1190,16,Noida Sec 62 Site,2025-01-21,29,21,
1191,16,Noida Sec 62 Site,2025-01-22,23,17,
1192,16,Noida Sec 62 Site,2025-01-23,47,36,
1193,16,Noida Sec 62 Site,2025-01-24,38,30,
1194,16,Noida Sec 62 Site,01-25-2025,22,16,
1195,16,Noida Sec 62 Site,26/01/2025,26,19,
1196,16,Noida Sec 62 Site,2025-01-27,47,36,
1197,16,Noida Sec 62 Site,2025-01-28,36,26,
1198,16,Noida Sec 62 Site,2025-01-29,21,16,
1199,16,Noida Sec 62 Site,01-30-2025,24,17,
1200,16,Noida Sec 62 Site,2025-01-31,26,19,
1201,16,Noida Sec 62 Site,02-01-2025,38,30,
1202,16,Noida Sec 62 Site,2025-02-02,34,24,
1203,16,Noida Sec 62 Site,2025-02-03,47,36,
1204,16,Noida Sec 62 Site,2025-02-04,44,31,
1205,16,Noida Sec 62 Site,02-05-2025,30,23,
1206,16,Noida Sec 62 Site,02-06-2025,25,18,
1207,16,Noida Sec 62 Site,2025-02-07,21,15,
1208,16,Noida Sec 62 Site,08/02/2025,28,20,
1209,16,Noida Sec 62 Site,2025-02-09,44,31,
1210,16,Noida Sec 62 Site,2025-02-10,44,31,
1211,16,Noida Sec 62 Site,02-11-2025,45,35,
1212,16,Noida Sec 62 Site,02-12-2025,22,16,
1213,16,Noida Sec 62 Site,2025-02-13,33,25,
1214,16,Noida Sec 62 Site,2025-02-14,32,24,
1215,16,Noida Sec 62 Site,15/02/2025,35,26,
1216,16,Noida Sec 62 Site,02-16-2025,21,16,
1217,16,Noida Sec 62 Site,2025-02-17,43,31,
1218,16,Noida Sec 62 Site,02-18-2025,20,16,
1219,16,Noida Sec 62 Site,2025-02-19,44,34,
1220,16,Noida Sec 62 Site,2025-02-20,26,18,
1221,16,Noida Sec 62 Site,2025-02-21,20,15,
1222,16,Noida Sec 62 Site,2025-02-22,27,19,
1223,16,Noida Sec 62 Site,23/02/2025,48,35,
1224,16,Noida Sec 62 Site,2025-02-24,24,17,
1225,16,Noida Sec 62 Site,2025-02-25,36,27,
1226,16,Noida Sec 62 Site,2025-02-26,25,17,
1227,16,Noida Sec 62 Site,27/02/2025,21,15,
1228,16,Noida Sec 62 Site,02-28-2025,29,21,
1229,16,Noida Sec 62 Site,2025-03-01,36,27,
1230,16,Noida Sec 62 Site,2025-03-02,30,22,
1231,16,Noida Sec 62 Site,2025-03-03,41,32,
1232,16,Noida Sec 62 Site,04/03/2025,30,24,
1233,16,Noida Sec 62 Site,2025-03-05,35,26,
1234,16,Noida Sec 62 Site,2025-03-06,26,18,
1235,16,Noida Sec 62 Site,2025-03-07,49,38,
1236,16,Noida Sec 62 Site,03-08-2025,32,22,
1237,16,Noida Sec 62 Site,2025-03-09,27,21,
1238,16,Noida Sec 62 Site,2025-03-10,24,17,
1239,16,Noida Sec 62 Site,2025-03-11,20,15,
1240,16,Noida Sec 62 Site,2025-03-12,25,18,
1241,16,Noida Sec 62 Site,2025-03-13,42,32,
1242,16,Noida Sec 62 Site,2025-03-14,21,15,
1243,16,Noida Sec 62 Site,2025-03-15,40,29,
1244,16,Noida Sec 62 Site,2025-03-16,37,28,
1245,16,Noida Sec 62 Site,2025-03-17,39,31,
1246,16,Noida Sec 62 Site,2025-03-18,41,29,
1247,16,Noida Sec 62 Site,2025-03-19,46,32,
1248,16,Noida Sec 62 Site,2025-03-20,42,30,
1249,16,Noida Sec 62 Site,2025-03-21,34,25,
1250,16,Noida Sec 62 Site,2025-03-22,37,27,
1251,16,Noida Sec 62 Site,2025-03-23,42,30,
1252,16,Noida Sec 62 Site,2025-03-24,42,32,
1253,16,Noida Sec 62 Site,2025-03-25,20,14,
1254,16,Noida Sec 62 Site,2025-03-26,41,29,
1255,16,Noida Sec 62 Site,03-27-2025,36,26,
1256,16,Noida Sec 62 Site,2025-03-28,39,30,
1257,16,Noida Sec 62 Site,2025-03-29,33,26,
1258,16,Noida Sec 62 Site,03-30-2025,23,17,
1259,16,Noida Sec 62 Site,2025-03-31,39,27,
1260,16,Noida Sec 62 Site,2025-04-01,23,18,
1261,16,Noida Sec 62 Site,2025-04-02,35,25,
1262,16,Noida Sec 62 Site,2025-04-03,26,20,
1263,16,Noida Sec 62 Site,2025-04-04,46,34,
1264,16,Noida Sec 62 Site,2025-04-05,26,19,
1265,16,Noida Sec 62 Site,06/04/2025,33,24,
1266,16,Noida Sec 62 Site,2025-04-07,21,16,
1267,16,Noida Sec 62 Site,04-08-2025,49,35,
1268,16,Noida Sec 62 Site,04-09-2025,49,36,
1269,16,Noida Sec 62 Site,04-10-2025,27,19,
1270,16,Noida Sec 62 Site,11/04/2025,41,29,
1271,16,Noida Sec 62 Site,2025-04-12,23,18,
1272,16,Noida Sec 62 Site,2025-04-13,41,30,
1273,16,Noida Sec 62 Site,2025-04-14,50,35,
1274,17,Noida Express Way Site,2025-02-25,22,19,
1275,17,Noida Express Way Site,2025-02-26,23,20,
1276,17,Noida Express Way Site,02-27-2025,40,32,
1277,17,Noida Express Way Site,2025-02-28,29,23,
1278,17,Noida Express Way Site,2025-03-01,21,17,
1279,17,Noida Express Way Site,2025-03-02,25,22,
1280,17,Noida Express Way Site,2025-03-03,47,38,
1281,17,Noida Express Way Site,2025-03-04,45,38,
1282,17,Noida Express Way Site,03-05-2025,33,28,
1283,17,Noida Express Way Site,06/03/2025,23,20,
1284,17,Noida Express Way Site,2025-03-07,48,38,
1285,17,Noida Express Way Site,2025-03-08,47,37,
1286,17,Noida Express Way Site,03-09-2025,40,32,
1287,17,Noida Express Way Site,2025-03-10,31,27,
1288,17,Noida Express Way Site,2025-03-11,50,42,
1289,17,Noida Express Way Site,2025-03-12,48,41,
1290,17,Noida Express Way Site,03-13-2025,31,27,
1291,17,Noida Express Way Site,2025-03-14,25,20,
1292,17,Noida Express Way Site,2025-03-15,32,28,
1293,17,Noida Express Way Site,2025-03-16,28,24,
1294,17,Noida Express Way Site,2025-03-17,42,36,
1295,17,Noida Express Way Site,2025-03-18,45,37,
1296,17,Noida Express Way Site,2025-03-19,48,41,
1297,17,Noida Express Way Site,20/03/2025,23,18,
1298,17,Noida Express Way Site,2025-03-21,43,34,
1299,17,Noida Express Way Site,22/03/2025,50,43,
1300,17,Noida Express Way Site,03-23-2025,23,19,
1301,17,Noida Express Way Site,2025-03-24,38,31,
1302,17,Noida Express Way Site,25/03/2025,38,32,
1303,17,Noida Express Way Site,03-26-2025,25,21,
1304,17,Noida Express Way Site,27/03/2025,44,36,
1305,17,Noida Express Way Site,2025-03-28,20,17,
1306,17,Noida Express Way Site,2025-03-29,48,41,
1307,17,Noida Express Way Site,2025-03-30,48,38,
1308,17,Noida Express Way Site,03-31-2025,49,41,
1309,17,Noida Express Way Site,01/04/2025,48,39,
1310,17,Noida Express Way Site,2025-04-02,21,16,
1311,17,Noida Express Way Site,2025-04-03,40,32,
1312,17,Noida Express Way Site,2025-04-04,42,36,
1313,17,Noida Express Way Site,04-05-2025,36,31,
1314,17,Noida Express Way Site,04-06-2025,38,32,
1315,17,Noida Express Way Site,04-07-2025,27,24,
1316,17,Noida Express Way Site,04-08-2025,41,36,
1317,17,Noida Express Way Site,2025-04-09,36,30,
1318,17,Noida Express Way Site,2025-04-10,42,35,
1319,17,Noida Express Way Site,04-11-2025,33,28,
1320,17,Noida Express Way Site,2025-04-12,27,22,
1321,17,Noida Express Way Site,13/04/2025,41,35,
1322,17,Noida Express Way Site,2025-04-14,32,25,
1323,17,Noida Express Way Site,2025-04-15,46,38,
1324,17,Noida Express Way Site,04-16-2025,39,31,
1325,17,Noida Express Way Site,2025-04-17,40,35,
1326,17,Noida Express Way Site,2025-04-18,36,31,
1327,17,Noida Express Way Site,2025-04-19,47,39,
1328,17,Noida Express Way Site,2025-04-20,25,20,
1329,17,Noida Express Way Site,2025-04-21,35,28,
1330,17,Noida Express Way Site,2025-04-22,30,26,
1331,17,Noida Express Way Site,23/04/2025,21,17,
1332,17,Noida Express Way Site,2025-04-24,37,31,
1333,17,Noida Express Way Site,2025-04-25,32,28,
1334,17,Noida Express Way Site,2025-04-26,22,18,
1335,17,Noida Express Way Site,2025-04-27,45,38,
1336,17,Noida Express Way Site,2025-04-28,22,19,
1337,17,Noida Express Way Site,04-29-2025,34,28,
1338,17,Noida Express Way Site,2025-04-30,35,30,
1339,17,Noida Express Way Site,05-01-2025,20,16,
1340,17,Noida Express Way Site,2025-05-02,33,26,
1341,17,Noida Express Way Site,2025-05-03,37,29,
1342,17,Noida Express Way Site,2025-05-04,22,19,
1343,17,Noida Express Way Site,2025-05-05,50,42,
1344,17,Noida Express Way Site,06/05/2025,29,25,
1345,17,Noida Express Way Site,07/05/2025,37,30,
1346,17,Noida Express Way Site,2025-05-08,41,34,
1347,17,Noida Express Way Site,05-09-2025,30,24,
1348,17,Noida Express Way Site,05-10-2025,21,18,
1349,17,Noida Express Way Site,11/05/2025,47,39,
1350,18,Greater Noida Depot,2025-01-23,44,33,
1351,18,Greater Noida Depot,2025-01-24,35,27,
1352,18,Greater Noida Depot,2025-01-25,31,24,
1353,18,Greater Noida Depot,2025-01-26,23,16,
1354,18,Greater Noida Depot,2025-01-27,41,29,
1355,18,Greater Noida Depot,2025-01-28,30,22,
1356,18,Greater Noida Depot,2025-01-29,40,31,
1357,18,Greater Noida Depot,2025-01-30,29,22,
1358,18,Greater Noida Depot,2025-01-31,31,23,
1359,18,Greater Noida Depot,2025-02-01,21,16,
1360,18,Greater Noida Depot,2025-02-02,35,25,
1361,18,Greater Noida Depot,03/02/2025,42,32,
1362,18,Greater Noida Depot,2025-02-04,33,23,
1363,18,Greater Noida Depot,2025-02-05,39,28,
1364,18,Greater Noida Depot,2025-02-06,23,18,
1365,18,Greater Noida Depot,02-07-2025,32,23,
1366,18,Greater Noida Depot,2025-02-08,46,35,
1367,18,Greater Noida Depot,02-09-2025,42,30,
1368,18,Greater Noida Depot,2025-02-10,44,32,
1369,18,Greater Noida Depot,2025-02-11,49,37,
1370,18,Greater Noida Depot,2025-02-12,41,31,
1371,18,Greater Noida Depot,2025-02-13,44,34,
1372,18,Greater Noida Depot,2025-02-14,34,26,
1373,18,Greater Noida Depot,2025-02-15,50,37,
1374,18,Greater Noida Depot,2025-02-16,50,37,
1375,18,Greater Noida Depot,2025-02-17,36,27,
1376,18,Greater Noida Depot,2025-02-18,37,29,
1377,18,Greater Noida Depot,02-19-2025,46,34,
1378,18,Greater Noida Depot,20/02/2025,49,36,
1379,18,Greater Noida Depot,2025-02-21,49,38,
1380,18,Greater Noida Depot,2025-02-22,42,31,
1381,18,Greater Noida Depot,2025-02-23,43,33,
1382,18,Greater Noida Depot,2025-02-24,23,17,
1383,18,Greater Noida Depot,2025-02-25,39,29,
1384,18,Greater Noida Depot,02-26-2025,30,22,
1385,18,Greater Noida Depot,2025-02-27,32,23,
1386,18,Greater Noida Depot,2025-02-28,39,30,
1387,18,Greater Noida Depot,03-01-2025,44,31,
1388,18,Greater Noida Depot,2025-03-02,32,25,
1389,18,Greater Noida Depot,2025-03-03,29,21,
1390,18,Greater Noida Depot,2025-03-04,24,17,
1391,18,Greater Noida Depot,05/03/2025,39,30,
1392,18,Greater Noida Depot,2025-03-06,43,32,
1393,18,Greater Noida Depot,2025-03-07,46,35,
1394,18,Greater Noida Depot,2025-03-08,47,34,
1395,18,Greater Noida Depot,2025-03-09,43,34,
1396,18,Greater Noida Depot,2025-03-10,40,28,
1397,18,Greater Noida Depot,2025-03-11,26,19,
1398,18,Greater Noida Depot,2025-03-12,29,22,
1399,18,Greater Noida Depot,03-13-2025,49,37,
1400,18,Greater Noida Depot,2025-03-14,42,32,
1401,18,Greater Noida Depot,2025-03-15,50,35,
1402,18,Greater Noida Depot,03-16-2025,37,28,
1403,18,Greater Noida Depot,2025-03-17,30,23,
1404,18,Greater Noida Depot,2025-03-18,44,32,
1405,18,Greater Noida Depot,2025-03-19,35,26,
1406,18,Greater Noida Depot,2025-03-20,50,38,
1407,18,Greater Noida Depot,2025-03-21,33,25,
1408,18,Greater Noida Depot,2025-03-22,48,37,
1409,18,Greater Noida Depot,2025-03-23,29,22,
1410,18,Greater Noida Depot,2025-03-24,33,25,
1411,18,Greater Noida Depot,25/03/2025,36,25,
1412,18,Greater Noida Depot,2025-03-26,32,22,
1413,18,Greater Noida Depot,2025-03-27,41,28,
1414,18,Greater Noida Depot,2025-03-28,28,21,
1415,18,Greater Noida Depot,29/03/2025,25,20,
1416,18,Greater Noida Depot,2025-03-30,41,29,
1417,18,Greater Noida Depot,2025-03-31,46,32,
1418,18,Greater Noida Depot,2025-04-01,45,32,
1419,18,Greater Noida Depot,2025-04-02,44,33,
1420,18,Greater Noida Depot,2025-04-03,31,24,
1421,18,Greater Noida Depot,2025-04-04,23,17,
1422,18,Greater Noida Depot,05/04/2025,41,31,
1423,18,Greater Noida Depot,06/04/2025,47,33,
1424,18,Greater Noida Depot,2025-04-07,40,30,
1425,18,Greater Noida Depot,2025-04-08,27,20,
1426,18,Greater Noida Depot,2025-04-09,45,35,
1427,19,Noida Sec 150 Site,2025-01-26,42,36,
1428,19,Noida Sec 150 Site,01-27-2025,49,41,
1429,19,Noida Sec 150 Site,2025-01-28,33,29,
1430,19,Noida Sec 150 Site,2025-01-29,41,34,
1431,19,Noida Sec 150 Site,01-30-2025,37,30,
1432,19,Noida Sec 150 Site,01-31-2025,43,35,
1433,19,Noida Sec 150 Site,2025-02-01,39,34,
1434,19,Noida Sec 150 Site,2025-02-02,47,41,
1435,19,Noida Sec 150 Site,2025-02-03,46,38,
1436,19,Noida Sec 150 Site,02-04-2025,40,35,
1437,19,Noida Sec 150 Site,05/02/2025,40,33,
1438,19,Noida Sec 150 Site,02-06-2025,38,32,
1439,19,Noida Sec 150 Site,2025-02-07,39,32,
1440,19,Noida Sec 150 Site,02-08-2025,43,38,
1441,19,Noida Sec 150 Site,2025-02-09,29,24,
1442,19,Noida Sec 150 Site,2025-02-10,41,33,
1443,19,Noida Sec 150 Site,2025-02-11,50,41,
1444,19,Noida Sec 150 Site,2025-02-12,36,29,
1445,19,Noida Sec 150 Site,2025-02-13,21,18,
1446,19,Noida Sec 150 Site,02-14-2025,37,30,
1447,19,Noida Sec 150 Site,02-15-2025,25,21,
1448,19,Noida Sec 150 Site,2025-02-16,28,22,
1449,19,Noida Sec 150 Site,02-17-2025,34,29,
1450,19,Noida Sec 150 Site,2025-02-18,24,19,
1451,19,Noida Sec 150 Site,2025-02-19,49,41,
1452,19,Noida Sec 150 Site,2025-02-20,21,18,
1453,19,Noida Sec 150 Site,2025-02-21,40,34,
1454,19,Noida Sec 150 Site,22/02/2025,41,34,
1455,19,Noida Sec 150 Site,23/02/2025,45,38,
1456,19,Noida Sec 150 Site,2025-02-24,31,25,
1457,19,Noida Sec 150 Site,25/02/2025,42,35,
1458,19,Noida Sec 150 Site,2025-02-26,27,24,
1459,19,Noida Sec 150 Site,2025-02-27,36,29,
1460,19,Noida Sec 150 Site,28/02/2025,36,29,
1461,19,Noida Sec 150 Site,2025-03-01,37,31,
1462,19,Noida Sec 150 Site,02/03/2025,22,18,
1463,19,Noida Sec 150 Site,2025-03-03,48,39,
1464,19,Noida Sec 150 Site,2025-03-04,30,25,
1465,19,Noida Sec 150 Site,2025-03-05,29,24,
1466,19,Noida Sec 150 Site,2025-03-06,44,38,
1467,19,Noida Sec 150 Site,2025-03-07,35,31,
1468,19,Noida Sec 150 Site,2025-03-08,46,40,
1469,19,Noida Sec 150 Site,2025-03-09,40,32,
1470,19,Noida Sec 150 Site,2025-03-10,41,34,
1471,19,Noida Sec 150 Site,2025-03-11,27,24,
1472,19,Noida Sec 150 Site,2025-03-12,39,35,
1473,19,Noida Sec 150 Site,2025-03-13,27,24,
1474,19,Noida Sec 150 Site,2025-03-14,41,36,
1475,19,Noida Sec 150 Site,2025-03-15,32,28,
1476,19,Noida Sec 150 Site,2025-03-16,50,40,
1477,19,Noida Sec 150 Site,17/03/2025,28,24,
1478,19,Noida Sec 150 Site,2025-03-18,29,23,
1479,19,Noida Sec 150 Site,2025-03-19,36,32,
1480,19,Noida Sec 150 Site,20/03/2025,31,26,
1481,19,Noida Sec 150 Site,2025-03-21,36,30,
1482,19,Noida Sec 150 Site,2025-03-22,21,17,
1483,19,Noida Sec 150 Site,2025-03-23,40,33,
1484,19,Noida Sec 150 Site,2025-03-24,36,29,
1485,19,Noida Sec 150 Site,25/03/2025,23,19,
1486,19,Noida Sec 150 Site,2025-03-26,50,44,
1487,19,Noida Sec 150 Site,2025-03-27,37,29,
1488,19,Noida Sec 150 Site,03-28-2025,22,18,
1489,19,Noida Sec 150 Site,2025-03-29,40,35,
1490,19,Noida Sec 150 Site,2025-03-30,47,41,
1491,19,Noida Sec 150 Site,2025-03-31,46,37,
1492,19,Noida Sec 150 Site,2025-04-01,37,32,
1493,19,Noida Sec 150 Site,2025-04-02,48,43,
1494,19,Noida Sec 150 Site,2025-04-03,44,37,
1495,19,Noida Sec 150 Site,2025-04-04,46,41,
1496,20,Noida Sec 62 Site,02-11-2025,41,36,
1497,20,Noida Sec 62 Site,2025-02-12,34,32,
1498,20,Noida Sec 62 Site,2025-02-13,21,18,
1499,20,Noida Sec 62 Site,2025-02-14,21,19,
1500,20,Noida Sec 62 Site,15/02/2025,28,26,
1501,20,Noida Sec 62 Site,2025-02-16,38,36,
1502,20,Noida Sec 62 Site,17/02/2025,49,44,
1503,20,Noida Sec 62 Site,2025-02-18,32,29,
1504,20,Noida Sec 62 Site,2025-02-19,32,29,
1505,20,Noida Sec 62 Site,2025-02-20,20,18,
1506,20,Noida Sec 62 Site,2025-02-21,23,21,
1507,20,Noida Sec 62 Site,2025-02-22,40,38,
1508,20,Noida Sec 62 Site,2025-02-23,22,21,
1509,20,Noida Sec 62 Site,24/02/2025,38,33,
1510,20,Noida Sec 62 Site,2025-02-25,47,41,
1511,20,Noida Sec 62 Site,2025-02-26,49,45,
1512,20,Noida Sec 62 Site,2025-02-27,29,27,
1513,20,Noida Sec 62 Site,2025-02-28,29,27,
1514,20,Noida Sec 62 Site,2025-03-01,29,27,
1515,20,Noida Sec 62 Site,2025-03-02,34,31,
1516,20,Noida Sec 62 Site,2025-03-03,46,43,
1517,20,Noida Sec 62 Site,03-04-2025,35,31,
1518,20,Noida Sec 62 Site,03-05-2025,27,24,
1519,20,Noida Sec 62 Site,06/03/2025,32,30,
1520,20,Noida Sec 62 Site,2025-03-07,47,43,
1521,20,Noida Sec 62 Site,2025-03-08,50,46,
1522,20,Noida Sec 62 Site,2025-03-09,29,27,
1523,20,Noida Sec 62 Site,2025-03-10,49,47,
1524,20,Noida Sec 62 Site,11/03/2025,47,44,
1525,20,Noida Sec 62 Site,2025-03-12,31,30,
1526,20,Noida Sec 62 Site,2025-03-13,20,18,
1527,20,Noida Sec 62 Site,2025-03-14,37,33,
1528,20,Noida Sec 62 Site,2025-03-15,21,18,
1529,20,Noida Sec 62 Site,2025-03-16,39,35,
1530,20,Noida Sec 62 Site,03-17-2025,37,36,
1531,20,Noida Sec 62 Site,2025-03-18,29,26,
1532,20,Noida Sec 62 Site,19/03/2025,43,41,
1533,20,Noida Sec 62 Site,2025-03-20,31,28,
1534,20,Noida Sec 62 Site,03-21-2025,48,45,
1535,20,Noida Sec 62 Site,03-22-2025,36,32,
1536,20,Noida Sec 62 Site,2025-03-23,25,22,
1537,20,Noida Sec 62 Site,2025-03-24,46,41,
1538,20,Noida Sec 62 Site,25/03/2025,23,20,
1539,20,Noida Sec 62 Site,2025-03-26,45,42,
1540,20,Noida Sec 62 Site,2025-03-27,21,20,
1541,20,Noida Sec 62 Site,03-28-2025,49,47,
1542,20,Noida Sec 62 Site,2025-03-29,37,34,
1543,20,Noida Sec 62 Site,2025-03-30,37,32,
1544,20,Noida Sec 62 Site,2025-03-31,41,36,
1545,20,Noida Sec 62 Site,04-01-2025,23,20,
1546,20,Noida Sec 62 Site,04-02-2025,38,35,
1547,20,Noida Sec 62 Site,2025-04-03,30,27,
1548,20,Noida Sec 62 Site,2025-04-04,41,38,
1549,20,Noida Sec 62 Site,05/04/2025,23,21,
1550,20,Noida Sec 62 Site,06/04/2025,22,21,
1551,20,Noida Sec 62 Site,2025-04-07,30,27,
1552,20,Noida Sec 62 Site,2025-04-08,30,28,
1553,20,Noida Sec 62 Site,09/04/2025,29,27,
1554,20,Noida Sec 62 Site,2025-04-10,24,22,
1555,20,Noida Sec 62 Site,2025-04-11,31,29,
1556,20,Noida Sec 62 Site,2025-04-12,50,45,
1557,20,Noida Sec 62 Site,2025-04-13,20,18,
1558,20,Noida Sec 62 Site,2025-04-14,45,40,
1559,20,Noida Sec 62 Site,2025-04-15,43,40,
1560,20,Noida Sec 62 Site,2025-04-16,28,27,
1561,20,Noida Sec 62 Site,2025-04-17,24,22,
1562,20,Noida Sec 62 Site,2025-04-18,30,29,
1563,20,Noida Sec 62 Site,2025-04-19,34,31,
1564,20,Noida Sec 62 Site,2025-04-20,44,39,
1565,20,Noida Sec 62 Site,2025-04-21,37,32,
1566,20,Noida Sec 62 Site,2025-04-22,40,37,
1567,20,Noida Sec 62 Site,2025-04-23,46,41,
1568,20,Noida Sec 62 Site,04-24-2025,46,40,
1569,20,Noida Sec 62 Site,25/04/2025,37,33,
1570,20,Noida Sec 62 Site,26/04/2025,43,41,
1571,20,Noida Sec 62 Site,27/04/2025,22,21,
1572,20,Noida Sec 62 Site,2025-04-28,48,42,
1573,20,Noida Sec 62 Site,2025-04-29,36,33,
1574,20,Noida Sec 62 Site,2025-04-30,46,43,
1575,20,Noida Sec 62 Site,01/05/2025,32,30,
1576,20,Noida Sec 62 Site,2025-05-02,26,25,
1577,20,Noida Sec 62 Site,2025-05-03,37,33,
1578,20,Noida Sec 62 Site,2025-05-04,48,46,
1579,21,Noida Express Way Site,2025-01-31,40,36,
1580,21,Noida Express Way Site,01/02/2025,31,27,
1581,21,Noida Express Way Site,02/02/2025,48,43,
1582,21,Noida Express Way Site,2025-02-03,43,39,
1583,21,Noida Express Way Site,2025-02-04,24,21,
1584,21,Noida Express Way Site,2025-02-05,36,30,
1585,21,Noida Express Way Site,2025-02-06,31,27,
1586,21,Noida Express Way Site,2025-02-07,41,35,
1587,21,Noida Express Way Site,2025-02-08,50,45,
1588,21,Noida Express Way Site,2025-02-09,39,35,
1589,21,Noida Express Way Site,2025-02-10,44,38,
1590,21,Noida Express Way Site,2025-02-11,34,28,
1591,21,Noida Express Way Site,02-12-2025,38,35,
1592,21,Noida Express Way Site,2025-02-13,41,37,
1593,21,Noida Express Way Site,2025-02-14,24,21,
1594,21,Noida Express Way Site,2025-02-15,35,32,
1595,21,Noida Express Way Site,16/02/2025,21,18,
1596,21,Noida Express Way Site,2025-02-17,35,30,
1597,21,Noida Express Way Site,2025-02-18,28,24,
1598,21,Noida Express Way Site,2025-02-19,21,19,
1599,21,Noida Express Way Site,2025-02-20,36,33,
1600,21,Noida Express Way Site,2025-02-21,31,27,
1601,21,Noida Express Way Site,22/02/2025,49,42,
1602,21,Noida Express Way Site,2025-02-23,21,17,
1603,21,Noida Express Way Site,2025-02-24,40,34,
1604,21,Noida Express Way Site,2025-02-25,42,39,
1605,21,Noida Express Way Site,2025-02-26,40,36,
1606,21,Noida Express Way Site,2025-02-27,46,41,
1607,21,Noida Express Way Site,2025-02-28,38,33,
1608,21,Noida Express Way Site,01/03/2025,25,21,
1609,21,Noida Express Way Site,2025-03-02,32,27,
1610,21,Noida Express Way Site,2025-03-03,40,36,
1611,21,Noida Express Way Site,2025-03-04,22,19,
1612,21,Noida Express Way Site,2025-03-05,32,29,
1613,21,Noida Express Way Site,2025-03-06,27,24,
1614,21,Noida Express Way Site,2025-03-07,31,28,
1615,21,Noida Express Way Site,2025-03-08,31,27,
1616,21,Noida Express Way Site,2025-03-09,35,32,
1617,21,Noida Express Way Site,2025-03-10,20,17,
1618,21,Noida Express Way Site,2025-03-11,24,21,
1619,21,Noida Express Way Site,03-12-2025,27,22,
1620,21,Noida Express Way Site,2025-03-13,40,34,
1621,21,Noida Express Way Site,2025-03-14,24,20,
1622,21,Noida Express Way Site,2025-03-15,31,27,
1623,21,Noida Express Way Site,16/03/2025,46,38,
1624,21,Noida Express Way Site,2025-03-17,27,23,
1625,21,Noida Express Way Site,03-18-2025,30,27,
1626,21,Noida Express Way Site,2025-03-19,35,31,
1627,21,Noida Express Way Site,2025-03-20,35,30,
1628,21,Noida Express Way Site,2025-03-21,25,22,
1629,21,Noida Express Way Site,2025-03-22,33,27,
1630,21,Noida Express Way Site,2025-03-23,21,18,
1631,21,Noida Express Way Site,2025-03-24,38,32,
1632,21,Noida Express Way Site,2025-03-25,40,35,
1633,21,Noida Express Way Site,2025-03-26,48,42,
1634,21,Noida Express Way Site,2025-03-27,21,18,
1635,21,Noida Express Way Site,2025-03-28,49,41,
1636,21,Noida Express Way Site,2025-03-29,50,43,
1637,21,Noida Express Way Site,2025-03-30,38,34,
1638,21,Noida Express Way Site,2025-03-31,48,43,
1639,21,Noida Express Way Site,04-01-2025,41,37,
1640,21,Noida Express Way Site,2025-04-02,50,42,
1641,21,Noida Express Way Site,04-03-2025,34,30,
1642,21,Noida Express Way Site,2025-04-04,35,32,
1643,21,Noida Express Way Site,2025-04-05,25,21,
1644,21,Noida Express Way Site,06/04/2025,33,29,
1645,21,Noida Express Way Site,2025-04-07,45,40,
1646,21,Noida Express Way Site,2025-04-08,44,37,
1647,21,Noida Express Way Site,2025-04-09,41,36,
1648,21,Noida Express Way Site,2025-04-10,25,22,
1649,21,Noida Express Way Site,2025-04-11,30,27,
1650,21,Noida Express Way Site,2025-04-12,39,34,
1651,21,Noida Express Way Site,04-13-2025,27,23,
1652,21,Noida Express Way Site,14/04/2025,24,20,
1653,21,Noida Express Way Site,2025-04-15,26,23,
1654,22,Greater Noida Depot,03-10-2025,36,33,
1655,22,Greater Noida Depot,11/03/2025,46,40,
1656,22,Greater Noida Depot,03-12-2025,23,20,
1657,22,Greater Noida Depot,2025-03-13,48,43,
1658,22,Greater Noida Depot,2025-03-14,21,20,
1659,22,Greater Noida Depot,15/03/2025,37,33,
1660,22,Greater Noida Depot,2025-03-16,23,20,
1661,22,Greater Noida Depot,2025-03-17,41,35,
1662,22,Greater Noida Depot,2025-03-18,39,35,
1663,22,Greater Noida Depot,2025-03-19,20,19,
1664,22,Greater Noida Depot,20/03/2025,44,40,
1665,22,Greater Noida Depot,2025-03-21,33,30,
1666,22,Greater Noida Depot,2025-03-22,31,29,
1667,22,Greater Noida Depot,2025-03-23,42,38,
1668,22,Greater Noida Depot,2025-03-24,27,25,
1669,22,Greater Noida Depot,25/03/2025,35,32,
1670,22,Greater Noida Depot,2025-03-26,32,28,
1671,22,Greater Noida Depot,03-27-2025,45,41,
1672,22,Greater Noida Depot,28/03/2025,44,41,
1673,22,Greater Noida Depot,2025-03-29,38,32,
1674,22,Greater Noida Depot,2025-03-30,24,21,
1675,22,Greater Noida Depot,2025-03-31,44,38,
1676,22,Greater Noida Depot,2025-04-01,47,40,
1677,22,Greater Noida Depot,2025-04-02,39,36,
1678,22,Greater Noida Depot,2025-04-03,33,29,
1679,22,Greater Noida Depot,04/04/2025,20,18,
1680,22,Greater Noida Depot,04-05-2025,45,38,
1681,22,Greater Noida Depot,2025-04-06,36,31,
1682,22,Greater Noida Depot,2025-04-07,20,18,
1683,22,Greater Noida Depot,2025-04-08,26,24,
1684,22,Greater Noida Depot,2025-04-09,30,27,
1685,22,Greater Noida Depot,2025-04-10,23,20,
1686,22,Greater Noida Depot,2025-04-11,40,36,
1687,22,Greater Noida Depot,2025-04-12,28,26,
1688,22,Greater Noida Depot,2025-04-13,33,30,
1689,22,Greater Noida Depot,2025-04-14,39,34,
1690,22,Greater Noida Depot,2025-04-15,41,36,
1691,22,Greater Noida Depot,2025-04-16,26,23,
1692,22,Greater Noida Depot,04-17-2025,45,41,
1693,22,Greater Noida Depot,2025-04-18,25,22,
1694,22,Greater Noida Depot,2025-04-19,37,33,
1695,22,Greater Noida Depot,20/04/2025,29,26,
1696,22,Greater Noida Depot,21/04/2025,44,40,
1697,22,Greater Noida Depot,2025-04-22,43,37,
1698,22,Greater Noida Depot,2025-04-23,47,43,
1699,22,Greater Noida Depot,2025-04-24,43,37,
1700,22,Greater Noida Depot,25/04/2025,45,41,
1701,22,Greater Noida Depot,2025-04-26,25,21,
1702,22,Greater Noida Depot,2025-04-27,36,32,
1703,22,Greater Noida Depot,04-28-2025,30,28,
1704,22,Greater Noida Depot,2025-04-29,39,36,
1705,22,Greater Noida Depot,2025-04-30,42,36,
1706,22,Greater Noida Depot,05-01-2025,32,30,
1707,22,Greater Noida Depot,2025-05-02,20,18,
1708,22,Greater Noida Depot,2025-05-03,46,40,
1709,22,Greater Noida Depot,2025-05-04,49,44,
1710,22,Greater Noida Depot,2025-05-05,22,19,
1711,22,Greater Noida Depot,06/05/2025,27,24,
1712,22,Greater Noida Depot,07/05/2025,39,33,
1713,22,Greater Noida Depot,2025-05-08,32,30,
1714,22,Greater Noida Depot,2025-05-09,32,29,
1715,22,Greater Noida Depot,05-10-2025,36,31,
1716,22,Greater Noida Depot,2025-05-11,50,45,
1717,22,Greater Noida Depot,12/05/2025,50,46,
1718,22,Greater Noida Depot,2025-05-13,25,23,
1719,22,Greater Noida Depot,2025-05-14,34,29,
1720,22,Greater Noida Depot,2025-05-15,47,43,
1721,22,Greater Noida Depot,2025-05-16,45,40,
1722,22,Greater Noida Depot,2025-05-17,26,22,
1723,22,Greater Noida Depot,2025-05-18,39,35,
1724,22,Greater Noida Depot,2025-05-19,42,36,
1725,22,Greater Noida Depot,2025-05-20,25,23,
1726,22,Greater Noida Depot,21/05/2025,31,27,
1727,22,Greater Noida Depot,2025-05-22,20,19,
1728,22,Greater Noida Depot,2025-05-23,22,21,
1729,22,Greater Noida Depot,2025-05-24,44,39,
1730,22,Greater Noida Depot,05-25-2025,41,36,
1731,22,Greater Noida Depot,2025-05-26,38,33,
1732,22,Greater Noida Depot,05-27-2025,20,18,
1733,22,Greater Noida Depot,2025-05-28,22,21,
1734,22,Greater Noida Depot,2025-05-29,37,32,
1735,22,Greater Noida Depot,30/05/2025,46,41,
1736,22,Greater Noida Depot,31/05/2025,38,33,
1737,22,Greater Noida Depot,06-01-2025,50,46,
1738,22,Greater Noida Depot,06-02-2025,27,24,
1739,22,Greater Noida Depot,2025-06-03,26,23,
1740,22,Greater Noida Depot,2025-06-04,32,29,
1741,22,Greater Noida Depot,05/06/2025,28,24,
1742,22,Greater Noida Depot,2025-06-06,36,31,
1743,23,Noida Sec 150 Site,2025-02-24,36,26,
1744,23,Noida Sec 150 Site,2025-02-25,50,35,
1745,23,Noida Sec 150 Site,2025-02-26,36,28,
1746,23,Noida Sec 150 Site,2025-02-27,48,35,
1747,23,Noida Sec 150 Site,2025-02-28,45,33,
1748,23,Noida Sec 150 Site,01/03/2025,42,31,
1749,23,Noida Sec 150 Site,2025-03-02,32,24,
1750,23,Noida Sec 150 Site,2025-03-03,44,31,
1751,23,Noida Sec 150 Site,2025-03-04,30,23,
1752,23,Noida Sec 150 Site,2025-03-05,34,26,
1753,23,Noida Sec 150 Site,2025-03-06,48,36,
1754,23,Noida Sec 150 Site,2025-03-07,20,15,
1755,23,Noida Sec 150 Site,2025-03-08,28,19,
1756,23,Noida Sec 150 Site,2025-03-09,40,31,
1757,23,Noida Sec 150 Site,2025-03-10,27,20,
1758,23,Noida Sec 150 Site,2025-03-11,27,21,
1759,23,Noida Sec 150 Site,2025-03-12,33,26,
1760,23,Noida Sec 150 Site,2025-03-13,36,27,
1761,23,Noida Sec 150 Site,03-14-2025,42,32,
1762,23,Noida Sec 150 Site,15/03/2025,27,19,
1763,23,Noida Sec 150 Site,2025-03-16,32,24,
1764,23,Noida Sec 150 Site,03-17-2025,46,33,
1765,23,Noida Sec 150 Site,03-18-2025,37,29,
1766,23,Noida Sec 150 Site,03-19-2025,35,25,
1767,23,Noida Sec 150 Site,2025-03-20,26,20,
1768,23,Noida Sec 150 Site,2025-03-21,28,20,
1769,23,Noida Sec 150 Site,2025-03-22,43,32,
1770,23,Noida Sec 150 Site,03-23-2025,49,34,
1771,23,Noida Sec 150 Site,2025-03-24,43,30,
1772,23,Noida Sec 150 Site,25/03/2025,43,30,
1773,23,Noida Sec 150 Site,2025-03-26,28,20,
1774,23,Noida Sec 150 Site,27/03/2025,26,20,
1775,23,Noida Sec 150 Site,03-28-2025,46,34,
1776,23,Noida Sec 150 Site,2025-03-29,24,18,
1777,23,Noida Sec 150 Site,2025-03-30,23,18,
1778,23,Noida Sec 150 Site,2025-03-31,41,32,
1779,23,Noida Sec 150 Site,01/04/2025,35,26,
1780,23,Noida Sec 150 Site,04-02-2025,44,34,
1781,23,Noida Sec 150 Site,2025-04-03,50,34,
1782,23,Noida Sec 150 Site,2025-04-04,35,25,
1783,23,Noida Sec 150 Site,2025-04-05,30,22,
1784,23,Noida Sec 150 Site,06/04/2025,48,37,
1785,23,Noida Sec 150 Site,2025-04-07,47,33,
1786,23,Noida Sec 150 Site,2025-04-08,25,20,
1787,23,Noida Sec 150 Site,2025-04-09,49,36,
1788,23,Noida Sec 150 Site,04-10-2025,32,23,
1789,23,Noida Sec 150 Site,2025-04-11,38,26,
1790,23,Noida Sec 150 Site,2025-04-12,36,28,
1791,23,Noida Sec 150 Site,2025-04-13,35,27,
1792,23,Noida Sec 150 Site,2025-04-14,21,15,
1793,23,Noida Sec 150 Site,2025-04-15,32,25,
1794,23,Noida Sec 150 Site,04-16-2025,44,31,
1795,23,Noida Sec 150 Site,2025-04-17,23,17,
1796,23,Noida Sec 150 Site,2025-04-18,34,24,
1797,23,Noida Sec 150 Site,19/04/2025,20,14,
1798,23,Noida Sec 150 Site,2025-04-20,26,19,
1799,23,Noida Sec 150 Site,21/04/2025,23,16,
1800,23,Noida Sec 150 Site,22/04/2025,39,30,
1801,23,Noida Sec 150 Site,23/04/2025,25,18,
1802,23,Noida Sec 150 Site,2025-04-24,27,19,
1803,23,Noida Sec 150 Site,25/04/2025,50,37,
1804,23,Noida Sec 150 Site,2025-04-26,31,22,
1805,24,Noida Sec 62 Site,2025-03-27,26,22,
1806,24,Noida Sec 62 Site,2025-03-28,44,37,
1807,24,Noida Sec 62 Site,03-29-2025,47,39,
1808,24,Noida Sec 62 Site,2025-03-30,34,28,
1809,24,Noida Sec 62 Site,03-31-2025,24,21,
1810,24,Noida Sec 62 Site,01/04/2025,41,34,
1811,24,Noida Sec 62 Site,2025-04-02,23,20,
1812,24,Noida Sec 62 Site,2025-04-03,45,37,
1813,24,Noida Sec 62 Site,2025-04-04,33,29,
1814,24,Noida Sec 62 Site,05/04/2025,26,21,
1815,24,Noida Sec 62 Site,2025-04-06,50,43,
1816,24,Noida Sec 62 Site,04-07-2025,35,31,
1817,24,Noida Sec 62 Site,2025-04-08,25,21,
1818,24,Noida Sec 62 Site,2025-04-09,24,21,
1819,24,Noida Sec 62 Site,2025-04-10,47,40,
1820,24,Noida Sec 62 Site,2025-04-11,37,32,
1821,24,Noida Sec 62 Site,2025-04-12,45,38,
1822,24,Noida Sec 62 Site,2025-04-13,28,24,
1823,24,Noida Sec 62 Site,2025-04-14,38,30,
1824,24,Noida Sec 62 Site,2025-04-15,23,20,
1825,24,Noida Sec 62 Site,2025-04-16,21,17,
1826,24,Noida Sec 62 Site,2025-04-17,28,24,
1827,24,Noida Sec 62 Site,04-18-2025,40,32,
1828,24,Noida Sec 62 Site,2025-04-19,43,36,
1829,24,Noida Sec 62 Site,2025-04-20,31,26,
1830,24,Noida Sec 62 Site,2025-04-21,37,33,
1831,24,Noida Sec 62 Site,2025-04-22,28,23,
1832,24,Noida Sec 62 Site,2025-04-23,33,27,
1833,24,Noida Sec 62 Site,2025-04-24,47,41,
1834,24,Noida Sec 62 Site,2025-04-25,39,32,
1835,24,Noida Sec 62 Site,2025-04-26,38,33,
1836,24,Noida Sec 62 Site,2025-04-27,37,30,
1837,24,Noida Sec 62 Site,28/04/2025,44,36,
1838,24,Noida Sec 62 Site,29/04/2025,30,26,
1839,24,Noida Sec 62 Site,2025-04-30,35,31,
1840,24,Noida Sec 62 Site,05-01-2025,34,30,
1841,24,Noida Sec 62 Site,02/05/2025,32,27,
1842,24,Noida Sec 62 Site,2025-05-03,34,29,
1843,24,Noida Sec 62 Site,2025-05-04,24,21,
1844,24,Noida Sec 62 Site,05/05/2025,40,35,
1845,24,Noida Sec 62 Site,2025-05-06,30,25,
1846,24,Noida Sec 62 Site,2025-05-07,39,33,
1847,24,Noida Sec 62 Site,2025-05-08,47,42,
1848,24,Noida Sec 62 Site,05-09-2025,22,18,
1849,24,Noida Sec 62 Site,2025-05-10,27,22,
1850,24,Noida Sec 62 Site,2025-05-11,40,33,
1851,24,Noida Sec 62 Site,05-12-2025,28,24,
1852,24,Noida Sec 62 Site,2025-05-13,32,26,
1853,24,Noida Sec 62 Site,2025-05-14,34,30,
1854,24,Noida Sec 62 Site,2025-05-15,50,42,
1855,24,Noida Sec 62 Site,05-16-2025,38,32,
1856,24,Noida Sec 62 Site,2025-05-17,34,28,
1857,24,Noida Sec 62 Site,2025-05-18,25,22,
1858,24,Noida Sec 62 Site,2025-05-19,24,21,
1859,24,Noida Sec 62 Site,2025-05-20,41,34,
1860,24,Noida Sec 62 Site,2025-05-21,43,37,
1861,24,Noida Sec 62 Site,2025-05-22,22,18,
1862,24,Noida Sec 62 Site,2025-05-23,32,26,
1863,24,Noida Sec 62 Site,2025-05-24,22,20,
1864,24,Noida Sec 62 Site,2025-05-25,35,30,
1865,24,Noida Sec 62 Site,26/05/2025,20,17,
1866,24,Noida Sec 62 Site,27/05/2025,36,31,
1867,24,Noida Sec 62 Site,2025-05-28,22,18,
1868,24,Noida Sec 62 Site,2025-05-29,39,32,
1869,24,Noida Sec 62 Site,05-30-2025,40,36,
1870,24,Noida Sec 62 Site,31/05/2025,32,26,
1871,24,Noida Sec 62 Site,2025-06-01,27,23,
1872,24,Noida Sec 62 Site,2025-06-02,34,29,
1873,24,Noida Sec 62 Site,2025-06-03,24,20,
1874,24,Noida Sec 62 Site,2025-06-04,25,20,
1875,24,Noida Sec 62 Site,2025-06-05,41,34,
1876,24,Noida Sec 62 Site,2025-06-06,49,41,
1877,24,Noida Sec 62 Site,2025-06-07,35,29,
1878,25,Noida Express Way Site,2025-02-13,37,31,
1879,25,Noida Express Way Site,2025-02-14,37,29,
1880,25,Noida Express Way Site,2025-02-15,50,41,
1881,25,Noida Express Way Site,2025-02-16,25,20,
1882,25,Noida Express Way Site,2025-02-17,34,28,
1883,25,Noida Express Way Site,2025-02-18,40,34,
1884,25,Noida Express Way Site,2025-02-19,33,27,
1885,25,Noida Express Way Site,2025-02-20,40,32,
1886,25,Noida Express Way Site,2025-02-21,49,39,
1887,25,Noida Express Way Site,2025-02-22,37,29,
1888,25,Noida Express Way Site,2025-02-23,22,18,
1889,25,Noida Express Way Site,2025-02-24,31,25,
1890,25,Noida Express Way Site,2025-02-25,24,19,
1891,25,Noida Express Way Site,02-26-2025,20,16,
1892,25,Noida Express Way Site,2025-02-27,44,37,
1893,25,Noida Express Way Site,2025-02-28,31,24,
1894,25,Noida Express Way Site,2025-03-01,37,28,
1895,25,Noida Express Way Site,2025-03-02,49,39,
1896,25,Noida Express Way Site,2025-03-03,44,35,
1897,25,Noida Express Way Site,2025-03-04,20,17,
1898,25,Noida Express Way Site,2025-03-05,45,35,
1899,25,Noida Express Way Site,2025-03-06,27,22,
1900,25,Noida Express Way Site,2025-03-07,37,29,
1901,25,Noida Express Way Site,2025-03-08,33,28,
1902,25,Noida Express Way Site,2025-03-09,33,26,
1903,25,Noida Express Way Site,03-10-2025,25,21,
1904,25,Noida Express Way Site,11/03/2025,40,32,
1905,25,Noida Express Way Site,2025-03-12,32,25,
1906,25,Noida Express Way Site,2025-03-13,22,17,
1907,25,Noida Express Way Site,2025-03-14,27,22,
1908,25,Noida Express Way Site,2025-03-15,45,38,
1909,25,Noida Express Way Site,2025-03-16,45,37,
1910,25,Noida Express Way Site,2025-03-17,28,22,
1911,25,Noida Express Way Site,18/03/2025,43,35,
1912,25,Noida Express Way Site,2025-03-19,28,22,
1913,25,Noida Express Way Site,03-20-2025,47,36,
1914,25,Noida Express Way Site,2025-03-21,24,19,
1915,25,Noida Express Way Site,2025-03-22,40,32,
1916,25,Noida Express Way Site,23/03/2025,34,27,
1917,25,Noida Express Way Site,03-24-2025,39,31,
1918,25,Noida Express Way Site,03-25-2025,30,23,
1919,25,Noida Express Way Site,03-26-2025,21,18,
1920,25,Noida Express Way Site,2025-03-27,20,15,
1921,25,Noida Express Way Site,2025-03-28,23,18,
1922,25,Noida Express Way Site,03-29-2025,24,20,
1923,25,Noida Express Way Site,2025-03-30,43,32,
1924,25,Noida Express Way Site,2025-03-31,22,17,
1925,25,Noida Express Way Site,2025-04-01,35,27,
1926,25,Noida Express Way Site,2025-04-02,33,26,
1927,25,Noida Express Way Site,03/04/2025,45,36,
1928,25,Noida Express Way Site,2025-04-04,31,25,
1929,25,Noida Express Way Site,2025-04-05,45,34,
1930,25,Noida Express Way Site,2025-04-06,22,18,
1931,25,Noida Express Way Site,2025-04-07,50,38,
1932,25,Noida Express Way Site,2025-04-08,28,23,
1933,25,Noida Express Way Site,2025-04-09,22,18,
1934,25,Noida Express Way Site,2025-04-10,25,19,
1935,25,Noida Express Way Site,11/04/2025,46,36,
1936,25,Noida Express Way Site,2025-04-12,32,27,
1937,25,Noida Express Way Site,04-13-2025,23,20,
1938,25,Noida Express Way Site,2025-04-14,42,33,
1939,25,Noida Express Way Site,15/04/2025,44,37,
1940,25,Noida Express Way Site,2025-04-16,27,22,
1941,25,Noida Express Way Site,17/04/2025,21,16,
1942,25,Noida Express Way Site,2025-04-18,43,36,
1943,25,Noida Express Way Site,04-19-2025,36,29,
1944,25,Noida Express Way Site,20/04/2025,26,21,
1945,25,Noida Express Way Site,2025-04-21,41,35,
1946,25,Noida Express Way Site,04-22-2025,49,38,
1947,25,Noida Express Way Site,2025-04-23,40,33,
1948,25,Noida Express Way Site,04-24-2025,43,36,
1949,25,Noida Express Way Site,2025-04-25,36,28,
1950,25,Noida Express Way Site,04-26-2025,35,29,
1951,25,Noida Express Way Site,2025-04-27,26,20,
1952,25,Noida Express Way Site,04-28-2025,21,18,
1953,25,Noida Express Way Site,2025-04-29,26,22,
1954,25,Noida Express Way Site,30/04/2025,27,22,
1955,25,Noida Express Way Site,2025-05-01,30,23,
1956,25,Noida Express Way Site,2025-05-02,45,35,
1957,25,Noida Express Way Site,05-03-2025,23,18,
1958,25,Noida Express Way Site,2025-05-04,27,20,
1959,25,Noida Express Way Site,2025-05-05,21,17,
1960,25,Noida Express Way Site,2025-05-06,42,34,
1961,25,Noida Express Way Site,2025-05-07,39,30,
1962,25,Noida Express Way Site,05-08-2025,44,33,
1963,25,Noida Express Way Site,05-09-2025,25,20,
1964,25,Noida Express Way Site,10/05/2025,41,33,
1965,26,Greater Noida Depot,2025-01-09,44,33,
1966,26,Greater Noida Depot,2025-01-10,21,15,
1967,26,Greater Noida Depot,2025-01-11,24,18,
1968,26,Greater Noida Depot,01-12-2025,45,32,
1969,26,Greater Noida Depot,01-13-2025,35,25,
1970,26,Greater Noida Depot,2025-01-14,37,29,
1971,26,Greater Noida Depot,2025-01-15,44,32,
1972,26,Greater Noida Depot,01-16-2025,48,36,
1973,26,Greater Noida Depot,2025-01-17,26,18,
1974,26,Greater Noida Depot,2025-01-18,32,23,
1975,26,Greater Noida Depot,2025-01-19,24,17,
1976,26,Greater Noida Depot,2025-01-20,21,16,
1977,26,Greater Noida Depot,2025-01-21,34,26,
1978,26,Greater Noida Depot,2025-01-22,37,28,
1979,26,Greater Noida Depot,2025-01-23,26,20,
1980,26,Greater Noida Depot,2025-01-24,37,27,
1981,26,Greater Noida Depot,2025-01-25,43,32,
1982,26,Greater Noida Depot,2025-01-26,47,37,
1983,26,Greater Noida Depot,2025-01-27,49,38,
1984,26,Greater Noida Depot,28/01/2025,25,18,
1985,26,Greater Noida Depot,29/01/2025,24,18,
1986,26,Greater Noida Depot,30/01/2025,46,33,
1987,26,Greater Noida Depot,01-31-2025,31,23,
1988,26,Greater Noida Depot,2025-02-01,44,34,
1989,26,Greater Noida Depot,2025-02-02,32,25,
1990,26,Greater Noida Depot,02-03-2025,48,34,
1991,26,Greater Noida Depot,2025-02-04,47,35,
1992,26,Greater Noida Depot,2025-02-05,39,28,
1993,26,Greater Noida Depot,2025-02-06,43,30,
1994,26,Greater Noida Depot,2025-02-07,50,38,
1995,26,Greater Noida Depot,2025-02-08,32,23,
1996,26,Greater Noida Depot,02-09-2025,41,31,
1997,26,Greater Noida Depot,2025-02-10,37,26,
1998,26,Greater Noida Depot,2025-02-11,29,21,
1999,26,Greater Noida Depot,02-12-2025,40,29,
2000,26,Greater Noida Depot,02-13-2025,23,17,
2001,26,Greater Noida Depot,2025-02-14,22,15,
2002,26,Greater Noida Depot,02-15-2025,50,36,
2003,26,Greater Noida Depot,2025-02-16,47,33,
2004,26,Greater Noida Depot,2025-02-17,23,17,
2005,26,Greater Noida Depot,2025-02-18,23,16,
2006,26,Greater Noida Depot,02-19-2025,40,31,
2007,26,Greater Noida Depot,2025-02-20,41,31,
2008,26,Greater Noida Depot,02-21-2025,39,30,
2009,26,Greater Noida Depot,2025-02-22,28,20,
2010,26,Greater Noida Depot,2025-02-23,27,20,
2011,26,Greater Noida Depot,2025-02-24,22,15,
2012,26,Greater Noida Depot,2025-02-25,49,35,
2013,26,Greater Noida Depot,02-26-2025,35,28,
2014,26,Greater Noida Depot,2025-02-27,46,32,
2015,26,Greater Noida Depot,2025-02-28,45,34,
2016,26,Greater Noida Depot,2025-03-01,31,23,
2017,26,Greater Noida Depot,03-02-2025,50,39,
2018,26,Greater Noida Depot,03/03/2025,46,34,
2019,26,Greater Noida Depot,04/03/2025,42,30,
2020,26,Greater Noida Depot,2025-03-05,39,28,
2021,26,Greater Noida Depot,2025-03-06,21,16,
2022,26,Greater Noida Depot,2025-03-07,46,34,
2023,26,Greater Noida Depot,2025-03-08,50,36,
2024,26,Greater Noida Depot,09/03/2025,36,25,
2025,26,Greater Noida Depot,10/03/2025,43,31,
2026,26,Greater Noida Depot,2025-03-11,32,23,
2027,26,Greater Noida Depot,2025-03-12,36,27,
2028,26,Greater Noida Depot,2025-03-13,38,29,
2029,26,Greater Noida Depot,03-14-2025,25,19,
2030,26,Greater Noida Depot,2025-03-15,37,27,
2031,26,Greater Noida Depot,2025-03-16,23,18,
2032,26,Greater Noida Depot,2025-03-17,38,28,
2033,26,Greater Noida Depot,2025-03-18,34,26,
2034,26,Greater Noida Depot,2025-03-19,33,26,
2035,26,Greater Noida Depot,03-20-2025,25,19,
2036,26,Greater Noida Depot,03-21-2025,37,27,
2037,26,Greater Noida Depot,2025-03-22,30,23,
2038,26,Greater Noida Depot,2025-03-23,37,30,
2039,26,Greater Noida Depot,2025-03-24,34,27,
2040,26,Greater Noida Depot,25/03/2025,48,35,
2041,26,Greater Noida Depot,26/03/2025,30,23,
2042,26,Greater Noida Depot,27/03/2025,33,26,
2043,26,Greater Noida Depot,2025-03-28,33,26,
2044,26,Greater Noida Depot,03-29-2025,30,23,
2045,26,Greater Noida Depot,2025-03-30,38,29,
2046,26,Greater Noida Depot,2025-03-31,32,25,
2047,26,Greater Noida Depot,01/04/2025,49,38,
2048,26,Greater Noida Depot,04-02-2025,31,25,
2049,26,Greater Noida Depot,2025-04-03,34,27,
2050,26,Greater Noida Depot,2025-04-04,20,15,
2051,26,Greater Noida Depot,2025-04-05,29,22,
2052,26,Greater Noida Depot,06/04/2025,36,26,
2053,26,Greater Noida Depot,07/04/2025,48,35,
2054,27,Noida Sec 150 Site,2025-01-17,27,21,
2055,27,Noida Sec 150 Site,2025-01-18,30,23,
2056,27,Noida Sec 150 Site,2025-01-19,46,39,
2057,27,Noida Sec 150 Site,2025-01-20,46,36,
2058,27,Noida Sec 150 Site,2025-01-21,37,30,
2059,27,Noida Sec 150 Site,2025-01-22,38,32,
2060,27,Noida Sec 150 Site,2025-01-23,24,18,
2061,27,Noida Sec 150 Site,2025-01-24,34,27,
2062,27,Noida Sec 150 Site,2025-01-25,24,19,
2063,27,Noida Sec 150 Site,01-26-2025,48,39,
2064,27,Noida Sec 150 Site,2025-01-27,27,21,
2065,27,Noida Sec 150 Site,2025-01-28,29,22,
2066,27,Noida Sec 150 Site,29/01/2025,32,26,
2067,27,Noida Sec 150 Site,2025-01-30,26,22,
2068,27,Noida Sec 150 Site,31/01/2025,43,34,
2069,27,Noida Sec 150 Site,2025-02-01,35,27,
2070,27,Noida Sec 150 Site,2025-02-02,46,39,
2071,27,Noida Sec 150 Site,2025-02-03,42,34,
2072,27,Noida Sec 150 Site,02-04-2025,49,37,
2073,27,Noida Sec 150 Site,2025-02-05,40,31,
2074,27,Noida Sec 150 Site,2025-02-06,43,36,
2075,27,Noida Sec 150 Site,07/02/2025,32,24,
2076,27,Noida Sec 150 Site,2025-02-08,21,18,
2077,27,Noida Sec 150 Site,2025-02-09,30,24,
2078,27,Noida Sec 150 Site,2025-02-10,46,37,
2079,27,Noida Sec 150 Site,2025-02-11,49,41,
2080,27,Noida Sec 150 Site,02-12-2025,47,39,
2081,27,Noida Sec 150 Site,2025-02-13,43,35,
2082,27,Noida Sec 150 Site,14/02/2025,39,33,
2083,27,Noida Sec 150 Site,02-15-2025,40,33,
2084,27,Noida Sec 150 Site,2025-02-16,32,24,
2085,27,Noida Sec 150 Site,02-17-2025,36,27,
2086,27,Noida Sec 150 Site,2025-02-18,37,30,
2087,27,Noida Sec 150 Site,2025-02-19,30,24,
2088,27,Noida Sec 150 Site,2025-02-20,27,21,
2089,27,Noida Sec 150 Site,2025-02-21,41,34,
2090,27,Noida Sec 150 Site,2025-02-22,32,27,
2091,27,Noida Sec 150 Site,2025-02-23,44,36,
2092,27,Noida Sec 150 Site,2025-02-24,36,27,
2093,27,Noida Sec 150 Site,2025-02-25,33,26,
2094,27,Noida Sec 150 Site,26/02/2025,32,25,
2095,27,Noida Sec 150 Site,2025-02-27,30,23,
2096,27,Noida Sec 150 Site,2025-02-28,38,32,
2097,27,Noida Sec 150 Site,2025-03-01,37,29,
2098,27,Noida Sec 150 Site,02/03/2025,22,17,
2099,27,Noida Sec 150 Site,2025-03-03,33,27,
2100,27,Noida Sec 150 Site,2025-03-04,24,20,
2101,27,Noida Sec 150 Site,05/03/2025,35,28,
2102,27,Noida Sec 150 Site,06/03/2025,35,28,
2103,27,Noida Sec 150 Site,2025-03-07,38,29,
2104,27,Noida Sec 150 Site,2025-03-08,39,33,
2105,27,Noida Sec 150 Site,2025-03-09,36,28,
2106,27,Noida Sec 150 Site,2025-03-10,22,17,
2107,27,Noida Sec 150 Site,2025-03-11,33,26,
2108,27,Noida Sec 150 Site,2025-03-12,49,40,
2109,27,Noida Sec 150 Site,2025-03-13,23,19,
2110,27,Noida Sec 150 Site,2025-03-14,33,26,
2111,27,Noida Sec 150 Site,03-15-2025,26,20,
2112,27,Noida Sec 150 Site,2025-03-16,39,32,
2113,27,Noida Sec 150 Site,2025-03-17,44,35,
2114,27,Noida Sec 150 Site,2025-03-18,31,25,
2115,27,Noida Sec 150 Site,2025-03-19,45,36,
2116,27,Noida Sec 150 Site,03-20-2025,24,19,
2117,27,Noida Sec 150 Site,03-21-2025,49,41,
2118,27,Noida Sec 150 Site,03-22-2025,26,21,
2119,27,Noida Sec 150 Site,03-23-2025,24,20,
2120,27,Noida Sec 150 Site,2025-03-24,47,36,
2121,27,Noida Sec 150 Site,2025-03-25,43,33,
2122,27,Noida Sec 150 Site,2025-03-26,50,41,
2123,28,Noida Sec 62 Site,2025-03-26,47,41,
2124,28,Noida Sec 62 Site,2025-03-27,29,23,
2125,28,Noida Sec 62 Site,2025-03-28,42,37,
2126,28,Noida Sec 62 Site,2025-03-29,29,24,
2127,28,Noida Sec 62 Site,03-30-2025,20,17,
2128,28,Noida Sec 62 Site,2025-03-31,43,37,
2129,28,Noida Sec 62 Site,2025-04-01,26,22,
2130,28,Noida Sec 62 Site,04-02-2025,44,36,
2131,28,Noida Sec 62 Site,03/04/2025,35,30,
2132,28,Noida Sec 62 Site,04-04-2025,24,21,
2133,28,Noida Sec 62 Site,05/04/2025,41,33,
2134,28,Noida Sec 62 Site,06/04/2025,38,34,
2135,28,Noida Sec 62 Site,2025-04-07,36,29,
2136,28,Noida Sec 62 Site,2025-04-08,25,20,
2137,28,Noida Sec 62 Site,04-09-2025,26,23,
2138,28,Noida Sec 62 Site,2025-04-10,39,32,
2139,28,Noida Sec 62 Site,2025-04-11,34,29,
2140,28,Noida Sec 62 Site,04-12-2025,20,16,
2141,28,Noida Sec 62 Site,2025-04-13,41,34,
2142,28,Noida Sec 62 Site,2025-04-14,47,42,
2143,28,Noida Sec 62 Site,15/04/2025,31,27,
2144,28,Noida Sec 62 Site,2025-04-16,20,17,
2145,28,Noida Sec 62 Site,2025-04-17,48,41,
2146,28,Noida Sec 62 Site,2025-04-18,27,24,
2147,28,Noida Sec 62 Site,19/04/2025,36,32,
2148,28,Noida Sec 62 Site,2025-04-20,23,20,
2149,28,Noida Sec 62 Site,2025-04-21,35,31,
2150,28,Noida Sec 62 Site,2025-04-22,37,30,
2151,28,Noida Sec 62 Site,2025-04-23,26,22,
2152,28,Noida Sec 62 Site,2025-04-24,34,29,
2153,28,Noida Sec 62 Site,2025-04-25,42,34,
2154,28,Noida Sec 62 Site,26/04/2025,27,24,
2155,28,Noida Sec 62 Site,2025-04-27,29,24,
2156,28,Noida Sec 62 Site,2025-04-28,32,28,
2157,28,Noida Sec 62 Site,04-29-2025,20,17,
2158,28,Noida Sec 62 Site,2025-04-30,31,26,
2159,28,Noida Sec 62 Site,05-01-2025,29,24,
2160,28,Noida Sec 62 Site,2025-05-02,36,30,
2161,28,Noida Sec 62 Site,2025-05-03,21,18,
2162,28,Noida Sec 62 Site,2025-05-04,48,40,
2163,28,Noida Sec 62 Site,2025-05-05,46,41,
2164,28,Noida Sec 62 Site,2025-05-06,50,43,
2165,28,Noida Sec 62 Site,07/05/2025,28,23,
2166,28,Noida Sec 62 Site,2025-05-08,30,27,
2167,28,Noida Sec 62 Site,2025-05-09,41,33,
2168,28,Noida Sec 62 Site,2025-05-10,43,36,
2169,28,Noida Sec 62 Site,2025-05-11,50,43,
2170,28,Noida Sec 62 Site,2025-05-12,47,40,
2171,28,Noida Sec 62 Site,2025-05-13,27,23,
2172,28,Noida Sec 62 Site,2025-05-14,38,31,
2173,28,Noida Sec 62 Site,05-15-2025,29,26,
2174,28,Noida Sec 62 Site,05-16-2025,30,25,
2175,28,Noida Sec 62 Site,2025-05-17,24,20,
2176,28,Noida Sec 62 Site,2025-05-18,24,21,
2177,28,Noida Sec 62 Site,2025-05-19,41,36,
2178,28,Noida Sec 62 Site,05-20-2025,47,38,
2179,28,Noida Sec 62 Site,05-21-2025,42,37,
2180,28,Noida Sec 62 Site,2025-05-22,36,32,
2181,28,Noida Sec 62 Site,2025-05-23,33,30,
2182,28,Noida Sec 62 Site,2025-05-24,44,36,
2183,28,Noida Sec 62 Site,25/05/2025,49,42,
2184,28,Noida Sec 62 Site,05-26-2025,25,21,
2185,28,Noida Sec 62 Site,05-27-2025,37,32,
2186,28,Noida Sec 62 Site,2025-05-28,43,35,
2187,29,Noida Express Way Site,03-24-2025,46,44,
2188,29,Noida Express Way Site,2025-03-25,43,37,
2189,29,Noida Express Way Site,2025-03-26,30,28,
2190,29,Noida Express Way Site,2025-03-27,33,31,
2191,29,Noida Express Way Site,28/03/2025,29,26,
2192,29,Noida Express Way Site,03-29-2025,49,46,
2193,29,Noida Express Way Site,03-30-2025,40,38,
2194,29,Noida Express Way Site,2025-03-31,28,24,
2195,29,Noida Express Way Site,2025-04-01,26,23,
2196,29,Noida Express Way Site,02/04/2025,25,22,
2197,29,Noida Express Way Site,03/04/2025,39,36,
2198,29,Noida Express Way Site,04-04-2025,39,36,
2199,29,Noida Express Way Site,2025-04-05,27,25,
2200,29,Noida Express Way Site,2025-04-06,27,25,
2201,29,Noida Express Way Site,07/04/2025,31,27,
2202,29,Noida Express Way Site,2025-04-08,44,40,
2203,29,Noida Express Way Site,2025-04-09,36,34,
2204,29,Noida Express Way Site,2025-04-10,35,33,
2205,29,Noida Express Way Site,2025-04-11,31,27,
2206,29,Noida Express Way Site,2025-04-12,32,29,
2207,29,Noida Express Way Site,13/04/2025,24,21,
2208,29,Noida Express Way Site,2025-04-14,27,23,
2209,29,Noida Express Way Site,2025-04-15,44,42,
2210,29,Noida Express Way Site,2025-04-16,49,43,
2211,29,Noida Express Way Site,17/04/2025,33,29,
2212,29,Noida Express Way Site,04-18-2025,41,39,
2213,29,Noida Express Way Site,19/04/2025,44,39,
2214,29,Noida Express Way Site,20/04/2025,25,24,
2215,29,Noida Express Way Site,2025-04-21,34,32,
2216,29,Noida Express Way Site,22/04/2025,35,32,
2217,29,Noida Express Way Site,2025-04-23,47,42,
2218,29,Noida Express Way Site,2025-04-24,27,24,
2219,29,Noida Express Way Site,25/04/2025,44,38,
2220,29,Noida Express Way Site,2025-04-26,43,40,
2221,29,Noida Express Way Site,2025-04-27,43,38,
2222,29,Noida Express Way Site,2025-04-28,39,37,
2223,29,Noida Express Way Site,04-29-2025,38,35,
2224,29,Noida Express Way Site,2025-04-30,36,33,
2225,29,Noida Express Way Site,2025-05-01,42,39,
2226,29,Noida Express Way Site,2025-05-02,36,31,
2227,29,Noida Express Way Site,05-03-2025,34,32,
2228,29,Noida Express Way Site,2025-05-04,21,20,
2229,29,Noida Express Way Site,05-05-2025,27,25,
2230,29,Noida Express Way Site,06/05/2025,32,31,
2231,29,Noida Express Way Site,2025-05-07,21,19,
2232,29,Noida Express Way Site,2025-05-08,36,34,
2233,29,Noida Express Way Site,09/05/2025,50,43,
2234,29,Noida Express Way Site,2025-05-10,29,26,
2235,29,Noida Express Way Site,11/05/2025,48,43,
2236,29,Noida Express Way Site,05-12-2025,46,41,
2237,29,Noida Express Way Site,2025-05-13,25,23,
2238,29,Noida Express Way Site,2025-05-14,39,37,
2239,29,Noida Express Way Site,15/05/2025,42,38,
2240,29,Noida Express Way Site,2025-05-16,24,22,
2241,29,Noida Express Way Site,17/05/2025,40,36,
2242,29,Noida Express Way Site,2025-05-18,43,39,
2243,29,Noida Express Way Site,19/05/2025,25,23,
2244,29,Noida Express Way Site,2025-05-20,50,47,
2245,29,Noida Express Way Site,05-21-2025,37,32,
2246,29,Noida Express Way Site,2025-05-22,33,29,
2247,29,Noida Express Way Site,2025-05-23,20,18,
2248,29,Noida Express Way Site,2025-05-24,38,36,
2249,29,Noida Express Way Site,2025-05-25,48,42,
2250,29,Noida Express Way Site,26/05/2025,34,29,
2251,29,Noida Express Way Site,05-27-2025,30,28,
2252,29,Noida Express Way Site,28/05/2025,49,46,
2253,29,Noida Express Way Site,29/05/2025,25,23,
2254,29,Noida Express Way Site,2025-05-30,23,20,
2255,29,Noida Express Way Site,2025-05-31,42,38,
2256,29,Noida Express Way Site,2025-06-01,31,27,
2257,30,Greater Noida Depot,25/01/2025,32,27,
2258,30,Greater Noida Depot,2025-01-26,36,30,
2259,30,Greater Noida Depot,2025-01-27,25,20,
2260,30,Greater Noida Depot,2025-01-28,32,25,
2261,30,Greater Noida Depot,2025-01-29,25,22,
2262,30,Greater Noida Depot,01-30-2025,38,33,
2263,30,Greater Noida Depot,2025-01-31,47,37,
2264,30,Greater Noida Depot,2025-02-01,47,37,
2265,30,Greater Noida Depot,2025-02-02,44,37,
2266,30,Greater Noida Depot,02-03-2025,33,27,
2267,30,Greater Noida Depot,2025-02-04,43,37,
2268,30,Greater Noida Depot,2025-02-05,34,28,
2269,30,Greater Noida Depot,2025-02-06,25,20,
2270,30,Greater Noida Depot,2025-02-07,24,21,
2271,30,Greater Noida Depot,08/02/2025,20,17,
2272,30,Greater Noida Depot,2025-02-09,28,22,
2273,30,Greater Noida Depot,2025-02-10,35,30,
2274,30,Greater Noida Depot,2025-02-11,37,32,
2275,30,Greater Noida Depot,2025-02-12,39,34,
2276,30,Greater Noida Depot,2025-02-13,27,22,
2277,30,Greater Noida Depot,14/02/2025,41,34,
2278,30,Greater Noida Depot,15/02/2025,33,27,
2279,30,Greater Noida Depot,2025-02-16,39,33,
2280,30,Greater Noida Depot,17/02/2025,27,23,
2281,30,Greater Noida Depot,2025-02-18,28,24,
2282,30,Greater Noida Depot,2025-02-19,37,32,
2283,30,Greater Noida Depot,2025-02-20,26,20,
2284,30,Greater Noida Depot,2025-02-21,24,19,
2285,30,Greater Noida Depot,2025-02-22,31,24,
2286,30,Greater Noida Depot,2025-02-23,47,37,
2287,30,Greater Noida Depot,24/02/2025,38,33,
2288,30,Greater Noida Depot,2025-02-25,29,24,
2289,30,Greater Noida Depot,2025-02-26,22,17,
2290,30,Greater Noida Depot,02-27-2025,33,29,
2291,30,Greater Noida Depot,28/02/2025,25,21,
2292,30,Greater Noida Depot,2025-03-01,39,33,
2293,30,Greater Noida Depot,03-02-2025,42,35,
2294,30,Greater Noida Depot,2025-03-03,45,38,
2295,30,Greater Noida Depot,2025-03-04,50,41,
2296,30,Greater Noida Depot,2025-03-05,38,31,
2297,30,Greater Noida Depot,2025-03-06,21,17,
2298,30,Greater Noida Depot,2025-03-07,29,24,
2299,30,Greater Noida Depot,2025-03-08,48,39,
2300,30,Greater Noida Depot,2025-03-09,22,19,
2301,30,Greater Noida Depot,2025-03-10,46,38,
2302,30,Greater Noida Depot,2025-03-11,29,24,
2303,30,Greater Noida Depot,03-12-2025,23,20,
2304,30,Greater Noida Depot,2025-03-13,28,23,
2305,30,Greater Noida Depot,2025-03-14,33,27,
2306,30,Greater Noida Depot,2025-03-15,42,34,
2307,30,Greater Noida Depot,2025-03-16,21,17,
2308,30,Greater Noida Depot,2025-03-17,43,38,
2309,30,Greater Noida Depot,2025-03-18,36,32,
2310,30,Greater Noida Depot,2025-03-19,35,30,
2311,30,Greater Noida Depot,2025-03-20,39,34,
2312,30,Greater Noida Depot,2025-03-21,42,34,
2313,30,Greater Noida Depot,2025-03-22,39,34,
2314,30,Greater Noida Depot,2025-03-23,28,23,
2315,30,Greater Noida Depot,2025-03-24,39,32,
2316,30,Greater Noida Depot,03-25-2025,24,20,
2317,30,Greater Noida Depot,26/03/2025,35,29,
2318,30,Greater Noida Depot,2025-03-27,40,33,
2319,30,Greater Noida Depot,28/03/2025,45,36,
2320,30,Greater Noida Depot,2025-03-29,39,31,
2321,30,Greater Noida Depot,2025-03-30,29,25,
2322,30,Greater Noida Depot,2025-03-31,20,16,
2323,30,Greater Noida Depot,01/04/2025,34,29,
2324,30,Greater Noida Depot,2025-04-02,23,20,
2325,30,Greater Noida Depot,2025-04-03,26,22,
2326,30,Greater Noida Depot,2025-04-04,33,27,
2327,30,Greater Noida Depot,2025-04-05,30,24,
2328,30,Greater Noida Depot,04-06-2025,45,38,
2329,30,Greater Noida Depot,07/04/2025,20,17,
2330,30,Greater Noida Depot,2025-04-08,42,34,
2331,30,Greater Noida Depot,2025-04-09,45,35,
2332,30,Greater Noida Depot,2025-04-10,29,24,
2333,30,Greater Noida Depot,04-11-2025,30,26,
2334,30,Greater Noida Depot,2025-04-12,23,20,
2335,30,Greater Noida Depot,13/04/2025,30,25,
2336,30,Greater Noida Depot,14/04/2025,38,32,
2337,30,Greater Noida Depot,2025-04-15,20,17,
2338,30,Greater Noida Depot,2025-04-16,26,21,
2339,31,Noida Sec 150 Site,2025-02-26,49,45,
2340,31,Noida Sec 150 Site,27/02/2025,49,44,
2341,31,Noida Sec 150 Site,2025-02-28,21,19,
2342,31,Noida Sec 150 Site,2025-03-01,35,30,
2343,31,Noida Sec 150 Site,2025-03-02,34,32,
2344,31,Noida Sec 150 Site,2025-03-03,37,35,
2345,31,Noida Sec 150 Site,04/03/2025,34,32,
2346,31,Noida Sec 150 Site,2025-03-05,33,31,
2347,31,Noida Sec 150 Site,2025-03-06,21,20,
2348,31,Noida Sec 150 Site,07/03/2025,29,26,
2349,31,Noida Sec 150 Site,2025-03-08,41,36,
2350,31,Noida Sec 150 Site,09/03/2025,37,32,
2351,31,Noida Sec 150 Site,10/03/2025,38,35,
2352,31,Noida Sec 150 Site,2025-03-11,45,42,
2353,31,Noida Sec 150 Site,2025-03-12,45,40,
2354,31,Noida Sec 150 Site,13/03/2025,24,21,
2355,31,Noida Sec 150 Site,03-14-2025,20,18,
2356,31,Noida Sec 150 Site,2025-03-15,32,29,
2357,31,Noida Sec 150 Site,2025-03-16,46,40,
2358,31,Noida Sec 150 Site,2025-03-17,39,35,
2359,31,Noida Sec 150 Site,03-18-2025,39,34,
2360,31,Noida Sec 150 Site,2025-03-19,45,42,
2361,31,Noida Sec 150 Site,2025-03-20,42,39,
2362,31,Noida Sec 150 Site,2025-03-21,42,36,
2363,31,Noida Sec 150 Site,2025-03-22,33,28,
2364,31,Noida Sec 150 Site,03-23-2025,48,42,
2365,31,Noida Sec 150 Site,03-24-2025,34,32,
2366,31,Noida Sec 150 Site,2025-03-25,29,25,
2367,31,Noida Sec 150 Site,26/03/2025,29,25,
2368,31,Noida Sec 150 Site,2025-03-27,31,29,
2369,31,Noida Sec 150 Site,2025-03-28,44,38,
2370,31,Noida Sec 150 Site,29/03/2025,22,20,
2371,31,Noida Sec 150 Site,2025-03-30,20,19,
2372,31,Noida Sec 150 Site,2025-03-31,48,43,
2373,31,Noida Sec 150 Site,2025-04-01,26,23,
2374,31,Noida Sec 150 Site,2025-04-02,35,32,
2375,31,Noida Sec 150 Site,2025-04-03,36,32,
2376,31,Noida Sec 150 Site,2025-04-04,30,26,
2377,31,Noida Sec 150 Site,2025-04-05,47,40,
2378,31,Noida Sec 150 Site,2025-04-06,50,45,
2379,31,Noida Sec 150 Site,2025-04-07,24,21,
2380,31,Noida Sec 150 Site,04-08-2025,21,19,
2381,31,Noida Sec 150 Site,2025-04-09,42,39,
2382,31,Noida Sec 150 Site,2025-04-10,23,20,
2383,31,Noida Sec 150 Site,2025-04-11,49,42,
2384,31,Noida Sec 150 Site,12/04/2025,47,43,
2385,31,Noida Sec 150 Site,04-13-2025,22,19,
2386,31,Noida Sec 150 Site,2025-04-14,48,41,
2387,31,Noida Sec 150 Site,04-15-2025,36,33,
2388,31,Noida Sec 150 Site,04-16-2025,43,38,
2389,31,Noida Sec 150 Site,2025-04-17,38,35,
2390,31,Noida Sec 150 Site,2025-04-18,40,38,
2391,31,Noida Sec 150 Site,2025-04-19,30,26,
2392,31,Noida Sec 150 Site,2025-04-20,29,25,
2393,31,Noida Sec 150 Site,2025-04-21,30,28,
2394,31,Noida Sec 150 Site,2025-04-22,41,35,
2395,31,Noida Sec 150 Site,2025-04-23,24,21,
2396,31,Noida Sec 150 Site,2025-04-24,23,20,
2397,31,Noida Sec 150 Site,04-25-2025,39,35,
2398,31,Noida Sec 150 Site,2025-04-26,23,20,
2399,31,Noida Sec 150 Site,2025-04-27,31,28,
2400,31,Noida Sec 150 Site,04-28-2025,28,24,
2401,31,Noida Sec 150 Site,29/04/2025,42,39,
2402,31,Noida Sec 150 Site,30/04/2025,38,33,
2403,31,Noida Sec 150 Site,2025-05-01,22,19,
2404,31,Noida Sec 150 Site,2025-05-02,48,42,
2405,31,Noida Sec 150 Site,03/05/2025,34,29,
2406,31,Noida Sec 150 Site,05-04-2025,20,18,
2407,31,Noida Sec 150 Site,2025-05-05,41,35,
2408,31,Noida Sec 150 Site,06/05/2025,32,27,
2409,32,Noida Sec 62 Site,2025-01-31,32,26,
2410,32,Noida Sec 62 Site,2025-02-01,39,34,
2411,32,Noida Sec 62 Site,2025-02-02,40,35,
2412,32,Noida Sec 62 Site,2025-02-03,42,35,
2413,32,Noida Sec 62 Site,2025-02-04,31,25,
2414,32,Noida Sec 62 Site,05/02/2025,46,37,
2415,32,Noida Sec 62 Site,02-06-2025,44,38,
2416,32,Noida Sec 62 Site,2025-02-07,37,29,
2417,32,Noida Sec 62 Site,2025-02-08,49,42,
2418,32,Noida Sec 62 Site,2025-02-09,34,29,
2419,32,Noida Sec 62 Site,2025-02-10,22,19,
2420,32,Noida Sec 62 Site,11/02/2025,49,42,
2421,32,Noida Sec 62 Site,2025-02-12,23,19,
2422,32,Noida Sec 62 Site,2025-02-13,41,35,
2423,32,Noida Sec 62 Site,14/02/2025,44,37,
2424,32,Noida Sec 62 Site,2025-02-15,27,24,
2425,32,Noida Sec 62 Site,02-16-2025,24,21,
2426,32,Noida Sec 62 Site,2025-02-17,39,32,
2427,32,Noida Sec 62 Site,02-18-2025,31,26,
2428,32,Noida Sec 62 Site,2025-02-19,42,37,
2429,32,Noida Sec 62 Site,2025-02-20,30,26,
2430,32,Noida Sec 62 Site,2025-02-21,48,39,
2431,32,Noida Sec 62 Site,2025-02-22,35,28,
2432,32,Noida Sec 62 Site,23/02/2025,35,28,
2433,32,Noida Sec 62 Site,2025-02-24,35,29,
2434,32,Noida Sec 62 Site,2025-02-25,25,20,
2435,32,Noida Sec 62 Site,26/02/2025,31,26,
2436,32,Noida Sec 62 Site,2025-02-27,24,20,
2437,32,Noida Sec 62 Site,02-28-2025,32,28,
2438,32,Noida Sec 62 Site,2025-03-01,45,36,
2439,32,Noida Sec 62 Site,2025-03-02,37,32,
2440,32,Noida Sec 62 Site,2025-03-03,45,37,
2441,32,Noida Sec 62 Site,2025-03-04,34,28,
2442,32,Noida Sec 62 Site,03-05-2025,33,27,
2443,32,Noida Sec 62 Site,03-06-2025,27,23,
2444,32,Noida Sec 62 Site,2025-03-07,35,29,
2445,32,Noida Sec 62 Site,2025-03-08,30,24,
2446,32,Noida Sec 62 Site,09/03/2025,42,36,
2447,32,Noida Sec 62 Site,2025-03-10,45,40,
2448,32,Noida Sec 62 Site,2025-03-11,38,33,
2449,32,Noida Sec 62 Site,2025-03-12,37,32,
2450,32,Noida Sec 62 Site,2025-03-13,25,21,
2451,32,Noida Sec 62 Site,2025-03-14,22,19,
2452,32,Noida Sec 62 Site,03-15-2025,42,36,
2453,32,Noida Sec 62 Site,2025-03-16,35,28,
2454,32,Noida Sec 62 Site,2025-03-17,39,33,
2455,32,Noida Sec 62 Site,2025-03-18,37,30,
2456,32,Noida Sec 62 Site,2025-03-19,34,27,
2457,32,Noida Sec 62 Site,2025-03-20,50,41,
2458,32,Noida Sec 62 Site,2025-03-21,39,31,
2459,32,Noida Sec 62 Site,2025-03-22,46,39,
2460,32,Noida Sec 62 Site,2025-03-23,46,38,
2461,32,Noida Sec 62 Site,2025-03-24,35,30,
2462,32,Noida Sec 62 Site,2025-03-25,21,17,
2463,32,Noida Sec 62 Site,2025-03-26,46,37,
2464,32,Noida Sec 62 Site,2025-03-27,38,33,
2465,32,Noida Sec 62 Site,2025-03-28,40,35,
2466,32,Noida Sec 62 Site,2025-03-29,44,35,
2467,32,Noida Sec 62 Site,03-30-2025,24,20,
2468,32,Noida Sec 62 Site,2025-03-31,29,24,
2469,32,Noida Sec 62 Site,01/04/2025,38,32,
2470,32,Noida Sec 62 Site,04-02-2025,26,22,
2471,32,Noida Sec 62 Site,2025-04-03,30,25,
2472,32,Noida Sec 62 Site,2025-04-04,45,40,
2473,32,Noida Sec 62 Site,2025-04-05,29,26,
2474,32,Noida Sec 62 Site,06/04/2025,49,41,
2475,32,Noida Sec 62 Site,2025-04-07,49,40,
2476,32,Noida Sec 62 Site,2025-04-08,22,19,
2477,32,Noida Sec 62 Site,2025-04-09,39,35,
2478,32,Noida Sec 62 Site,2025-04-10,32,28,
2479,32,Noida Sec 62 Site,11/04/2025,47,38,
2480,32,Noida Sec 62 Site,12/04/2025,31,27,
2481,32,Noida Sec 62 Site,2025-04-13,50,40,
2482,33,Noida Express Way Site,2025-02-18,37,28,
2483,33,Noida Express Way Site,02-19-2025,31,21,
2484,33,Noida Express Way Site,02-20-2025,29,22,
2485,33,Noida Express Way Site,2025-02-21,27,19,
2486,33,Noida Express Way Site,22/02/2025,38,27,
2487,33,Noida Express Way Site,02-23-2025,30,22,
2488,33,Noida Express Way Site,2025-02-24,32,23,
2489,33,Noida Express Way Site,02-25-2025,37,26,
2490,33,Noida Express Way Site,2025-02-26,25,18,
2491,33,Noida Express Way Site,02-27-2025,26,19,
2492,33,Noida Express Way Site,2025-02-28,46,35,
2493,33,Noida Express Way Site,2025-03-01,46,33,
2494,33,Noida Express Way Site,02/03/2025,29,22,
2495,33,Noida Express Way Site,03/03/2025,41,28,
2496,33,Noida Express Way Site,2025-03-04,20,14,
2497,33,Noida Express Way Site,05/03/2025,20,14,
2498,33,Noida Express Way Site,2025-03-06,48,35,
2499,33,Noida Express Way Site,2025-03-07,33,25,
2500,33,Noida Express Way Site,2025-03-08,24,16,
2501,33,Noida Express Way Site,2025-03-09,40,30,
2502,33,Noida Express Way Site,10/03/2025,47,34,
2503,33,Noida Express Way Site,2025-03-11,45,33,
2504,33,Noida Express Way Site,2025-03-12,49,35,
2505,33,Noida Express Way Site,2025-03-13,25,18,
2506,33,Noida Express Way Site,2025-03-14,33,24,
2507,33,Noida Express Way Site,2025-03-15,34,24,
2508,33,Noida Express Way Site,2025-03-16,27,19,
2509,33,Noida Express Way Site,03-17-2025,39,26,
2510,33,Noida Express Way Site,2025-03-18,35,27,
2511,33,Noida Express Way Site,2025-03-19,27,20,
2512,33,Noida Express Way Site,2025-03-20,28,20,
2513,33,Noida Express Way Site,2025-03-21,37,27,
2514,33,Noida Express Way Site,2025-03-22,21,16,
2515,33,Noida Express Way Site,03-23-2025,38,27,
2516,33,Noida Express Way Site,2025-03-24,31,21,
2517,33,Noida Express Way Site,25/03/2025,35,27,
2518,33,Noida Express Way Site,2025-03-26,22,15,
2519,33,Noida Express Way Site,03-27-2025,43,31,
2520,33,Noida Express Way Site,03-28-2025,47,36,
2521,33,Noida Express Way Site,2025-03-29,44,31,
2522,33,Noida Express Way Site,30/03/2025,36,25,
2523,33,Noida Express Way Site,2025-03-31,48,35,
2524,33,Noida Express Way Site,2025-04-01,27,19,
2525,33,Noida Express Way Site,02/04/2025,43,32,
2526,33,Noida Express Way Site,2025-04-03,41,28,
2527,33,Noida Express Way Site,2025-04-04,40,29,
2528,33,Noida Express Way Site,2025-04-05,38,27,
2529,33,Noida Express Way Site,2025-04-06,21,16,
2530,33,Noida Express Way Site,07/04/2025,37,28,
2531,33,Noida Express Way Site,2025-04-08,35,25,
2532,33,Noida Express Way Site,2025-04-09,48,35,
2533,33,Noida Express Way Site,2025-04-10,43,30,
2534,33,Noida Express Way Site,2025-04-11,31,24,
2535,33,Noida Express Way Site,04-12-2025,45,32,
2536,33,Noida Express Way Site,2025-04-13,25,17,
2537,33,Noida Express Way Site,2025-04-14,49,36,
2538,33,Noida Express Way Site,2025-04-15,29,22,
2539,33,Noida Express Way Site,2025-04-16,38,27,
2540,33,Noida Express Way Site,2025-04-17,40,29,
2541,33,Noida Express Way Site,2025-04-18,25,18,
2542,33,Noida Express Way Site,04-19-2025,41,32,
2543,33,Noida Express Way Site,20/04/2025,45,34,
2544,33,Noida Express Way Site,04-21-2025,20,14,
2545,33,Noida Express Way Site,2025-04-22,22,15,
2546,33,Noida Express Way Site,2025-04-23,22,17,
2547,33,Noida Express Way Site,2025-04-24,28,20,
2548,33,Noida Express Way Site,25/04/2025,39,27,
2549,33,Noida Express Way Site,2025-04-26,47,33,
2550,33,Noida Express Way Site,2025-04-27,43,29,
2551,33,Noida Express Way Site,2025-04-28,25,19,
2552,33,Noida Express Way Site,2025-04-29,43,30,
2553,33,Noida Express Way Site,2025-04-30,34,24,
2554,33,Noida Express Way Site,2025-05-01,25,17,
2555,33,Noida Express Way Site,02/05/2025,42,29,
2556,33,Noida Express Way Site,2025-05-03,25,19,
2557,33,Noida Express Way Site,2025-05-04,47,32,
2558,33,Noida Express Way Site,2025-05-05,22,17,
2559,33,Noida Express Way Site,05-06-2025,39,30,
2560,33,Noida Express Way Site,2025-05-07,24,18,
2561,33,Noida Express Way Site,08/05/2025,44,34,
2562,33,Noida Express Way Site,09/05/2025,44,31,
2563,33,Noida Express Way Site,2025-05-10,41,29,
2564,34,Greater Noida Depot,03-13-2025,25,19,
2565,34,Greater Noida Depot,2025-03-14,43,35,
2566,34,Greater Noida Depot,2025-03-15,21,17,
2567,34,Greater Noida Depot,2025-03-16,44,36,
2568,34,Greater Noida Depot,2025-03-17,21,16,
2569,34,Greater Noida Depot,03-18-2025,32,25,
2570,34,Greater Noida Depot,2025-03-19,35,28,
2571,34,Greater Noida Depot,20/03/2025,44,36,
2572,34,Greater Noida Depot,2025-03-21,27,21,
2573,34,Greater Noida Depot,2025-03-22,42,32,
2574,34,Greater Noida Depot,2025-03-23,28,21,
2575,34,Greater Noida Depot,03-24-2025,47,36,
2576,34,Greater Noida Depot,2025-03-25,29,24,
2577,34,Greater Noida Depot,2025-03-26,34,26,
2578,34,Greater Noida Depot,2025-03-27,30,25,
2579,34,Greater Noida Depot,2025-03-28,41,34,
2580,34,Greater Noida Depot,03-29-2025,23,19,
2581,34,Greater Noida Depot,2025-03-30,40,30,
2582,34,Greater Noida Depot,2025-03-31,47,36,
2583,34,Greater Noida Depot,2025-04-01,49,39,
2584,34,Greater Noida Depot,2025-04-02,28,21,
2585,34,Greater Noida Depot,03/04/2025,28,23,
2586,34,Greater Noida Depot,2025-04-04,28,22,
2587,34,Greater Noida Depot,2025-04-05,32,25,
2588,34,Greater Noida Depot,06/04/2025,41,33,
2589,34,Greater Noida Depot,2025-04-07,43,34,
2590,34,Greater Noida Depot,2025-04-08,44,33,
2591,34,Greater Noida Depot,2025-04-09,30,24,
2592,34,Greater Noida Depot,2025-04-10,25,19,
2593,34,Greater Noida Depot,2025-04-11,20,16,
2594,34,Greater Noida Depot,2025-04-12,46,34,
2595,34,Greater Noida Depot,2025-04-13,33,24,
2596,34,Greater Noida Depot,2025-04-14,23,18,
2597,34,Greater Noida Depot,04-15-2025,31,23,
2598,34,Greater Noida Depot,2025-04-16,29,22,
2599,34,Greater Noida Depot,17/04/2025,21,15,
2600,34,Greater Noida Depot,2025-04-18,22,16,
2601,34,Greater Noida Depot,19/04/2025,39,31,
2602,34,Greater Noida Depot,2025-04-20,46,34,
2603,34,Greater Noida Depot,2025-04-21,39,31,
2604,34,Greater Noida Depot,2025-04-22,42,35,
2605,34,Greater Noida Depot,23/04/2025,22,18,
2606,34,Greater Noida Depot,2025-04-24,24,18,
2607,34,Greater Noida Depot,2025-04-25,44,36,
2608,34,Greater Noida Depot,26/04/2025,38,31,
2609,34,Greater Noida Depot,2025-04-27,25,20,
2610,34,Greater Noida Depot,2025-04-28,42,31,
2611,34,Greater Noida Depot,29/04/2025,29,22,
2612,34,Greater Noida Depot,04-30-2025,49,36,
2613,34,Greater Noida Depot,2025-05-01,34,28,
2614,34,Greater Noida Depot,2025-05-02,28,22,
2615,34,Greater Noida Depot,2025-05-03,42,34,
2616,34,Greater Noida Depot,05-04-2025,44,35,
2617,34,Greater Noida Depot,2025-05-05,28,21,
2618,34,Greater Noida Depot,2025-05-06,22,17,
2619,34,Greater Noida Depot,2025-05-07,21,16,
2620,34,Greater Noida Depot,2025-05-08,30,25,
2621,34,Greater Noida Depot,2025-05-09,28,23,
2622,34,Greater Noida Depot,10/05/2025,28,21,
2623,34,Greater Noida Depot,2025-05-11,22,17,
2624,34,Greater Noida Depot,12/05/2025,49,37,
2625,34,Greater Noida Depot,2025-05-13,32,24,
2626,34,Greater Noida Depot,2025-05-14,35,26,
2627,34,Greater Noida Depot,2025-05-15,37,30,
2628,34,Greater Noida Depot,2025-05-16,26,20,
2629,34,Greater Noida Depot,2025-05-17,23,19,
2630,34,Greater Noida Depot,2025-05-18,42,32,
2631,34,Greater Noida Depot,2025-05-19,21,15,
2632,34,Greater Noida Depot,2025-05-20,38,30,
2633,34,Greater Noida Depot,2025-05-21,44,34,
2634,34,Greater Noida Depot,2025-05-22,48,37,
2635,34,Greater Noida Depot,2025-05-23,40,32,
2636,34,Greater Noida Depot,24/05/2025,49,36,
2637,34,Greater Noida Depot,05-25-2025,32,24,
2638,34,Greater Noida Depot,2025-05-26,42,32,
2639,34,Greater Noida Depot,05-27-2025,32,25,
2640,34,Greater Noida Depot,2025-05-28,36,29,
2641,34,Greater Noida Depot,2025-05-29,44,34,
2642,34,Greater Noida Depot,2025-05-30,33,25,
2643,34,Greater Noida Depot,2025-05-31,43,35,
2644,35,Noida Sec 150 Site,2025-03-11,22,17,
2645,35,Noida Sec 150 Site,2025-03-12,20,15,
2646,35,Noida Sec 150 Site,03-13-2025,42,34,
2647,35,Noida Sec 150 Site,2025-03-14,35,26,
2648,35,Noida Sec 150 Site,2025-03-15,37,30,
2649,35,Noida Sec 150 Site,2025-03-16,31,23,
2650,35,Noida Sec 150 Site,2025-03-17,29,22,
2651,35,Noida Sec 150 Site,2025-03-18,40,33,
2652,35,Noida Sec 150 Site,19/03/2025,40,29,
2653,35,Noida Sec 150 Site,2025-03-20,37,30,
2654,35,Noida Sec 150 Site,2025-03-21,30,22,
2655,35,Noida Sec 150 Site,2025-03-22,34,27,
2656,35,Noida Sec 150 Site,2025-03-23,29,23,
2657,35,Noida Sec 150 Site,2025-03-24,25,19,
2658,35,Noida Sec 150 Site,2025-03-25,50,38,
2659,35,Noida Sec 150 Site,26/03/2025,26,20,
2660,35,Noida Sec 150 Site,2025-03-27,32,26,
2661,35,Noida Sec 150 Site,2025-03-28,40,32,
2662,35,Noida Sec 150 Site,29/03/2025,35,26,
2663,35,Noida Sec 150 Site,03-30-2025,40,31,
2664,35,Noida Sec 150 Site,2025-03-31,26,19,
2665,35,Noida Sec 150 Site,04-01-2025,26,19,
2666,35,Noida Sec 150 Site,2025-04-02,38,28,
2667,35,Noida Sec 150 Site,2025-04-03,32,23,
2668,35,Noida Sec 150 Site,04-04-2025,37,29,
2669,35,Noida Sec 150 Site,2025-04-05,35,27,
2670,35,Noida Sec 150 Site,06/04/2025,46,37,
2671,35,Noida Sec 150 Site,2025-04-07,50,41,
2672,35,Noida Sec 150 Site,2025-04-08,21,16,
2673,35,Noida Sec 150 Site,2025-04-09,30,24,
2674,35,Noida Sec 150 Site,2025-04-10,21,16,
2675,35,Noida Sec 150 Site,2025-04-11,26,21,
2676,35,Noida Sec 150 Site,2025-04-12,41,32,
2677,35,Noida Sec 150 Site,13/04/2025,50,39,
2678,35,Noida Sec 150 Site,2025-04-14,47,36,
2679,35,Noida Sec 150 Site,04-15-2025,43,33,
2680,35,Noida Sec 150 Site,04-16-2025,49,36,
2681,35,Noida Sec 150 Site,2025-04-17,43,32,
2682,35,Noida Sec 150 Site,04-18-2025,40,29,
2683,35,Noida Sec 150 Site,2025-04-19,49,40,
2684,35,Noida Sec 150 Site,2025-04-20,21,16,
2685,35,Noida Sec 150 Site,2025-04-21,40,29,
2686,35,Noida Sec 150 Site,04-22-2025,25,20,
2687,35,Noida Sec 150 Site,2025-04-23,48,36,
2688,35,Noida Sec 150 Site,2025-04-24,45,33,
2689,35,Noida Sec 150 Site,25/04/2025,39,29,
2690,35,Noida Sec 150 Site,04-26-2025,38,28,
2691,35,Noida Sec 150 Site,2025-04-27,46,34,
2692,35,Noida Sec 150 Site,2025-04-28,35,27,
2693,35,Noida Sec 150 Site,2025-04-29,39,29,
2694,35,Noida Sec 150 Site,2025-04-30,45,33,
2695,35,Noida Sec 150 Site,2025-05-01,30,24,
2696,35,Noida Sec 150 Site,2025-05-02,43,34,
2697,35,Noida Sec 150 Site,2025-05-03,30,22,
2698,35,Noida Sec 150 Site,05-04-2025,41,32,
2699,35,Noida Sec 150 Site,2025-05-05,24,18,
2700,35,Noida Sec 150 Site,05-06-2025,50,40,
2701,35,Noida Sec 150 Site,2025-05-07,44,32,
2702,35,Noida Sec 150 Site,2025-05-08,25,19,
2703,35,Noida Sec 150 Site,2025-05-09,23,17,
2704,35,Noida Sec 150 Site,2025-05-10,44,34,
2705,35,Noida Sec 150 Site,11/05/2025,42,32,
2706,35,Noida Sec 150 Site,2025-05-12,25,19,
2707,35,Noida Sec 150 Site,2025-05-13,49,38,
2708,35,Noida Sec 150 Site,05-14-2025,24,18,
2709,35,Noida Sec 150 Site,2025-05-15,47,37,
2710,35,Noida Sec 150 Site,2025-05-16,32,26,
2711,35,Noida Sec 150 Site,2025-05-17,20,16,
2712,35,Noida Sec 150 Site,18/05/2025,22,16,
2713,35,Noida Sec 150 Site,2025-05-19,25,20,
2714,35,Noida Sec 150 Site,2025-05-20,42,33,
2715,35,Noida Sec 150 Site,2025-05-21,48,36,
2716,35,Noida Sec 150 Site,2025-05-22,42,34,
2717,35,Noida Sec 150 Site,2025-05-23,44,34,
2718,35,Noida Sec 150 Site,2025-05-24,24,18,
2719,35,Noida Sec 150 Site,05-25-2025,40,30,
2720,35,Noida Sec 150 Site,2025-05-26,34,26,
2721,35,Noida Sec 150 Site,2025-05-27,50,37,
2722,35,Noida Sec 150 Site,05-28-2025,42,30,
2723,35,Noida Sec 150 Site,29/05/2025,25,20,
2724,35,Noida Sec 150 Site,2025-05-30,39,32,
2725,35,Noida Sec 150 Site,2025-05-31,40,32,
2726,35,Noida Sec 150 Site,2025-06-01,29,22,
2727,35,Noida Sec 150 Site,02/06/2025,20,16,
2728,35,Noida Sec 150 Site,2025-06-03,26,19,
999,13,Noida Express Way Site,2025-04-15,48,38,
2725,35,Noida Sec 150 Site,2025-05-31,40,32,
2043,26,Greater Noida Depot,2025-03-28,33,26,
942,13,Noida Express Way Site,2025-02-17,20,17,
74,2,Greater Noida Depot,23/01/2025,27,22,
2138,28,Noida Sec 62 Site,2025-04-10,39,32,
240,4,Noida Sec 62 Site,2025-02-20,29,24,
2553,33,Noida Express Way Site,2025-04-30,34,24,
2094,27,Noida Sec 150 Site,26/02/2025,32,25,
1602,21,Noida Express Way Site,2025-02-23,21,17,
568,8,Noida Sec 62 Site,2025-01-29,41,36,
1926,25,Noida Express Way Site,2025-04-02,33,26,
803,11,Noida Sec 150 Site,2025-03-18,21,18,
2692,35,Noida Sec 150 Site,2025-04-28,35,27,
1226,16,Noida Sec 62 Site,2025-02-26,25,17,
1779,23,Noida Sec 150 Site,01/04/2025,35,26,
1015,14,Greater Noida Depot,2025-02-02,50,42,
912,12,Noida Sec 62 Site,2025-04-23,35,26,
176,3,Noida Sec 150 Site,10/03/2025,33,26,
486,7,Noida Sec 150 Site,2025-02-10,22,19,
2166,28,Noida Sec 62 Site,2025-05-08,30,27,
2482,33,Noida Express Way Site,2025-02-18,37,28,
271,4,Noida Sec 62 Site,2025-03-23,50,41,
464,6,Greater Noida Depot,2025-04-10,22,19,
394,6,Greater Noida Depot,30/01/2025,33,28,
1622,21,Noida Express Way Site,2025-03-15,31,27,
2631,34,Greater Noida Depot,2025-05-19,21,15,
1450,19,Noida Sec 150 Site,2025-02-18,24,19,
963,13,Noida Express Way Site,2025-03-10,32,26,
423,6,Greater Noida Depot,2025-02-28,49,44,
1457,19,Noida Sec 150 Site,25/02/2025,42,35,
412,6,Greater Noida Depot,2025-02-17,40,38,
768,11,Noida Sec 150 Site,2025-02-11,36,31,
1897,25,Noida Express Way Site,2025-03-04,20,17,
2588,34,Greater Noida Depot,06/04/2025,41,33,
2153,28,Noida Sec 62 Site,2025-04-25,42,34,
1747,23,Noida Sec 150 Site,2025-02-28,45,33,
1421,18,Greater Noida Depot,2025-04-04,23,17,
813,11,Noida Sec 150 Site,03-28-2025,25,23,
388,6,Greater Noida Depot,2025-01-24,28,25,
762,10,Greater Noida Depot,16/04/2025,25,21,
545,7,Noida Sec 150 Site,2025-04-10,33,31,
1190,16,Noida Sec 62 Site,2025-01-21,29,21,
81,2,Greater Noida Depot,2025-01-30,36,31,
2522,33,Noida Express Way Site,30/03/2025,36,25,
319,5,Noida Express Way Site,03-17-2025,27,24,
297,5,Noida Express Way Site,2025-02-23,29,25,
789,11,Noida Sec 150 Site,2025-03-04,24,21,
2195,29,Noida Express Way Site,2025-04-01,26,23,
860,12,Noida Sec 62 Site,03-02-2025,30,25,
1984,26,Greater Noida Depot,28/01/2025,25,18,
2549,33,Noida Express Way Site,2025-04-26,47,33,
1186,16,Noida Sec 62 Site,2025-01-17,31,22,
1939,25,Noida Express Way Site,15/04/2025,44,37,
1609,21,Noida Express Way Site,2025-03-02,32,27,
